filepath,filename,label,label_idx,is_mixup,source_1,source_2,group_1,group_2,group_id,n_groups,snr_db,noise_kind,variant_idx
C:\Users\Cengiz\Desktop\inosens-internship\dataset\synthetic_dataset\chain_link_climbing\138250__hupguy__chain-fence-hit_sequence-01r_snr10dB_pink_v19_spectrogram.png,138250__hupguy__chain-fence-hit_sequence-01r_snr10dB_pink_v19_spectrogram.png,chain_link_climbing,0,False,138250__hupguy__chain-fence-hit_sequence-01r,,138250__hupguy__chain-fence-hit_sequence-01r,,138250__hupguy__chain-fence-hit_sequence-01r,1,10,pink,19
C:\Users\Cengiz\Desktop\inosens-internship\dataset\synthetic_dataset\chain_link_climbing\138250__hupguy__chain-fence-hit_sequence-01r_snr10dB_pink_v7_spectrogram.png,138250__hupguy__chain-fence-hit_sequence-01r_snr10dB_pink_v7_spectrogram.png,chain_link_climbing,0,False,138250__hupguy__chain-fence-hit_sequence-01r,,138250__hupguy__chain-fence-hit_sequence-01r,,138250__hupguy__chain-fence-hit_sequence-01r,1,10,pink,7
C:\Users\Cengiz\Desktop\inosens-internship\dataset\synthetic_dataset\chain_link_climbing\138250__hupguy__chain-fence-hit_sequence-01r_snr10dB_white_v13_spectrogram.png,138250__hupguy__chain-fence-hit_sequence-01r_snr10dB_white_v13_spectrogram.png,chain_link_climbing,0,False,138250__hupguy__chain-fence-hit_sequence-01r,,138250__hupguy__chain-fence-hit_sequence-01r,,138250__hupguy__chain-fence-hit_sequence-01r,1,10,white,13
C:\Users\Cengiz\Desktop\inosens-internship\dataset\synthetic_dataset\chain_link_climbing\138250__hupguy__chain-fence-hit_sequence-01r_snr10dB_white_v25_spectrogram.png,138250__hupguy__chain-fence-hit_sequence-01r_snr10dB_white_v25_spectrogram.png,chain_link_climbing,0,False,138250__hupguy__chain-fence-hit_sequence-01r,,138250__hupguy__chain-fence-hit_sequence-01r,,138250__hupguy__chain-fence-hit_sequence-01r,1,10,white,25
C:\Users\Cengiz\Desktop\inosens-internship\dataset\synthetic_dataset\chain_link_climbing\138250__hupguy__chain-fence-hit_sequence-01r_snr12dB_pink_v10_spectrogram.png,138250__hupguy__chain-fence-hit_sequence-01r_snr12dB_pink_v10_spectrogram.png,chain_link_climbing,0,False,138250__hupguy__chain-fence-hit_sequence-01r,,138250__hupguy__chain-fence-hit_sequence-01r,,138250__hupguy__chain-fence-hit_sequence-01r,1,12,pink,10
C:\Users\Cengiz\Desktop\inosens-internship\dataset\synthetic_dataset\chain_link_climbing\138250__hupguy__chain-fence-hit_sequence-01r_snr12dB_white_v11_spectrogram.png,138250__hupguy__chain-fence-hit_sequence-01r_snr12dB_white_v11_spectrogram.png,chain_link_climbing,0,False,138250__hupguy__chain-fence-hit_sequence-01r,,138250__hupguy__chain-fence-hit_sequence-01r,,138250__hupguy__chain-fence-hit_sequence-01r,1,12,white,11
C:\Users\Cengiz\Desktop\inosens-internship\dataset\synthetic_dataset\chain_link_climbing\138250__hupguy__chain-fence-hit_sequence-01r_snr12dB_white_v3_spectrogram.png,138250__hupguy__chain-fence-hit_sequence-01r_snr12dB_white_v3_spectrogram.png,chain_link_climbing,0,False,138250__hupguy__chain-fence-hit_sequence-01r,,138250__hupguy__chain-fence-hit_sequence-01r,,138250__hupguy__chain-fence-hit_sequence-01r,1,12,white,3
C:\Users\Cengiz\Desktop\inosens-internship\dataset\synthetic_dataset\chain_link_climbing\138250__hupguy__chain-fence-hit_sequence-01r_snr15dB_pink_v1_spectrogram.png,138250__hupguy__chain-fence-hit_sequence-01r_snr15dB_pink_v1_spectrogram.png,chain_link_climbing,0,False,138250__hupguy__chain-fence-hit_sequence-01r,,138250__hupguy__chain-fence-hit_sequence-01r,,138250__hupguy__chain-fence-hit_sequence-01r,1,15,pink,1
C:\Users\Cengiz\Desktop\inosens-internship\dataset\synthetic_dataset\chain_link_climbing\138250__hupguy__chain-fence-hit_sequence-01r_snr1dB_pink_v21_spectrogram.png,138250__hupguy__chain-fence-hit_sequence-01r_snr1dB_pink_v21_spectrogram.png,chain_link_climbing,0,False,138250__hupguy__chain-fence-hit_sequence-01r,,138250__hupguy__chain-fence-hit_sequence-01r,,138250__hupguy__chain-fence-hit_sequence-01r,1,1,pink,21
C:\Users\Cengiz\Desktop\inosens-internship\dataset\synthetic_dataset\chain_link_climbing\138250__hupguy__chain-fence-hit_sequence-01r_snr1dB_pink_v24_spectrogram.png,138250__hupguy__chain-fence-hit_sequence-01r_snr1dB_pink_v24_spectrogram.png,chain_link_climbing,0,False,138250__hupguy__chain-fence-hit_sequence-01r,,138250__hupguy__chain-fence-hit_sequence-01r,,138250__hupguy__chain-fence-hit_sequence-01r,1,1,pink,24
C:\Users\Cengiz\Desktop\inosens-internship\dataset\synthetic_dataset\chain_link_climbing\138250__hupguy__chain-fence-hit_sequence-01r_snr1dB_white_v4_spectrogram.png,138250__hupguy__chain-fence-hit_sequence-01r_snr1dB_white_v4_spectrogram.png,chain_link_climbing,0,False,138250__hupguy__chain-fence-hit_sequence-01r,,138250__hupguy__chain-fence-hit_sequence-01r,,138250__hupguy__chain-fence-hit_sequence-01r,1,1,white,4
C:\Users\Cengiz\Desktop\inosens-internship\dataset\synthetic_dataset\chain_link_climbing\138250__hupguy__chain-fence-hit_sequence-01r_snr2dB_white_v12_spectrogram.png,138250__hupguy__chain-fence-hit_sequence-01r_snr2dB_white_v12_spectrogram.png,chain_link_climbing,0,False,138250__hupguy__chain-fence-hit_sequence-01r,,138250__hupguy__chain-fence-hit_sequence-01r,,138250__hupguy__chain-fence-hit_sequence-01r,1,2,white,12
C:\Users\Cengiz\Desktop\inosens-internship\dataset\synthetic_dataset\chain_link_climbing\138250__hupguy__chain-fence-hit_sequence-01r_snr3dB_white_v6_spectrogram.png,138250__hupguy__chain-fence-hit_sequence-01r_snr3dB_white_v6_spectrogram.png,chain_link_climbing,0,False,138250__hupguy__chain-fence-hit_sequence-01r,,138250__hupguy__chain-fence-hit_sequence-01r,,138250__hupguy__chain-fence-hit_sequence-01r,1,3,white,6
C:\Users\Cengiz\Desktop\inosens-internship\dataset\synthetic_dataset\chain_link_climbing\138250__hupguy__chain-fence-hit_sequence-01r_snr4dB_white_v18_spectrogram.png,138250__hupguy__chain-fence-hit_sequence-01r_snr4dB_white_v18_spectrogram.png,chain_link_climbing,0,False,138250__hupguy__chain-fence-hit_sequence-01r,,138250__hupguy__chain-fence-hit_sequence-01r,,138250__hupguy__chain-fence-hit_sequence-01r,1,4,white,18
C:\Users\Cengiz\Desktop\inosens-internship\dataset\synthetic_dataset\chain_link_climbing\138250__hupguy__chain-fence-hit_sequence-01r_snr5dB_white_v5_spectrogram.png,138250__hupguy__chain-fence-hit_sequence-01r_snr5dB_white_v5_spectrogram.png,chain_link_climbing,0,False,138250__hupguy__chain-fence-hit_sequence-01r,,138250__hupguy__chain-fence-hit_sequence-01r,,138250__hupguy__chain-fence-hit_sequence-01r,1,5,white,5
C:\Users\Cengiz\Desktop\inosens-internship\dataset\synthetic_dataset\chain_link_climbing\138250__hupguy__chain-fence-hit_sequence-01r_snr6dB_pink_v23_spectrogram.png,138250__hupguy__chain-fence-hit_sequence-01r_snr6dB_pink_v23_spectrogram.png,chain_link_climbing,0,False,138250__hupguy__chain-fence-hit_sequence-01r,,138250__hupguy__chain-fence-hit_sequence-01r,,138250__hupguy__chain-fence-hit_sequence-01r,1,6,pink,23
C:\Users\Cengiz\Desktop\inosens-internship\dataset\synthetic_dataset\chain_link_climbing\138250__hupguy__chain-fence-hit_sequence-01r_snr6dB_pink_v8_spectrogram.png,138250__hupguy__chain-fence-hit_sequence-01r_snr6dB_pink_v8_spectrogram.png,chain_link_climbing,0,False,138250__hupguy__chain-fence-hit_sequence-01r,,138250__hupguy__chain-fence-hit_sequence-01r,,138250__hupguy__chain-fence-hit_sequence-01r,1,6,pink,8
C:\Users\Cengiz\Desktop\inosens-internship\dataset\synthetic_dataset\chain_link_climbing\138250__hupguy__chain-fence-hit_sequence-01r_snr6dB_white_v20_spectrogram.png,138250__hupguy__chain-fence-hit_sequence-01r_snr6dB_white_v20_spectrogram.png,chain_link_climbing,0,False,138250__hupguy__chain-fence-hit_sequence-01r,,138250__hupguy__chain-fence-hit_sequence-01r,,138250__hupguy__chain-fence-hit_sequence-01r,1,6,white,20
C:\Users\Cengiz\Desktop\inosens-internship\dataset\synthetic_dataset\chain_link_climbing\138250__hupguy__chain-fence-hit_sequence-01r_snr7dB_pink_v17_spectrogram.png,138250__hupguy__chain-fence-hit_sequence-01r_snr7dB_pink_v17_spectrogram.png,chain_link_climbing,0,False,138250__hupguy__chain-fence-hit_sequence-01r,,138250__hupguy__chain-fence-hit_sequence-01r,,138250__hupguy__chain-fence-hit_sequence-01r,1,7,pink,17
C:\Users\Cengiz\Desktop\inosens-internship\dataset\synthetic_dataset\chain_link_climbing\138250__hupguy__chain-fence-hit_sequence-01r_snr7dB_pink_v2_spectrogram.png,138250__hupguy__chain-fence-hit_sequence-01r_snr7dB_pink_v2_spectrogram.png,chain_link_climbing,0,False,138250__hupguy__chain-fence-hit_sequence-01r,,138250__hupguy__chain-fence-hit_sequence-01r,,138250__hupguy__chain-fence-hit_sequence-01r,1,7,pink,2
C:\Users\Cengiz\Desktop\inosens-internship\dataset\synthetic_dataset\chain_link_climbing\138250__hupguy__chain-fence-hit_sequence-01r_snr7dB_pink_v9_spectrogram.png,138250__hupguy__chain-fence-hit_sequence-01r_snr7dB_pink_v9_spectrogram.png,chain_link_climbing,0,False,138250__hupguy__chain-fence-hit_sequence-01r,,138250__hupguy__chain-fence-hit_sequence-01r,,138250__hupguy__chain-fence-hit_sequence-01r,1,7,pink,9
C:\Users\Cengiz\Desktop\inosens-internship\dataset\synthetic_dataset\chain_link_climbing\138250__hupguy__chain-fence-hit_sequence-01r_snr7dB_white_v0_spectrogram.png,138250__hupguy__chain-fence-hit_sequence-01r_snr7dB_white_v0_spectrogram.png,chain_link_climbing,0,False,138250__hupguy__chain-fence-hit_sequence-01r,,138250__hupguy__chain-fence-hit_sequence-01r,,138250__hupguy__chain-fence-hit_sequence-01r,1,7,white,0
C:\Users\Cengiz\Desktop\inosens-internship\dataset\synthetic_dataset\chain_link_climbing\138250__hupguy__chain-fence-hit_sequence-01r_snr7dB_white_v15_spectrogram.png,138250__hupguy__chain-fence-hit_sequence-01r_snr7dB_white_v15_spectrogram.png,chain_link_climbing,0,False,138250__hupguy__chain-fence-hit_sequence-01r,,138250__hupguy__chain-fence-hit_sequence-01r,,138250__hupguy__chain-fence-hit_sequence-01r,1,7,white,15
C:\Users\Cengiz\Desktop\inosens-internship\dataset\synthetic_dataset\chain_link_climbing\138250__hupguy__chain-fence-hit_sequence-01r_snr8dB_pink_v22_spectrogram.png,138250__hupguy__chain-fence-hit_sequence-01r_snr8dB_pink_v22_spectrogram.png,chain_link_climbing,0,False,138250__hupguy__chain-fence-hit_sequence-01r,,138250__hupguy__chain-fence-hit_sequence-01r,,138250__hupguy__chain-fence-hit_sequence-01r,1,8,pink,22
C:\Users\Cengiz\Desktop\inosens-internship\dataset\synthetic_dataset\chain_link_climbing\138250__hupguy__chain-fence-hit_sequence-01r_snr8dB_white_v16_spectrogram.png,138250__hupguy__chain-fence-hit_sequence-01r_snr8dB_white_v16_spectrogram.png,chain_link_climbing,0,False,138250__hupguy__chain-fence-hit_sequence-01r,,138250__hupguy__chain-fence-hit_sequence-01r,,138250__hupguy__chain-fence-hit_sequence-01r,1,8,white,16
C:\Users\Cengiz\Desktop\inosens-internship\dataset\synthetic_dataset\chain_link_climbing\138250__hupguy__chain-fence-hit_sequence-01r_snr9dB_pink_v14_spectrogram.png,138250__hupguy__chain-fence-hit_sequence-01r_snr9dB_pink_v14_spectrogram.png,chain_link_climbing,0,False,138250__hupguy__chain-fence-hit_sequence-01r,,138250__hupguy__chain-fence-hit_sequence-01r,,138250__hupguy__chain-fence-hit_sequence-01r,1,9,pink,14
C:\Users\Cengiz\Desktop\inosens-internship\dataset\synthetic_dataset\chain_link_climbing\189219__starvolt__fence-rattle-1-rear_snr0dB_white_v8_spectrogram.png,189219__starvolt__fence-rattle-1-rear_snr0dB_white_v8_spectrogram.png,chain_link_climbing,0,False,189219__starvolt__fence-rattle-1-rear,,starvolt__fence-rattle-1,,starvolt__fence-rattle-1,1,0,white,8
C:\Users\Cengiz\Desktop\inosens-internship\dataset\synthetic_dataset\chain_link_climbing\189219__starvolt__fence-rattle-1-rear_snr10dB_pink_v13_spectrogram.png,189219__starvolt__fence-rattle-1-rear_snr10dB_pink_v13_spectrogram.png,chain_link_climbing,0,False,189219__starvolt__fence-rattle-1-rear,,starvolt__fence-rattle-1,,starvolt__fence-rattle-1,1,10,pink,13
C:\Users\Cengiz\Desktop\inosens-internship\dataset\synthetic_dataset\chain_link_climbing\189219__starvolt__fence-rattle-1-rear_snr11dB_white_v19_spectrogram.png,189219__starvolt__fence-rattle-1-rear_snr11dB_white_v19_spectrogram.png,chain_link_climbing,0,False,189219__starvolt__fence-rattle-1-rear,,starvolt__fence-rattle-1,,starvolt__fence-rattle-1,1,11,white,19
C:\Users\Cengiz\Desktop\inosens-internship\dataset\synthetic_dataset\chain_link_climbing\189219__starvolt__fence-rattle-1-rear_snr12dB_white_v14_spectrogram.png,189219__starvolt__fence-rattle-1-rear_snr12dB_white_v14_spectrogram.png,chain_link_climbing,0,False,189219__starvolt__fence-rattle-1-rear,,starvolt__fence-rattle-1,,starvolt__fence-rattle-1,1,12,white,14
C:\Users\Cengiz\Desktop\inosens-internship\dataset\synthetic_dataset\chain_link_climbing\189219__starvolt__fence-rattle-1-rear_snr12dB_white_v16_spectrogram.png,189219__starvolt__fence-rattle-1-rear_snr12dB_white_v16_spectrogram.png,chain_link_climbing,0,False,189219__starvolt__fence-rattle-1-rear,,starvolt__fence-rattle-1,,starvolt__fence-rattle-1,1,12,white,16
C:\Users\Cengiz\Desktop\inosens-internship\dataset\synthetic_dataset\chain_link_climbing\189219__starvolt__fence-rattle-1-rear_snr13dB_pink_v3_spectrogram.png,189219__starvolt__fence-rattle-1-rear_snr13dB_pink_v3_spectrogram.png,chain_link_climbing,0,False,189219__starvolt__fence-rattle-1-rear,,starvolt__fence-rattle-1,,starvolt__fence-rattle-1,1,13,pink,3
C:\Users\Cengiz\Desktop\inosens-internship\dataset\synthetic_dataset\chain_link_climbing\189219__starvolt__fence-rattle-1-rear_snr13dB_white_v12_spectrogram.png,189219__starvolt__fence-rattle-1-rear_snr13dB_white_v12_spectrogram.png,chain_link_climbing,0,False,189219__starvolt__fence-rattle-1-rear,,starvolt__fence-rattle-1,,starvolt__fence-rattle-1,1,13,white,12
C:\Users\Cengiz\Desktop\inosens-internship\dataset\synthetic_dataset\chain_link_climbing\189219__starvolt__fence-rattle-1-rear_snr14dB_pink_v7_spectrogram.png,189219__starvolt__fence-rattle-1-rear_snr14dB_pink_v7_spectrogram.png,chain_link_climbing,0,False,189219__starvolt__fence-rattle-1-rear,,starvolt__fence-rattle-1,,starvolt__fence-rattle-1,1,14,pink,7
C:\Users\Cengiz\Desktop\inosens-internship\dataset\synthetic_dataset\chain_link_climbing\189219__starvolt__fence-rattle-1-rear_snr15dB_pink_v0_spectrogram.png,189219__starvolt__fence-rattle-1-rear_snr15dB_pink_v0_spectrogram.png,chain_link_climbing,0,False,189219__starvolt__fence-rattle-1-rear,,starvolt__fence-rattle-1,,starvolt__fence-rattle-1,1,15,pink,0
C:\Users\Cengiz\Desktop\inosens-internship\dataset\synthetic_dataset\chain_link_climbing\189219__starvolt__fence-rattle-1-rear_snr1dB_pink_v15_spectrogram.png,189219__starvolt__fence-rattle-1-rear_snr1dB_pink_v15_spectrogram.png,chain_link_climbing,0,False,189219__starvolt__fence-rattle-1-rear,,starvolt__fence-rattle-1,,starvolt__fence-rattle-1,1,1,pink,15
C:\Users\Cengiz\Desktop\inosens-internship\dataset\synthetic_dataset\chain_link_climbing\189219__starvolt__fence-rattle-1-rear_snr1dB_pink_v18_spectrogram.png,189219__starvolt__fence-rattle-1-rear_snr1dB_pink_v18_spectrogram.png,chain_link_climbing,0,False,189219__starvolt__fence-rattle-1-rear,,starvolt__fence-rattle-1,,starvolt__fence-rattle-1,1,1,pink,18
C:\Users\Cengiz\Desktop\inosens-internship\dataset\synthetic_dataset\chain_link_climbing\189219__starvolt__fence-rattle-1-rear_snr1dB_pink_v21_spectrogram.png,189219__starvolt__fence-rattle-1-rear_snr1dB_pink_v21_spectrogram.png,chain_link_climbing,0,False,189219__starvolt__fence-rattle-1-rear,,starvolt__fence-rattle-1,,starvolt__fence-rattle-1,1,1,pink,21
C:\Users\Cengiz\Desktop\inosens-internship\dataset\synthetic_dataset\chain_link_climbing\189219__starvolt__fence-rattle-1-rear_snr1dB_white_v9_spectrogram.png,189219__starvolt__fence-rattle-1-rear_snr1dB_white_v9_spectrogram.png,chain_link_climbing,0,False,189219__starvolt__fence-rattle-1-rear,,starvolt__fence-rattle-1,,starvolt__fence-rattle-1,1,1,white,9
C:\Users\Cengiz\Desktop\inosens-internship\dataset\synthetic_dataset\chain_link_climbing\189219__starvolt__fence-rattle-1-rear_snr2dB_pink_v6_spectrogram.png,189219__starvolt__fence-rattle-1-rear_snr2dB_pink_v6_spectrogram.png,chain_link_climbing,0,False,189219__starvolt__fence-rattle-1-rear,,starvolt__fence-rattle-1,,starvolt__fence-rattle-1,1,2,pink,6
C:\Users\Cengiz\Desktop\inosens-internship\dataset\synthetic_dataset\chain_link_climbing\189219__starvolt__fence-rattle-1-rear_snr2dB_white_v25_spectrogram.png,189219__starvolt__fence-rattle-1-rear_snr2dB_white_v25_spectrogram.png,chain_link_climbing,0,False,189219__starvolt__fence-rattle-1-rear,,starvolt__fence-rattle-1,,starvolt__fence-rattle-1,1,2,white,25
C:\Users\Cengiz\Desktop\inosens-internship\dataset\synthetic_dataset\chain_link_climbing\189219__starvolt__fence-rattle-1-rear_snr3dB_pink_v23_spectrogram.png,189219__starvolt__fence-rattle-1-rear_snr3dB_pink_v23_spectrogram.png,chain_link_climbing,0,False,189219__starvolt__fence-rattle-1-rear,,starvolt__fence-rattle-1,,starvolt__fence-rattle-1,1,3,pink,23
C:\Users\Cengiz\Desktop\inosens-internship\dataset\synthetic_dataset\chain_link_climbing\189219__starvolt__fence-rattle-1-rear_snr3dB_pink_v2_spectrogram.png,189219__starvolt__fence-rattle-1-rear_snr3dB_pink_v2_spectrogram.png,chain_link_climbing,0,False,189219__starvolt__fence-rattle-1-rear,,starvolt__fence-rattle-1,,starvolt__fence-rattle-1,1,3,pink,2
C:\Users\Cengiz\Desktop\inosens-internship\dataset\synthetic_dataset\chain_link_climbing\189219__starvolt__fence-rattle-1-rear_snr4dB_pink_v1_spectrogram.png,189219__starvolt__fence-rattle-1-rear_snr4dB_pink_v1_spectrogram.png,chain_link_climbing,0,False,189219__starvolt__fence-rattle-1-rear,,starvolt__fence-rattle-1,,starvolt__fence-rattle-1,1,4,pink,1
C:\Users\Cengiz\Desktop\inosens-internship\dataset\synthetic_dataset\chain_link_climbing\189219__starvolt__fence-rattle-1-rear_snr4dB_white_v22_spectrogram.png,189219__starvolt__fence-rattle-1-rear_snr4dB_white_v22_spectrogram.png,chain_link_climbing,0,False,189219__starvolt__fence-rattle-1-rear,,starvolt__fence-rattle-1,,starvolt__fence-rattle-1,1,4,white,22
C:\Users\Cengiz\Desktop\inosens-internship\dataset\synthetic_dataset\chain_link_climbing\189219__starvolt__fence-rattle-1-rear_snr5dB_pink_v24_spectrogram.png,189219__starvolt__fence-rattle-1-rear_snr5dB_pink_v24_spectrogram.png,chain_link_climbing,0,False,189219__starvolt__fence-rattle-1-rear,,starvolt__fence-rattle-1,,starvolt__fence-rattle-1,1,5,pink,24
C:\Users\Cengiz\Desktop\inosens-internship\dataset\synthetic_dataset\chain_link_climbing\189219__starvolt__fence-rattle-1-rear_snr5dB_white_v20_spectrogram.png,189219__starvolt__fence-rattle-1-rear_snr5dB_white_v20_spectrogram.png,chain_link_climbing,0,False,189219__starvolt__fence-rattle-1-rear,,starvolt__fence-rattle-1,,starvolt__fence-rattle-1,1,5,white,20
C:\Users\Cengiz\Desktop\inosens-internship\dataset\synthetic_dataset\chain_link_climbing\189219__starvolt__fence-rattle-1-rear_snr6dB_pink_v5_spectrogram.png,189219__starvolt__fence-rattle-1-rear_snr6dB_pink_v5_spectrogram.png,chain_link_climbing,0,False,189219__starvolt__fence-rattle-1-rear,,starvolt__fence-rattle-1,,starvolt__fence-rattle-1,1,6,pink,5
C:\Users\Cengiz\Desktop\inosens-internship\dataset\synthetic_dataset\chain_link_climbing\189219__starvolt__fence-rattle-1-rear_snr8dB_pink_v11_spectrogram.png,189219__starvolt__fence-rattle-1-rear_snr8dB_pink_v11_spectrogram.png,chain_link_climbing,0,False,189219__starvolt__fence-rattle-1-rear,,starvolt__fence-rattle-1,,starvolt__fence-rattle-1,1,8,pink,11
C:\Users\Cengiz\Desktop\inosens-internship\dataset\synthetic_dataset\chain_link_climbing\189219__starvolt__fence-rattle-1-rear_snr8dB_pink_v17_spectrogram.png,189219__starvolt__fence-rattle-1-rear_snr8dB_pink_v17_spectrogram.png,chain_link_climbing,0,False,189219__starvolt__fence-rattle-1-rear,,starvolt__fence-rattle-1,,starvolt__fence-rattle-1,1,8,pink,17
C:\Users\Cengiz\Desktop\inosens-internship\dataset\synthetic_dataset\chain_link_climbing\189219__starvolt__fence-rattle-1-rear_snr9dB_pink_v4_spectrogram.png,189219__starvolt__fence-rattle-1-rear_snr9dB_pink_v4_spectrogram.png,chain_link_climbing,0,False,189219__starvolt__fence-rattle-1-rear,,starvolt__fence-rattle-1,,starvolt__fence-rattle-1,1,9,pink,4
C:\Users\Cengiz\Desktop\inosens-internship\dataset\synthetic_dataset\chain_link_climbing\189219__starvolt__fence-rattle-1-rear_snr9dB_white_v10_spectrogram.png,189219__starvolt__fence-rattle-1-rear_snr9dB_white_v10_spectrogram.png,chain_link_climbing,0,False,189219__starvolt__fence-rattle-1-rear,,starvolt__fence-rattle-1,,starvolt__fence-rattle-1,1,9,white,10
C:\Users\Cengiz\Desktop\inosens-internship\dataset\synthetic_dataset\chain_link_climbing\189220__starvolt__fence-rattle-1-front_snr0dB_pink_v16_spectrogram.png,189220__starvolt__fence-rattle-1-front_snr0dB_pink_v16_spectrogram.png,chain_link_climbing,0,False,189220__starvolt__fence-rattle-1-front,,starvolt__fence-rattle-1,,starvolt__fence-rattle-1,1,0,pink,16
C:\Users\Cengiz\Desktop\inosens-internship\dataset\synthetic_dataset\chain_link_climbing\189220__starvolt__fence-rattle-1-front_snr12dB_pink_v14_spectrogram.png,189220__starvolt__fence-rattle-1-front_snr12dB_pink_v14_spectrogram.png,chain_link_climbing,0,False,189220__starvolt__fence-rattle-1-front,,starvolt__fence-rattle-1,,starvolt__fence-rattle-1,1,12,pink,14
C:\Users\Cengiz\Desktop\inosens-internship\dataset\synthetic_dataset\chain_link_climbing\189220__starvolt__fence-rattle-1-front_snr12dB_pink_v2_spectrogram.png,189220__starvolt__fence-rattle-1-front_snr12dB_pink_v2_spectrogram.png,chain_link_climbing,0,False,189220__starvolt__fence-rattle-1-front,,starvolt__fence-rattle-1,,starvolt__fence-rattle-1,1,12,pink,2
C:\Users\Cengiz\Desktop\inosens-internship\dataset\synthetic_dataset\chain_link_climbing\189220__starvolt__fence-rattle-1-front_snr12dB_pink_v8_spectrogram.png,189220__starvolt__fence-rattle-1-front_snr12dB_pink_v8_spectrogram.png,chain_link_climbing,0,False,189220__starvolt__fence-rattle-1-front,,starvolt__fence-rattle-1,,starvolt__fence-rattle-1,1,12,pink,8
C:\Users\Cengiz\Desktop\inosens-internship\dataset\synthetic_dataset\chain_link_climbing\189220__starvolt__fence-rattle-1-front_snr12dB_white_v23_spectrogram.png,189220__starvolt__fence-rattle-1-front_snr12dB_white_v23_spectrogram.png,chain_link_climbing,0,False,189220__starvolt__fence-rattle-1-front,,starvolt__fence-rattle-1,,starvolt__fence-rattle-1,1,12,white,23
C:\Users\Cengiz\Desktop\inosens-internship\dataset\synthetic_dataset\chain_link_climbing\189220__starvolt__fence-rattle-1-front_snr12dB_white_v9_spectrogram.png,189220__starvolt__fence-rattle-1-front_snr12dB_white_v9_spectrogram.png,chain_link_climbing,0,False,189220__starvolt__fence-rattle-1-front,,starvolt__fence-rattle-1,,starvolt__fence-rattle-1,1,12,white,9
C:\Users\Cengiz\Desktop\inosens-internship\dataset\synthetic_dataset\chain_link_climbing\189220__starvolt__fence-rattle-1-front_snr13dB_white_v10_spectrogram.png,189220__starvolt__fence-rattle-1-front_snr13dB_white_v10_spectrogram.png,chain_link_climbing,0,False,189220__starvolt__fence-rattle-1-front,,starvolt__fence-rattle-1,,starvolt__fence-rattle-1,1,13,white,10
C:\Users\Cengiz\Desktop\inosens-internship\dataset\synthetic_dataset\chain_link_climbing\189220__starvolt__fence-rattle-1-front_snr14dB_pink_v5_spectrogram.png,189220__starvolt__fence-rattle-1-front_snr14dB_pink_v5_spectrogram.png,chain_link_climbing,0,False,189220__starvolt__fence-rattle-1-front,,starvolt__fence-rattle-1,,starvolt__fence-rattle-1,1,14,pink,5
C:\Users\Cengiz\Desktop\inosens-internship\dataset\synthetic_dataset\chain_link_climbing\189220__starvolt__fence-rattle-1-front_snr1dB_white_v22_spectrogram.png,189220__starvolt__fence-rattle-1-front_snr1dB_white_v22_spectrogram.png,chain_link_climbing,0,False,189220__starvolt__fence-rattle-1-front,,starvolt__fence-rattle-1,,starvolt__fence-rattle-1,1,1,white,22
C:\Users\Cengiz\Desktop\inosens-internship\dataset\synthetic_dataset\chain_link_climbing\189220__starvolt__fence-rattle-1-front_snr2dB_pink_v3_spectrogram.png,189220__starvolt__fence-rattle-1-front_snr2dB_pink_v3_spectrogram.png,chain_link_climbing,0,False,189220__starvolt__fence-rattle-1-front,,starvolt__fence-rattle-1,,starvolt__fence-rattle-1,1,2,pink,3
C:\Users\Cengiz\Desktop\inosens-internship\dataset\synthetic_dataset\chain_link_climbing\189220__starvolt__fence-rattle-1-front_snr2dB_white_v13_spectrogram.png,189220__starvolt__fence-rattle-1-front_snr2dB_white_v13_spectrogram.png,chain_link_climbing,0,False,189220__starvolt__fence-rattle-1-front,,starvolt__fence-rattle-1,,starvolt__fence-rattle-1,1,2,white,13
C:\Users\Cengiz\Desktop\inosens-internship\dataset\synthetic_dataset\chain_link_climbing\189220__starvolt__fence-rattle-1-front_snr2dB_white_v15_spectrogram.png,189220__starvolt__fence-rattle-1-front_snr2dB_white_v15_spectrogram.png,chain_link_climbing,0,False,189220__starvolt__fence-rattle-1-front,,starvolt__fence-rattle-1,,starvolt__fence-rattle-1,1,2,white,15
C:\Users\Cengiz\Desktop\inosens-internship\dataset\synthetic_dataset\chain_link_climbing\189220__starvolt__fence-rattle-1-front_snr2dB_white_v21_spectrogram.png,189220__starvolt__fence-rattle-1-front_snr2dB_white_v21_spectrogram.png,chain_link_climbing,0,False,189220__starvolt__fence-rattle-1-front,,starvolt__fence-rattle-1,,starvolt__fence-rattle-1,1,2,white,21
C:\Users\Cengiz\Desktop\inosens-internship\dataset\synthetic_dataset\chain_link_climbing\189220__starvolt__fence-rattle-1-front_snr2dB_white_v24_spectrogram.png,189220__starvolt__fence-rattle-1-front_snr2dB_white_v24_spectrogram.png,chain_link_climbing,0,False,189220__starvolt__fence-rattle-1-front,,starvolt__fence-rattle-1,,starvolt__fence-rattle-1,1,2,white,24
C:\Users\Cengiz\Desktop\inosens-internship\dataset\synthetic_dataset\chain_link_climbing\189220__starvolt__fence-rattle-1-front_snr2dB_white_v6_spectrogram.png,189220__starvolt__fence-rattle-1-front_snr2dB_white_v6_spectrogram.png,chain_link_climbing,0,False,189220__starvolt__fence-rattle-1-front,,starvolt__fence-rattle-1,,starvolt__fence-rattle-1,1,2,white,6
C:\Users\Cengiz\Desktop\inosens-internship\dataset\synthetic_dataset\chain_link_climbing\189220__starvolt__fence-rattle-1-front_snr3dB_pink_v0_spectrogram.png,189220__starvolt__fence-rattle-1-front_snr3dB_pink_v0_spectrogram.png,chain_link_climbing,0,False,189220__starvolt__fence-rattle-1-front,,starvolt__fence-rattle-1,,starvolt__fence-rattle-1,1,3,pink,0
C:\Users\Cengiz\Desktop\inosens-internship\dataset\synthetic_dataset\chain_link_climbing\189220__starvolt__fence-rattle-1-front_snr3dB_pink_v19_spectrogram.png,189220__starvolt__fence-rattle-1-front_snr3dB_pink_v19_spectrogram.png,chain_link_climbing,0,False,189220__starvolt__fence-rattle-1-front,,starvolt__fence-rattle-1,,starvolt__fence-rattle-1,1,3,pink,19
C:\Users\Cengiz\Desktop\inosens-internship\dataset\synthetic_dataset\chain_link_climbing\189220__starvolt__fence-rattle-1-front_snr4dB_pink_v12_spectrogram.png,189220__starvolt__fence-rattle-1-front_snr4dB_pink_v12_spectrogram.png,chain_link_climbing,0,False,189220__starvolt__fence-rattle-1-front,,starvolt__fence-rattle-1,,starvolt__fence-rattle-1,1,4,pink,12
C:\Users\Cengiz\Desktop\inosens-internship\dataset\synthetic_dataset\chain_link_climbing\189220__starvolt__fence-rattle-1-front_snr6dB_pink_v11_spectrogram.png,189220__starvolt__fence-rattle-1-front_snr6dB_pink_v11_spectrogram.png,chain_link_climbing,0,False,189220__starvolt__fence-rattle-1-front,,starvolt__fence-rattle-1,,starvolt__fence-rattle-1,1,6,pink,11
C:\Users\Cengiz\Desktop\inosens-internship\dataset\synthetic_dataset\chain_link_climbing\189220__starvolt__fence-rattle-1-front_snr6dB_white_v20_spectrogram.png,189220__starvolt__fence-rattle-1-front_snr6dB_white_v20_spectrogram.png,chain_link_climbing,0,False,189220__starvolt__fence-rattle-1-front,,starvolt__fence-rattle-1,,starvolt__fence-rattle-1,1,6,white,20
C:\Users\Cengiz\Desktop\inosens-internship\dataset\synthetic_dataset\chain_link_climbing\189220__starvolt__fence-rattle-1-front_snr7dB_pink_v4_spectrogram.png,189220__starvolt__fence-rattle-1-front_snr7dB_pink_v4_spectrogram.png,chain_link_climbing,0,False,189220__starvolt__fence-rattle-1-front,,starvolt__fence-rattle-1,,starvolt__fence-rattle-1,1,7,pink,4
C:\Users\Cengiz\Desktop\inosens-internship\dataset\synthetic_dataset\chain_link_climbing\189220__starvolt__fence-rattle-1-front_snr7dB_white_v25_spectrogram.png,189220__starvolt__fence-rattle-1-front_snr7dB_white_v25_spectrogram.png,chain_link_climbing,0,False,189220__starvolt__fence-rattle-1-front,,starvolt__fence-rattle-1,,starvolt__fence-rattle-1,1,7,white,25
C:\Users\Cengiz\Desktop\inosens-internship\dataset\synthetic_dataset\chain_link_climbing\189220__starvolt__fence-rattle-1-front_snr8dB_pink_v18_spectrogram.png,189220__starvolt__fence-rattle-1-front_snr8dB_pink_v18_spectrogram.png,chain_link_climbing,0,False,189220__starvolt__fence-rattle-1-front,,starvolt__fence-rattle-1,,starvolt__fence-rattle-1,1,8,pink,18
C:\Users\Cengiz\Desktop\inosens-internship\dataset\synthetic_dataset\chain_link_climbing\189220__starvolt__fence-rattle-1-front_snr8dB_pink_v1_spectrogram.png,189220__starvolt__fence-rattle-1-front_snr8dB_pink_v1_spectrogram.png,chain_link_climbing,0,False,189220__starvolt__fence-rattle-1-front,,starvolt__fence-rattle-1,,starvolt__fence-rattle-1,1,8,pink,1
C:\Users\Cengiz\Desktop\inosens-internship\dataset\synthetic_dataset\chain_link_climbing\189220__starvolt__fence-rattle-1-front_snr9dB_pink_v17_spectrogram.png,189220__starvolt__fence-rattle-1-front_snr9dB_pink_v17_spectrogram.png,chain_link_climbing,0,False,189220__starvolt__fence-rattle-1-front,,starvolt__fence-rattle-1,,starvolt__fence-rattle-1,1,9,pink,17
C:\Users\Cengiz\Desktop\inosens-internship\dataset\synthetic_dataset\chain_link_climbing\189220__starvolt__fence-rattle-1-front_snr9dB_white_v7_spectrogram.png,189220__starvolt__fence-rattle-1-front_snr9dB_white_v7_spectrogram.png,chain_link_climbing,0,False,189220__starvolt__fence-rattle-1-front,,starvolt__fence-rattle-1,,starvolt__fence-rattle-1,1,9,white,7
C:\Users\Cengiz\Desktop\inosens-internship\dataset\synthetic_dataset\chain_link_climbing\189223__starvolt__fence-rattle-2-rear_snr10dB_pink_v0_spectrogram.png,189223__starvolt__fence-rattle-2-rear_snr10dB_pink_v0_spectrogram.png,chain_link_climbing,0,False,189223__starvolt__fence-rattle-2-rear,,starvolt__fence-rattle-2,,starvolt__fence-rattle-2,1,10,pink,0
C:\Users\Cengiz\Desktop\inosens-internship\dataset\synthetic_dataset\chain_link_climbing\189223__starvolt__fence-rattle-2-rear_snr10dB_white_v15_spectrogram.png,189223__starvolt__fence-rattle-2-rear_snr10dB_white_v15_spectrogram.png,chain_link_climbing,0,False,189223__starvolt__fence-rattle-2-rear,,starvolt__fence-rattle-2,,starvolt__fence-rattle-2,1,10,white,15
C:\Users\Cengiz\Desktop\inosens-internship\dataset\synthetic_dataset\chain_link_climbing\189223__starvolt__fence-rattle-2-rear_snr11dB_pink_v18_spectrogram.png,189223__starvolt__fence-rattle-2-rear_snr11dB_pink_v18_spectrogram.png,chain_link_climbing,0,False,189223__starvolt__fence-rattle-2-rear,,starvolt__fence-rattle-2,,starvolt__fence-rattle-2,1,11,pink,18
C:\Users\Cengiz\Desktop\inosens-internship\dataset\synthetic_dataset\chain_link_climbing\189223__starvolt__fence-rattle-2-rear_snr13dB_pink_v25_spectrogram.png,189223__starvolt__fence-rattle-2-rear_snr13dB_pink_v25_spectrogram.png,chain_link_climbing,0,False,189223__starvolt__fence-rattle-2-rear,,starvolt__fence-rattle-2,,starvolt__fence-rattle-2,1,13,pink,25
C:\Users\Cengiz\Desktop\inosens-internship\dataset\synthetic_dataset\chain_link_climbing\189223__starvolt__fence-rattle-2-rear_snr14dB_pink_v3_spectrogram.png,189223__starvolt__fence-rattle-2-rear_snr14dB_pink_v3_spectrogram.png,chain_link_climbing,0,False,189223__starvolt__fence-rattle-2-rear,,starvolt__fence-rattle-2,,starvolt__fence-rattle-2,1,14,pink,3
C:\Users\Cengiz\Desktop\inosens-internship\dataset\synthetic_dataset\chain_link_climbing\189223__starvolt__fence-rattle-2-rear_snr14dB_pink_v8_spectrogram.png,189223__starvolt__fence-rattle-2-rear_snr14dB_pink_v8_spectrogram.png,chain_link_climbing,0,False,189223__starvolt__fence-rattle-2-rear,,starvolt__fence-rattle-2,,starvolt__fence-rattle-2,1,14,pink,8
C:\Users\Cengiz\Desktop\inosens-internship\dataset\synthetic_dataset\chain_link_climbing\189223__starvolt__fence-rattle-2-rear_snr14dB_white_v20_spectrogram.png,189223__starvolt__fence-rattle-2-rear_snr14dB_white_v20_spectrogram.png,chain_link_climbing,0,False,189223__starvolt__fence-rattle-2-rear,,starvolt__fence-rattle-2,,starvolt__fence-rattle-2,1,14,white,20
C:\Users\Cengiz\Desktop\inosens-internship\dataset\synthetic_dataset\chain_link_climbing\189223__starvolt__fence-rattle-2-rear_snr1dB_pink_v14_spectrogram.png,189223__starvolt__fence-rattle-2-rear_snr1dB_pink_v14_spectrogram.png,chain_link_climbing,0,False,189223__starvolt__fence-rattle-2-rear,,starvolt__fence-rattle-2,,starvolt__fence-rattle-2,1,1,pink,14
C:\Users\Cengiz\Desktop\inosens-internship\dataset\synthetic_dataset\chain_link_climbing\189223__starvolt__fence-rattle-2-rear_snr2dB_pink_v17_spectrogram.png,189223__starvolt__fence-rattle-2-rear_snr2dB_pink_v17_spectrogram.png,chain_link_climbing,0,False,189223__starvolt__fence-rattle-2-rear,,starvolt__fence-rattle-2,,starvolt__fence-rattle-2,1,2,pink,17
C:\Users\Cengiz\Desktop\inosens-internship\dataset\synthetic_dataset\chain_link_climbing\189223__starvolt__fence-rattle-2-rear_snr2dB_white_v21_spectrogram.png,189223__starvolt__fence-rattle-2-rear_snr2dB_white_v21_spectrogram.png,chain_link_climbing,0,False,189223__starvolt__fence-rattle-2-rear,,starvolt__fence-rattle-2,,starvolt__fence-rattle-2,1,2,white,21
C:\Users\Cengiz\Desktop\inosens-internship\dataset\synthetic_dataset\chain_link_climbing\189223__starvolt__fence-rattle-2-rear_snr2dB_white_v24_spectrogram.png,189223__starvolt__fence-rattle-2-rear_snr2dB_white_v24_spectrogram.png,chain_link_climbing,0,False,189223__starvolt__fence-rattle-2-rear,,starvolt__fence-rattle-2,,starvolt__fence-rattle-2,1,2,white,24
C:\Users\Cengiz\Desktop\inosens-internship\dataset\synthetic_dataset\chain_link_climbing\189223__starvolt__fence-rattle-2-rear_snr3dB_white_v11_spectrogram.png,189223__starvolt__fence-rattle-2-rear_snr3dB_white_v11_spectrogram.png,chain_link_climbing,0,False,189223__starvolt__fence-rattle-2-rear,,starvolt__fence-rattle-2,,starvolt__fence-rattle-2,1,3,white,11
C:\Users\Cengiz\Desktop\inosens-internship\dataset\synthetic_dataset\chain_link_climbing\189223__starvolt__fence-rattle-2-rear_snr3dB_white_v6_spectrogram.png,189223__starvolt__fence-rattle-2-rear_snr3dB_white_v6_spectrogram.png,chain_link_climbing,0,False,189223__starvolt__fence-rattle-2-rear,,starvolt__fence-rattle-2,,starvolt__fence-rattle-2,1,3,white,6
C:\Users\Cengiz\Desktop\inosens-internship\dataset\synthetic_dataset\chain_link_climbing\189223__starvolt__fence-rattle-2-rear_snr4dB_white_v10_spectrogram.png,189223__starvolt__fence-rattle-2-rear_snr4dB_white_v10_spectrogram.png,chain_link_climbing,0,False,189223__starvolt__fence-rattle-2-rear,,starvolt__fence-rattle-2,,starvolt__fence-rattle-2,1,4,white,10
C:\Users\Cengiz\Desktop\inosens-internship\dataset\synthetic_dataset\chain_link_climbing\189223__starvolt__fence-rattle-2-rear_snr4dB_white_v16_spectrogram.png,189223__starvolt__fence-rattle-2-rear_snr4dB_white_v16_spectrogram.png,chain_link_climbing,0,False,189223__starvolt__fence-rattle-2-rear,,starvolt__fence-rattle-2,,starvolt__fence-rattle-2,1,4,white,16
C:\Users\Cengiz\Desktop\inosens-internship\dataset\synthetic_dataset\chain_link_climbing\189223__starvolt__fence-rattle-2-rear_snr5dB_pink_v2_spectrogram.png,189223__starvolt__fence-rattle-2-rear_snr5dB_pink_v2_spectrogram.png,chain_link_climbing,0,False,189223__starvolt__fence-rattle-2-rear,,starvolt__fence-rattle-2,,starvolt__fence-rattle-2,1,5,pink,2
C:\Users\Cengiz\Desktop\inosens-internship\dataset\synthetic_dataset\chain_link_climbing\189223__starvolt__fence-rattle-2-rear_snr6dB_pink_v1_spectrogram.png,189223__starvolt__fence-rattle-2-rear_snr6dB_pink_v1_spectrogram.png,chain_link_climbing,0,False,189223__starvolt__fence-rattle-2-rear,,starvolt__fence-rattle-2,,starvolt__fence-rattle-2,1,6,pink,1
C:\Users\Cengiz\Desktop\inosens-internship\dataset\synthetic_dataset\chain_link_climbing\189223__starvolt__fence-rattle-2-rear_snr7dB_pink_v22_spectrogram.png,189223__starvolt__fence-rattle-2-rear_snr7dB_pink_v22_spectrogram.png,chain_link_climbing,0,False,189223__starvolt__fence-rattle-2-rear,,starvolt__fence-rattle-2,,starvolt__fence-rattle-2,1,7,pink,22
C:\Users\Cengiz\Desktop\inosens-internship\dataset\synthetic_dataset\chain_link_climbing\189223__starvolt__fence-rattle-2-rear_snr7dB_pink_v23_spectrogram.png,189223__starvolt__fence-rattle-2-rear_snr7dB_pink_v23_spectrogram.png,chain_link_climbing,0,False,189223__starvolt__fence-rattle-2-rear,,starvolt__fence-rattle-2,,starvolt__fence-rattle-2,1,7,pink,23
C:\Users\Cengiz\Desktop\inosens-internship\dataset\synthetic_dataset\chain_link_climbing\189223__starvolt__fence-rattle-2-rear_snr7dB_white_v19_spectrogram.png,189223__starvolt__fence-rattle-2-rear_snr7dB_white_v19_spectrogram.png,chain_link_climbing,0,False,189223__starvolt__fence-rattle-2-rear,,starvolt__fence-rattle-2,,starvolt__fence-rattle-2,1,7,white,19
C:\Users\Cengiz\Desktop\inosens-internship\dataset\synthetic_dataset\chain_link_climbing\189223__starvolt__fence-rattle-2-rear_snr8dB_pink_v12_spectrogram.png,189223__starvolt__fence-rattle-2-rear_snr8dB_pink_v12_spectrogram.png,chain_link_climbing,0,False,189223__starvolt__fence-rattle-2-rear,,starvolt__fence-rattle-2,,starvolt__fence-rattle-2,1,8,pink,12
C:\Users\Cengiz\Desktop\inosens-internship\dataset\synthetic_dataset\chain_link_climbing\189223__starvolt__fence-rattle-2-rear_snr8dB_pink_v4_spectrogram.png,189223__starvolt__fence-rattle-2-rear_snr8dB_pink_v4_spectrogram.png,chain_link_climbing,0,False,189223__starvolt__fence-rattle-2-rear,,starvolt__fence-rattle-2,,starvolt__fence-rattle-2,1,8,pink,4
C:\Users\Cengiz\Desktop\inosens-internship\dataset\synthetic_dataset\chain_link_climbing\189223__starvolt__fence-rattle-2-rear_snr8dB_white_v5_spectrogram.png,189223__starvolt__fence-rattle-2-rear_snr8dB_white_v5_spectrogram.png,chain_link_climbing,0,False,189223__starvolt__fence-rattle-2-rear,,starvolt__fence-rattle-2,,starvolt__fence-rattle-2,1,8,white,5
C:\Users\Cengiz\Desktop\inosens-internship\dataset\synthetic_dataset\chain_link_climbing\189223__starvolt__fence-rattle-2-rear_snr9dB_pink_v13_spectrogram.png,189223__starvolt__fence-rattle-2-rear_snr9dB_pink_v13_spectrogram.png,chain_link_climbing,0,False,189223__starvolt__fence-rattle-2-rear,,starvolt__fence-rattle-2,,starvolt__fence-rattle-2,1,9,pink,13
C:\Users\Cengiz\Desktop\inosens-internship\dataset\synthetic_dataset\chain_link_climbing\189223__starvolt__fence-rattle-2-rear_snr9dB_pink_v7_spectrogram.png,189223__starvolt__fence-rattle-2-rear_snr9dB_pink_v7_spectrogram.png,chain_link_climbing,0,False,189223__starvolt__fence-rattle-2-rear,,starvolt__fence-rattle-2,,starvolt__fence-rattle-2,1,9,pink,7
C:\Users\Cengiz\Desktop\inosens-internship\dataset\synthetic_dataset\chain_link_climbing\189223__starvolt__fence-rattle-2-rear_snr9dB_white_v9_spectrogram.png,189223__starvolt__fence-rattle-2-rear_snr9dB_white_v9_spectrogram.png,chain_link_climbing,0,False,189223__starvolt__fence-rattle-2-rear,,starvolt__fence-rattle-2,,starvolt__fence-rattle-2,1,9,white,9
C:\Users\Cengiz\Desktop\inosens-internship\dataset\synthetic_dataset\chain_link_climbing\189224__starvolt__fence-rattle-2-front_snr10dB_white_v14_spectrogram.png,189224__starvolt__fence-rattle-2-front_snr10dB_white_v14_spectrogram.png,chain_link_climbing,0,False,189224__starvolt__fence-rattle-2-front,,starvolt__fence-rattle-2,,starvolt__fence-rattle-2,1,10,white,14
C:\Users\Cengiz\Desktop\inosens-internship\dataset\synthetic_dataset\chain_link_climbing\189224__starvolt__fence-rattle-2-front_snr11dB_pink_v9_spectrogram.png,189224__starvolt__fence-rattle-2-front_snr11dB_pink_v9_spectrogram.png,chain_link_climbing,0,False,189224__starvolt__fence-rattle-2-front,,starvolt__fence-rattle-2,,starvolt__fence-rattle-2,1,11,pink,9
C:\Users\Cengiz\Desktop\inosens-internship\dataset\synthetic_dataset\chain_link_climbing\189224__starvolt__fence-rattle-2-front_snr12dB_pink_v2_spectrogram.png,189224__starvolt__fence-rattle-2-front_snr12dB_pink_v2_spectrogram.png,chain_link_climbing,0,False,189224__starvolt__fence-rattle-2-front,,starvolt__fence-rattle-2,,starvolt__fence-rattle-2,1,12,pink,2
C:\Users\Cengiz\Desktop\inosens-internship\dataset\synthetic_dataset\chain_link_climbing\189224__starvolt__fence-rattle-2-front_snr12dB_pink_v5_spectrogram.png,189224__starvolt__fence-rattle-2-front_snr12dB_pink_v5_spectrogram.png,chain_link_climbing,0,False,189224__starvolt__fence-rattle-2-front,,starvolt__fence-rattle-2,,starvolt__fence-rattle-2,1,12,pink,5
C:\Users\Cengiz\Desktop\inosens-internship\dataset\synthetic_dataset\chain_link_climbing\189224__starvolt__fence-rattle-2-front_snr12dB_white_v24_spectrogram.png,189224__starvolt__fence-rattle-2-front_snr12dB_white_v24_spectrogram.png,chain_link_climbing,0,False,189224__starvolt__fence-rattle-2-front,,starvolt__fence-rattle-2,,starvolt__fence-rattle-2,1,12,white,24
C:\Users\Cengiz\Desktop\inosens-internship\dataset\synthetic_dataset\chain_link_climbing\189224__starvolt__fence-rattle-2-front_snr12dB_white_v4_spectrogram.png,189224__starvolt__fence-rattle-2-front_snr12dB_white_v4_spectrogram.png,chain_link_climbing,0,False,189224__starvolt__fence-rattle-2-front,,starvolt__fence-rattle-2,,starvolt__fence-rattle-2,1,12,white,4
C:\Users\Cengiz\Desktop\inosens-internship\dataset\synthetic_dataset\chain_link_climbing\189224__starvolt__fence-rattle-2-front_snr13dB_pink_v1_spectrogram.png,189224__starvolt__fence-rattle-2-front_snr13dB_pink_v1_spectrogram.png,chain_link_climbing,0,False,189224__starvolt__fence-rattle-2-front,,starvolt__fence-rattle-2,,starvolt__fence-rattle-2,1,13,pink,1
C:\Users\Cengiz\Desktop\inosens-internship\dataset\synthetic_dataset\chain_link_climbing\189224__starvolt__fence-rattle-2-front_snr13dB_white_v23_spectrogram.png,189224__starvolt__fence-rattle-2-front_snr13dB_white_v23_spectrogram.png,chain_link_climbing,0,False,189224__starvolt__fence-rattle-2-front,,starvolt__fence-rattle-2,,starvolt__fence-rattle-2,1,13,white,23
C:\Users\Cengiz\Desktop\inosens-internship\dataset\synthetic_dataset\chain_link_climbing\189224__starvolt__fence-rattle-2-front_snr13dB_white_v6_spectrogram.png,189224__starvolt__fence-rattle-2-front_snr13dB_white_v6_spectrogram.png,chain_link_climbing,0,False,189224__starvolt__fence-rattle-2-front,,starvolt__fence-rattle-2,,starvolt__fence-rattle-2,1,13,white,6
C:\Users\Cengiz\Desktop\inosens-internship\dataset\synthetic_dataset\chain_link_climbing\189224__starvolt__fence-rattle-2-front_snr15dB_pink_v0_spectrogram.png,189224__starvolt__fence-rattle-2-front_snr15dB_pink_v0_spectrogram.png,chain_link_climbing,0,False,189224__starvolt__fence-rattle-2-front,,starvolt__fence-rattle-2,,starvolt__fence-rattle-2,1,15,pink,0
C:\Users\Cengiz\Desktop\inosens-internship\dataset\synthetic_dataset\chain_link_climbing\189224__starvolt__fence-rattle-2-front_snr1dB_white_v3_spectrogram.png,189224__starvolt__fence-rattle-2-front_snr1dB_white_v3_spectrogram.png,chain_link_climbing,0,False,189224__starvolt__fence-rattle-2-front,,starvolt__fence-rattle-2,,starvolt__fence-rattle-2,1,1,white,3
C:\Users\Cengiz\Desktop\inosens-internship\dataset\synthetic_dataset\chain_link_climbing\189224__starvolt__fence-rattle-2-front_snr2dB_pink_v16_spectrogram.png,189224__starvolt__fence-rattle-2-front_snr2dB_pink_v16_spectrogram.png,chain_link_climbing,0,False,189224__starvolt__fence-rattle-2-front,,starvolt__fence-rattle-2,,starvolt__fence-rattle-2,1,2,pink,16
C:\Users\Cengiz\Desktop\inosens-internship\dataset\synthetic_dataset\chain_link_climbing\189224__starvolt__fence-rattle-2-front_snr2dB_pink_v25_spectrogram.png,189224__starvolt__fence-rattle-2-front_snr2dB_pink_v25_spectrogram.png,chain_link_climbing,0,False,189224__starvolt__fence-rattle-2-front,,starvolt__fence-rattle-2,,starvolt__fence-rattle-2,1,2,pink,25
C:\Users\Cengiz\Desktop\inosens-internship\dataset\synthetic_dataset\chain_link_climbing\189224__starvolt__fence-rattle-2-front_snr2dB_white_v13_spectrogram.png,189224__starvolt__fence-rattle-2-front_snr2dB_white_v13_spectrogram.png,chain_link_climbing,0,False,189224__starvolt__fence-rattle-2-front,,starvolt__fence-rattle-2,,starvolt__fence-rattle-2,1,2,white,13
C:\Users\Cengiz\Desktop\inosens-internship\dataset\synthetic_dataset\chain_link_climbing\189224__starvolt__fence-rattle-2-front_snr2dB_white_v8_spectrogram.png,189224__starvolt__fence-rattle-2-front_snr2dB_white_v8_spectrogram.png,chain_link_climbing,0,False,189224__starvolt__fence-rattle-2-front,,starvolt__fence-rattle-2,,starvolt__fence-rattle-2,1,2,white,8
C:\Users\Cengiz\Desktop\inosens-internship\dataset\synthetic_dataset\chain_link_climbing\189224__starvolt__fence-rattle-2-front_snr3dB_pink_v18_spectrogram.png,189224__starvolt__fence-rattle-2-front_snr3dB_pink_v18_spectrogram.png,chain_link_climbing,0,False,189224__starvolt__fence-rattle-2-front,,starvolt__fence-rattle-2,,starvolt__fence-rattle-2,1,3,pink,18
C:\Users\Cengiz\Desktop\inosens-internship\dataset\synthetic_dataset\chain_link_climbing\189224__starvolt__fence-rattle-2-front_snr3dB_white_v11_spectrogram.png,189224__starvolt__fence-rattle-2-front_snr3dB_white_v11_spectrogram.png,chain_link_climbing,0,False,189224__starvolt__fence-rattle-2-front,,starvolt__fence-rattle-2,,starvolt__fence-rattle-2,1,3,white,11
C:\Users\Cengiz\Desktop\inosens-internship\dataset\synthetic_dataset\chain_link_climbing\189224__starvolt__fence-rattle-2-front_snr5dB_white_v21_spectrogram.png,189224__starvolt__fence-rattle-2-front_snr5dB_white_v21_spectrogram.png,chain_link_climbing,0,False,189224__starvolt__fence-rattle-2-front,,starvolt__fence-rattle-2,,starvolt__fence-rattle-2,1,5,white,21
C:\Users\Cengiz\Desktop\inosens-internship\dataset\synthetic_dataset\chain_link_climbing\189224__starvolt__fence-rattle-2-front_snr6dB_pink_v19_spectrogram.png,189224__starvolt__fence-rattle-2-front_snr6dB_pink_v19_spectrogram.png,chain_link_climbing,0,False,189224__starvolt__fence-rattle-2-front,,starvolt__fence-rattle-2,,starvolt__fence-rattle-2,1,6,pink,19
C:\Users\Cengiz\Desktop\inosens-internship\dataset\synthetic_dataset\chain_link_climbing\189224__starvolt__fence-rattle-2-front_snr7dB_white_v12_spectrogram.png,189224__starvolt__fence-rattle-2-front_snr7dB_white_v12_spectrogram.png,chain_link_climbing,0,False,189224__starvolt__fence-rattle-2-front,,starvolt__fence-rattle-2,,starvolt__fence-rattle-2,1,7,white,12
C:\Users\Cengiz\Desktop\inosens-internship\dataset\synthetic_dataset\chain_link_climbing\189224__starvolt__fence-rattle-2-front_snr8dB_pink_v15_spectrogram.png,189224__starvolt__fence-rattle-2-front_snr8dB_pink_v15_spectrogram.png,chain_link_climbing,0,False,189224__starvolt__fence-rattle-2-front,,starvolt__fence-rattle-2,,starvolt__fence-rattle-2,1,8,pink,15
C:\Users\Cengiz\Desktop\inosens-internship\dataset\synthetic_dataset\chain_link_climbing\189224__starvolt__fence-rattle-2-front_snr8dB_pink_v7_spectrogram.png,189224__starvolt__fence-rattle-2-front_snr8dB_pink_v7_spectrogram.png,chain_link_climbing,0,False,189224__starvolt__fence-rattle-2-front,,starvolt__fence-rattle-2,,starvolt__fence-rattle-2,1,8,pink,7
C:\Users\Cengiz\Desktop\inosens-internship\dataset\synthetic_dataset\chain_link_climbing\189224__starvolt__fence-rattle-2-front_snr8dB_white_v20_spectrogram.png,189224__starvolt__fence-rattle-2-front_snr8dB_white_v20_spectrogram.png,chain_link_climbing,0,False,189224__starvolt__fence-rattle-2-front,,starvolt__fence-rattle-2,,starvolt__fence-rattle-2,1,8,white,20
C:\Users\Cengiz\Desktop\inosens-internship\dataset\synthetic_dataset\chain_link_climbing\189224__starvolt__fence-rattle-2-front_snr9dB_pink_v10_spectrogram.png,189224__starvolt__fence-rattle-2-front_snr9dB_pink_v10_spectrogram.png,chain_link_climbing,0,False,189224__starvolt__fence-rattle-2-front,,starvolt__fence-rattle-2,,starvolt__fence-rattle-2,1,9,pink,10
C:\Users\Cengiz\Desktop\inosens-internship\dataset\synthetic_dataset\chain_link_climbing\189224__starvolt__fence-rattle-2-front_snr9dB_pink_v17_spectrogram.png,189224__starvolt__fence-rattle-2-front_snr9dB_pink_v17_spectrogram.png,chain_link_climbing,0,False,189224__starvolt__fence-rattle-2-front,,starvolt__fence-rattle-2,,starvolt__fence-rattle-2,1,9,pink,17
C:\Users\Cengiz\Desktop\inosens-internship\dataset\synthetic_dataset\chain_link_climbing\189224__starvolt__fence-rattle-2-front_snr9dB_pink_v22_spectrogram.png,189224__starvolt__fence-rattle-2-front_snr9dB_pink_v22_spectrogram.png,chain_link_climbing,0,False,189224__starvolt__fence-rattle-2-front,,starvolt__fence-rattle-2,,starvolt__fence-rattle-2,1,9,pink,22
C:\Users\Cengiz\Desktop\inosens-internship\dataset\synthetic_dataset\chain_link_climbing\550184__department64__chainlinkfence_f04_snr0dB_pink_v1_spectrogram.png,550184__department64__chainlinkfence_f04_snr0dB_pink_v1_spectrogram.png,chain_link_climbing,0,False,550184__department64__chainlinkfence_f04,,550184__department64__chainlinkfence_f04,,550184__department64__chainlinkfence_f04,1,0,pink,1
C:\Users\Cengiz\Desktop\inosens-internship\dataset\synthetic_dataset\chain_link_climbing\550184__department64__chainlinkfence_f04_snr0dB_white_v22_spectrogram.png,550184__department64__chainlinkfence_f04_snr0dB_white_v22_spectrogram.png,chain_link_climbing,0,False,550184__department64__chainlinkfence_f04,,550184__department64__chainlinkfence_f04,,550184__department64__chainlinkfence_f04,1,0,white,22
C:\Users\Cengiz\Desktop\inosens-internship\dataset\synthetic_dataset\chain_link_climbing\550184__department64__chainlinkfence_f04_snr10dB_pink_v23_spectrogram.png,550184__department64__chainlinkfence_f04_snr10dB_pink_v23_spectrogram.png,chain_link_climbing,0,False,550184__department64__chainlinkfence_f04,,550184__department64__chainlinkfence_f04,,550184__department64__chainlinkfence_f04,1,10,pink,23
C:\Users\Cengiz\Desktop\inosens-internship\dataset\synthetic_dataset\chain_link_climbing\550184__department64__chainlinkfence_f04_snr10dB_white_v14_spectrogram.png,550184__department64__chainlinkfence_f04_snr10dB_white_v14_spectrogram.png,chain_link_climbing,0,False,550184__department64__chainlinkfence_f04,,550184__department64__chainlinkfence_f04,,550184__department64__chainlinkfence_f04,1,10,white,14
C:\Users\Cengiz\Desktop\inosens-internship\dataset\synthetic_dataset\chain_link_climbing\550184__department64__chainlinkfence_f04_snr11dB_pink_v15_spectrogram.png,550184__department64__chainlinkfence_f04_snr11dB_pink_v15_spectrogram.png,chain_link_climbing,0,False,550184__department64__chainlinkfence_f04,,550184__department64__chainlinkfence_f04,,550184__department64__chainlinkfence_f04,1,11,pink,15
C:\Users\Cengiz\Desktop\inosens-internship\dataset\synthetic_dataset\chain_link_climbing\550184__department64__chainlinkfence_f04_snr11dB_white_v17_spectrogram.png,550184__department64__chainlinkfence_f04_snr11dB_white_v17_spectrogram.png,chain_link_climbing,0,False,550184__department64__chainlinkfence_f04,,550184__department64__chainlinkfence_f04,,550184__department64__chainlinkfence_f04,1,11,white,17
C:\Users\Cengiz\Desktop\inosens-internship\dataset\synthetic_dataset\chain_link_climbing\550184__department64__chainlinkfence_f04_snr11dB_white_v21_spectrogram.png,550184__department64__chainlinkfence_f04_snr11dB_white_v21_spectrogram.png,chain_link_climbing,0,False,550184__department64__chainlinkfence_f04,,550184__department64__chainlinkfence_f04,,550184__department64__chainlinkfence_f04,1,11,white,21
C:\Users\Cengiz\Desktop\inosens-internship\dataset\synthetic_dataset\chain_link_climbing\550184__department64__chainlinkfence_f04_snr11dB_white_v3_spectrogram.png,550184__department64__chainlinkfence_f04_snr11dB_white_v3_spectrogram.png,chain_link_climbing,0,False,550184__department64__chainlinkfence_f04,,550184__department64__chainlinkfence_f04,,550184__department64__chainlinkfence_f04,1,11,white,3
C:\Users\Cengiz\Desktop\inosens-internship\dataset\synthetic_dataset\chain_link_climbing\550184__department64__chainlinkfence_f04_snr12dB_white_v10_spectrogram.png,550184__department64__chainlinkfence_f04_snr12dB_white_v10_spectrogram.png,chain_link_climbing,0,False,550184__department64__chainlinkfence_f04,,550184__department64__chainlinkfence_f04,,550184__department64__chainlinkfence_f04,1,12,white,10
C:\Users\Cengiz\Desktop\inosens-internship\dataset\synthetic_dataset\chain_link_climbing\550184__department64__chainlinkfence_f04_snr15dB_pink_v18_spectrogram.png,550184__department64__chainlinkfence_f04_snr15dB_pink_v18_spectrogram.png,chain_link_climbing,0,False,550184__department64__chainlinkfence_f04,,550184__department64__chainlinkfence_f04,,550184__department64__chainlinkfence_f04,1,15,pink,18
C:\Users\Cengiz\Desktop\inosens-internship\dataset\synthetic_dataset\chain_link_climbing\550184__department64__chainlinkfence_f04_snr15dB_white_v5_spectrogram.png,550184__department64__chainlinkfence_f04_snr15dB_white_v5_spectrogram.png,chain_link_climbing,0,False,550184__department64__chainlinkfence_f04,,550184__department64__chainlinkfence_f04,,550184__department64__chainlinkfence_f04,1,15,white,5
C:\Users\Cengiz\Desktop\inosens-internship\dataset\synthetic_dataset\chain_link_climbing\550184__department64__chainlinkfence_f04_snr1dB_pink_v0_spectrogram.png,550184__department64__chainlinkfence_f04_snr1dB_pink_v0_spectrogram.png,chain_link_climbing,0,False,550184__department64__chainlinkfence_f04,,550184__department64__chainlinkfence_f04,,550184__department64__chainlinkfence_f04,1,1,pink,0
C:\Users\Cengiz\Desktop\inosens-internship\dataset\synthetic_dataset\chain_link_climbing\550184__department64__chainlinkfence_f04_snr1dB_pink_v20_spectrogram.png,550184__department64__chainlinkfence_f04_snr1dB_pink_v20_spectrogram.png,chain_link_climbing,0,False,550184__department64__chainlinkfence_f04,,550184__department64__chainlinkfence_f04,,550184__department64__chainlinkfence_f04,1,1,pink,20
C:\Users\Cengiz\Desktop\inosens-internship\dataset\synthetic_dataset\chain_link_climbing\550184__department64__chainlinkfence_f04_snr1dB_white_v9_spectrogram.png,550184__department64__chainlinkfence_f04_snr1dB_white_v9_spectrogram.png,chain_link_climbing,0,False,550184__department64__chainlinkfence_f04,,550184__department64__chainlinkfence_f04,,550184__department64__chainlinkfence_f04,1,1,white,9
C:\Users\Cengiz\Desktop\inosens-internship\dataset\synthetic_dataset\chain_link_climbing\550184__department64__chainlinkfence_f04_snr2dB_white_v4_spectrogram.png,550184__department64__chainlinkfence_f04_snr2dB_white_v4_spectrogram.png,chain_link_climbing,0,False,550184__department64__chainlinkfence_f04,,550184__department64__chainlinkfence_f04,,550184__department64__chainlinkfence_f04,1,2,white,4
C:\Users\Cengiz\Desktop\inosens-internship\dataset\synthetic_dataset\chain_link_climbing\550184__department64__chainlinkfence_f04_snr3dB_pink_v7_spectrogram.png,550184__department64__chainlinkfence_f04_snr3dB_pink_v7_spectrogram.png,chain_link_climbing,0,False,550184__department64__chainlinkfence_f04,,550184__department64__chainlinkfence_f04,,550184__department64__chainlinkfence_f04,1,3,pink,7
C:\Users\Cengiz\Desktop\inosens-internship\dataset\synthetic_dataset\chain_link_climbing\550184__department64__chainlinkfence_f04_snr4dB_white_v8_spectrogram.png,550184__department64__chainlinkfence_f04_snr4dB_white_v8_spectrogram.png,chain_link_climbing,0,False,550184__department64__chainlinkfence_f04,,550184__department64__chainlinkfence_f04,,550184__department64__chainlinkfence_f04,1,4,white,8
C:\Users\Cengiz\Desktop\inosens-internship\dataset\synthetic_dataset\chain_link_climbing\550184__department64__chainlinkfence_f04_snr5dB_pink_v25_spectrogram.png,550184__department64__chainlinkfence_f04_snr5dB_pink_v25_spectrogram.png,chain_link_climbing,0,False,550184__department64__chainlinkfence_f04,,550184__department64__chainlinkfence_f04,,550184__department64__chainlinkfence_f04,1,5,pink,25
C:\Users\Cengiz\Desktop\inosens-internship\dataset\synthetic_dataset\chain_link_climbing\550184__department64__chainlinkfence_f04_snr5dB_pink_v2_spectrogram.png,550184__department64__chainlinkfence_f04_snr5dB_pink_v2_spectrogram.png,chain_link_climbing,0,False,550184__department64__chainlinkfence_f04,,550184__department64__chainlinkfence_f04,,550184__department64__chainlinkfence_f04,1,5,pink,2
C:\Users\Cengiz\Desktop\inosens-internship\dataset\synthetic_dataset\chain_link_climbing\550184__department64__chainlinkfence_f04_snr7dB_pink_v11_spectrogram.png,550184__department64__chainlinkfence_f04_snr7dB_pink_v11_spectrogram.png,chain_link_climbing,0,False,550184__department64__chainlinkfence_f04,,550184__department64__chainlinkfence_f04,,550184__department64__chainlinkfence_f04,1,7,pink,11
C:\Users\Cengiz\Desktop\inosens-internship\dataset\synthetic_dataset\chain_link_climbing\550184__department64__chainlinkfence_f04_snr7dB_pink_v6_spectrogram.png,550184__department64__chainlinkfence_f04_snr7dB_pink_v6_spectrogram.png,chain_link_climbing,0,False,550184__department64__chainlinkfence_f04,,550184__department64__chainlinkfence_f04,,550184__department64__chainlinkfence_f04,1,7,pink,6
C:\Users\Cengiz\Desktop\inosens-internship\dataset\synthetic_dataset\chain_link_climbing\550184__department64__chainlinkfence_f04_snr7dB_white_v13_spectrogram.png,550184__department64__chainlinkfence_f04_snr7dB_white_v13_spectrogram.png,chain_link_climbing,0,False,550184__department64__chainlinkfence_f04,,550184__department64__chainlinkfence_f04,,550184__department64__chainlinkfence_f04,1,7,white,13
C:\Users\Cengiz\Desktop\inosens-internship\dataset\synthetic_dataset\chain_link_climbing\550184__department64__chainlinkfence_f04_snr8dB_pink_v16_spectrogram.png,550184__department64__chainlinkfence_f04_snr8dB_pink_v16_spectrogram.png,chain_link_climbing,0,False,550184__department64__chainlinkfence_f04,,550184__department64__chainlinkfence_f04,,550184__department64__chainlinkfence_f04,1,8,pink,16
C:\Users\Cengiz\Desktop\inosens-internship\dataset\synthetic_dataset\chain_link_climbing\550184__department64__chainlinkfence_f04_snr8dB_pink_v19_spectrogram.png,550184__department64__chainlinkfence_f04_snr8dB_pink_v19_spectrogram.png,chain_link_climbing,0,False,550184__department64__chainlinkfence_f04,,550184__department64__chainlinkfence_f04,,550184__department64__chainlinkfence_f04,1,8,pink,19
C:\Users\Cengiz\Desktop\inosens-internship\dataset\synthetic_dataset\chain_link_climbing\550184__department64__chainlinkfence_f04_snr9dB_pink_v12_spectrogram.png,550184__department64__chainlinkfence_f04_snr9dB_pink_v12_spectrogram.png,chain_link_climbing,0,False,550184__department64__chainlinkfence_f04,,550184__department64__chainlinkfence_f04,,550184__department64__chainlinkfence_f04,1,9,pink,12
C:\Users\Cengiz\Desktop\inosens-internship\dataset\synthetic_dataset\chain_link_climbing\550184__department64__chainlinkfence_f04_snr9dB_pink_v24_spectrogram.png,550184__department64__chainlinkfence_f04_snr9dB_pink_v24_spectrogram.png,chain_link_climbing,0,False,550184__department64__chainlinkfence_f04,,550184__department64__chainlinkfence_f04,,550184__department64__chainlinkfence_f04,1,9,pink,24
C:\Users\Cengiz\Desktop\inosens-internship\dataset\synthetic_dataset\chain_link_climbing\550185__department64__chainlinkfence_f03_snr10dB_pink_v14_spectrogram.png,550185__department64__chainlinkfence_f03_snr10dB_pink_v14_spectrogram.png,chain_link_climbing,0,False,550185__department64__chainlinkfence_f03,,550185__department64__chainlinkfence_f03,,550185__department64__chainlinkfence_f03,1,10,pink,14
C:\Users\Cengiz\Desktop\inosens-internship\dataset\synthetic_dataset\chain_link_climbing\550185__department64__chainlinkfence_f03_snr10dB_pink_v7_spectrogram.png,550185__department64__chainlinkfence_f03_snr10dB_pink_v7_spectrogram.png,chain_link_climbing,0,False,550185__department64__chainlinkfence_f03,,550185__department64__chainlinkfence_f03,,550185__department64__chainlinkfence_f03,1,10,pink,7
C:\Users\Cengiz\Desktop\inosens-internship\dataset\synthetic_dataset\chain_link_climbing\550185__department64__chainlinkfence_f03_snr10dB_pink_v8_spectrogram.png,550185__department64__chainlinkfence_f03_snr10dB_pink_v8_spectrogram.png,chain_link_climbing,0,False,550185__department64__chainlinkfence_f03,,550185__department64__chainlinkfence_f03,,550185__department64__chainlinkfence_f03,1,10,pink,8
C:\Users\Cengiz\Desktop\inosens-internship\dataset\synthetic_dataset\chain_link_climbing\550185__department64__chainlinkfence_f03_snr11dB_pink_v15_spectrogram.png,550185__department64__chainlinkfence_f03_snr11dB_pink_v15_spectrogram.png,chain_link_climbing,0,False,550185__department64__chainlinkfence_f03,,550185__department64__chainlinkfence_f03,,550185__department64__chainlinkfence_f03,1,11,pink,15
C:\Users\Cengiz\Desktop\inosens-internship\dataset\synthetic_dataset\chain_link_climbing\550185__department64__chainlinkfence_f03_snr12dB_pink_v13_spectrogram.png,550185__department64__chainlinkfence_f03_snr12dB_pink_v13_spectrogram.png,chain_link_climbing,0,False,550185__department64__chainlinkfence_f03,,550185__department64__chainlinkfence_f03,,550185__department64__chainlinkfence_f03,1,12,pink,13
C:\Users\Cengiz\Desktop\inosens-internship\dataset\synthetic_dataset\chain_link_climbing\550185__department64__chainlinkfence_f03_snr13dB_pink_v12_spectrogram.png,550185__department64__chainlinkfence_f03_snr13dB_pink_v12_spectrogram.png,chain_link_climbing,0,False,550185__department64__chainlinkfence_f03,,550185__department64__chainlinkfence_f03,,550185__department64__chainlinkfence_f03,1,13,pink,12
C:\Users\Cengiz\Desktop\inosens-internship\dataset\synthetic_dataset\chain_link_climbing\550185__department64__chainlinkfence_f03_snr13dB_pink_v24_spectrogram.png,550185__department64__chainlinkfence_f03_snr13dB_pink_v24_spectrogram.png,chain_link_climbing,0,False,550185__department64__chainlinkfence_f03,,550185__department64__chainlinkfence_f03,,550185__department64__chainlinkfence_f03,1,13,pink,24
C:\Users\Cengiz\Desktop\inosens-internship\dataset\synthetic_dataset\chain_link_climbing\550185__department64__chainlinkfence_f03_snr13dB_white_v18_spectrogram.png,550185__department64__chainlinkfence_f03_snr13dB_white_v18_spectrogram.png,chain_link_climbing,0,False,550185__department64__chainlinkfence_f03,,550185__department64__chainlinkfence_f03,,550185__department64__chainlinkfence_f03,1,13,white,18
C:\Users\Cengiz\Desktop\inosens-internship\dataset\synthetic_dataset\chain_link_climbing\550185__department64__chainlinkfence_f03_snr15dB_pink_v23_spectrogram.png,550185__department64__chainlinkfence_f03_snr15dB_pink_v23_spectrogram.png,chain_link_climbing,0,False,550185__department64__chainlinkfence_f03,,550185__department64__chainlinkfence_f03,,550185__department64__chainlinkfence_f03,1,15,pink,23
C:\Users\Cengiz\Desktop\inosens-internship\dataset\synthetic_dataset\chain_link_climbing\550185__department64__chainlinkfence_f03_snr1dB_pink_v25_spectrogram.png,550185__department64__chainlinkfence_f03_snr1dB_pink_v25_spectrogram.png,chain_link_climbing,0,False,550185__department64__chainlinkfence_f03,,550185__department64__chainlinkfence_f03,,550185__department64__chainlinkfence_f03,1,1,pink,25
C:\Users\Cengiz\Desktop\inosens-internship\dataset\synthetic_dataset\chain_link_climbing\550185__department64__chainlinkfence_f03_snr1dB_pink_v2_spectrogram.png,550185__department64__chainlinkfence_f03_snr1dB_pink_v2_spectrogram.png,chain_link_climbing,0,False,550185__department64__chainlinkfence_f03,,550185__department64__chainlinkfence_f03,,550185__department64__chainlinkfence_f03,1,1,pink,2
C:\Users\Cengiz\Desktop\inosens-internship\dataset\synthetic_dataset\chain_link_climbing\550185__department64__chainlinkfence_f03_snr1dB_pink_v9_spectrogram.png,550185__department64__chainlinkfence_f03_snr1dB_pink_v9_spectrogram.png,chain_link_climbing,0,False,550185__department64__chainlinkfence_f03,,550185__department64__chainlinkfence_f03,,550185__department64__chainlinkfence_f03,1,1,pink,9
C:\Users\Cengiz\Desktop\inosens-internship\dataset\synthetic_dataset\chain_link_climbing\550185__department64__chainlinkfence_f03_snr1dB_white_v10_spectrogram.png,550185__department64__chainlinkfence_f03_snr1dB_white_v10_spectrogram.png,chain_link_climbing,0,False,550185__department64__chainlinkfence_f03,,550185__department64__chainlinkfence_f03,,550185__department64__chainlinkfence_f03,1,1,white,10
C:\Users\Cengiz\Desktop\inosens-internship\dataset\synthetic_dataset\chain_link_climbing\550185__department64__chainlinkfence_f03_snr2dB_white_v21_spectrogram.png,550185__department64__chainlinkfence_f03_snr2dB_white_v21_spectrogram.png,chain_link_climbing,0,False,550185__department64__chainlinkfence_f03,,550185__department64__chainlinkfence_f03,,550185__department64__chainlinkfence_f03,1,2,white,21
C:\Users\Cengiz\Desktop\inosens-internship\dataset\synthetic_dataset\chain_link_climbing\550185__department64__chainlinkfence_f03_snr2dB_white_v22_spectrogram.png,550185__department64__chainlinkfence_f03_snr2dB_white_v22_spectrogram.png,chain_link_climbing,0,False,550185__department64__chainlinkfence_f03,,550185__department64__chainlinkfence_f03,,550185__department64__chainlinkfence_f03,1,2,white,22
C:\Users\Cengiz\Desktop\inosens-internship\dataset\synthetic_dataset\chain_link_climbing\550185__department64__chainlinkfence_f03_snr3dB_pink_v16_spectrogram.png,550185__department64__chainlinkfence_f03_snr3dB_pink_v16_spectrogram.png,chain_link_climbing,0,False,550185__department64__chainlinkfence_f03,,550185__department64__chainlinkfence_f03,,550185__department64__chainlinkfence_f03,1,3,pink,16
C:\Users\Cengiz\Desktop\inosens-internship\dataset\synthetic_dataset\chain_link_climbing\550185__department64__chainlinkfence_f03_snr4dB_white_v5_spectrogram.png,550185__department64__chainlinkfence_f03_snr4dB_white_v5_spectrogram.png,chain_link_climbing,0,False,550185__department64__chainlinkfence_f03,,550185__department64__chainlinkfence_f03,,550185__department64__chainlinkfence_f03,1,4,white,5
C:\Users\Cengiz\Desktop\inosens-internship\dataset\synthetic_dataset\chain_link_climbing\550185__department64__chainlinkfence_f03_snr5dB_pink_v11_spectrogram.png,550185__department64__chainlinkfence_f03_snr5dB_pink_v11_spectrogram.png,chain_link_climbing,0,False,550185__department64__chainlinkfence_f03,,550185__department64__chainlinkfence_f03,,550185__department64__chainlinkfence_f03,1,5,pink,11
C:\Users\Cengiz\Desktop\inosens-internship\dataset\synthetic_dataset\chain_link_climbing\550185__department64__chainlinkfence_f03_snr5dB_pink_v4_spectrogram.png,550185__department64__chainlinkfence_f03_snr5dB_pink_v4_spectrogram.png,chain_link_climbing,0,False,550185__department64__chainlinkfence_f03,,550185__department64__chainlinkfence_f03,,550185__department64__chainlinkfence_f03,1,5,pink,4
C:\Users\Cengiz\Desktop\inosens-internship\dataset\synthetic_dataset\chain_link_climbing\550185__department64__chainlinkfence_f03_snr5dB_white_v19_spectrogram.png,550185__department64__chainlinkfence_f03_snr5dB_white_v19_spectrogram.png,chain_link_climbing,0,False,550185__department64__chainlinkfence_f03,,550185__department64__chainlinkfence_f03,,550185__department64__chainlinkfence_f03,1,5,white,19
C:\Users\Cengiz\Desktop\inosens-internship\dataset\synthetic_dataset\chain_link_climbing\550185__department64__chainlinkfence_f03_snr6dB_pink_v0_spectrogram.png,550185__department64__chainlinkfence_f03_snr6dB_pink_v0_spectrogram.png,chain_link_climbing,0,False,550185__department64__chainlinkfence_f03,,550185__department64__chainlinkfence_f03,,550185__department64__chainlinkfence_f03,1,6,pink,0
C:\Users\Cengiz\Desktop\inosens-internship\dataset\synthetic_dataset\chain_link_climbing\550185__department64__chainlinkfence_f03_snr6dB_white_v20_spectrogram.png,550185__department64__chainlinkfence_f03_snr6dB_white_v20_spectrogram.png,chain_link_climbing,0,False,550185__department64__chainlinkfence_f03,,550185__department64__chainlinkfence_f03,,550185__department64__chainlinkfence_f03,1,6,white,20
C:\Users\Cengiz\Desktop\inosens-internship\dataset\synthetic_dataset\chain_link_climbing\550185__department64__chainlinkfence_f03_snr6dB_white_v3_spectrogram.png,550185__department64__chainlinkfence_f03_snr6dB_white_v3_spectrogram.png,chain_link_climbing,0,False,550185__department64__chainlinkfence_f03,,550185__department64__chainlinkfence_f03,,550185__department64__chainlinkfence_f03,1,6,white,3
C:\Users\Cengiz\Desktop\inosens-internship\dataset\synthetic_dataset\chain_link_climbing\550185__department64__chainlinkfence_f03_snr8dB_pink_v6_spectrogram.png,550185__department64__chainlinkfence_f03_snr8dB_pink_v6_spectrogram.png,chain_link_climbing,0,False,550185__department64__chainlinkfence_f03,,550185__department64__chainlinkfence_f03,,550185__department64__chainlinkfence_f03,1,8,pink,6
C:\Users\Cengiz\Desktop\inosens-internship\dataset\synthetic_dataset\chain_link_climbing\550185__department64__chainlinkfence_f03_snr9dB_pink_v1_spectrogram.png,550185__department64__chainlinkfence_f03_snr9dB_pink_v1_spectrogram.png,chain_link_climbing,0,False,550185__department64__chainlinkfence_f03,,550185__department64__chainlinkfence_f03,,550185__department64__chainlinkfence_f03,1,9,pink,1
C:\Users\Cengiz\Desktop\inosens-internship\dataset\synthetic_dataset\chain_link_climbing\550185__department64__chainlinkfence_f03_snr9dB_white_v17_spectrogram.png,550185__department64__chainlinkfence_f03_snr9dB_white_v17_spectrogram.png,chain_link_climbing,0,False,550185__department64__chainlinkfence_f03,,550185__department64__chainlinkfence_f03,,550185__department64__chainlinkfence_f03,1,9,white,17
C:\Users\Cengiz\Desktop\inosens-internship\dataset\synthetic_dataset\chain_link_climbing\550186__department64__chainlinkfence_f02_snr0dB_white_v0_spectrogram.png,550186__department64__chainlinkfence_f02_snr0dB_white_v0_spectrogram.png,chain_link_climbing,0,False,550186__department64__chainlinkfence_f02,,550186__department64__chainlinkfence_f02,,550186__department64__chainlinkfence_f02,1,0,white,0
C:\Users\Cengiz\Desktop\inosens-internship\dataset\synthetic_dataset\chain_link_climbing\550186__department64__chainlinkfence_f02_snr11dB_pink_v18_spectrogram.png,550186__department64__chainlinkfence_f02_snr11dB_pink_v18_spectrogram.png,chain_link_climbing,0,False,550186__department64__chainlinkfence_f02,,550186__department64__chainlinkfence_f02,,550186__department64__chainlinkfence_f02,1,11,pink,18
C:\Users\Cengiz\Desktop\inosens-internship\dataset\synthetic_dataset\chain_link_climbing\550186__department64__chainlinkfence_f02_snr11dB_white_v6_spectrogram.png,550186__department64__chainlinkfence_f02_snr11dB_white_v6_spectrogram.png,chain_link_climbing,0,False,550186__department64__chainlinkfence_f02,,550186__department64__chainlinkfence_f02,,550186__department64__chainlinkfence_f02,1,11,white,6
C:\Users\Cengiz\Desktop\inosens-internship\dataset\synthetic_dataset\chain_link_climbing\550186__department64__chainlinkfence_f02_snr13dB_pink_v17_spectrogram.png,550186__department64__chainlinkfence_f02_snr13dB_pink_v17_spectrogram.png,chain_link_climbing,0,False,550186__department64__chainlinkfence_f02,,550186__department64__chainlinkfence_f02,,550186__department64__chainlinkfence_f02,1,13,pink,17
C:\Users\Cengiz\Desktop\inosens-internship\dataset\synthetic_dataset\chain_link_climbing\550186__department64__chainlinkfence_f02_snr13dB_white_v7_spectrogram.png,550186__department64__chainlinkfence_f02_snr13dB_white_v7_spectrogram.png,chain_link_climbing,0,False,550186__department64__chainlinkfence_f02,,550186__department64__chainlinkfence_f02,,550186__department64__chainlinkfence_f02,1,13,white,7
C:\Users\Cengiz\Desktop\inosens-internship\dataset\synthetic_dataset\chain_link_climbing\550186__department64__chainlinkfence_f02_snr14dB_pink_v4_spectrogram.png,550186__department64__chainlinkfence_f02_snr14dB_pink_v4_spectrogram.png,chain_link_climbing,0,False,550186__department64__chainlinkfence_f02,,550186__department64__chainlinkfence_f02,,550186__department64__chainlinkfence_f02,1,14,pink,4
C:\Users\Cengiz\Desktop\inosens-internship\dataset\synthetic_dataset\chain_link_climbing\550186__department64__chainlinkfence_f02_snr15dB_pink_v15_spectrogram.png,550186__department64__chainlinkfence_f02_snr15dB_pink_v15_spectrogram.png,chain_link_climbing,0,False,550186__department64__chainlinkfence_f02,,550186__department64__chainlinkfence_f02,,550186__department64__chainlinkfence_f02,1,15,pink,15
C:\Users\Cengiz\Desktop\inosens-internship\dataset\synthetic_dataset\chain_link_climbing\550186__department64__chainlinkfence_f02_snr15dB_white_v2_spectrogram.png,550186__department64__chainlinkfence_f02_snr15dB_white_v2_spectrogram.png,chain_link_climbing,0,False,550186__department64__chainlinkfence_f02,,550186__department64__chainlinkfence_f02,,550186__department64__chainlinkfence_f02,1,15,white,2
C:\Users\Cengiz\Desktop\inosens-internship\dataset\synthetic_dataset\chain_link_climbing\550186__department64__chainlinkfence_f02_snr15dB_white_v8_spectrogram.png,550186__department64__chainlinkfence_f02_snr15dB_white_v8_spectrogram.png,chain_link_climbing,0,False,550186__department64__chainlinkfence_f02,,550186__department64__chainlinkfence_f02,,550186__department64__chainlinkfence_f02,1,15,white,8
C:\Users\Cengiz\Desktop\inosens-internship\dataset\synthetic_dataset\chain_link_climbing\550186__department64__chainlinkfence_f02_snr1dB_pink_v13_spectrogram.png,550186__department64__chainlinkfence_f02_snr1dB_pink_v13_spectrogram.png,chain_link_climbing,0,False,550186__department64__chainlinkfence_f02,,550186__department64__chainlinkfence_f02,,550186__department64__chainlinkfence_f02,1,1,pink,13
C:\Users\Cengiz\Desktop\inosens-internship\dataset\synthetic_dataset\chain_link_climbing\550186__department64__chainlinkfence_f02_snr1dB_white_v16_spectrogram.png,550186__department64__chainlinkfence_f02_snr1dB_white_v16_spectrogram.png,chain_link_climbing,0,False,550186__department64__chainlinkfence_f02,,550186__department64__chainlinkfence_f02,,550186__department64__chainlinkfence_f02,1,1,white,16
C:\Users\Cengiz\Desktop\inosens-internship\dataset\synthetic_dataset\chain_link_climbing\550186__department64__chainlinkfence_f02_snr2dB_pink_v19_spectrogram.png,550186__department64__chainlinkfence_f02_snr2dB_pink_v19_spectrogram.png,chain_link_climbing,0,False,550186__department64__chainlinkfence_f02,,550186__department64__chainlinkfence_f02,,550186__department64__chainlinkfence_f02,1,2,pink,19
C:\Users\Cengiz\Desktop\inosens-internship\dataset\synthetic_dataset\chain_link_climbing\550186__department64__chainlinkfence_f02_snr2dB_pink_v23_spectrogram.png,550186__department64__chainlinkfence_f02_snr2dB_pink_v23_spectrogram.png,chain_link_climbing,0,False,550186__department64__chainlinkfence_f02,,550186__department64__chainlinkfence_f02,,550186__department64__chainlinkfence_f02,1,2,pink,23
C:\Users\Cengiz\Desktop\inosens-internship\dataset\synthetic_dataset\chain_link_climbing\550186__department64__chainlinkfence_f02_snr3dB_pink_v10_spectrogram.png,550186__department64__chainlinkfence_f02_snr3dB_pink_v10_spectrogram.png,chain_link_climbing,0,False,550186__department64__chainlinkfence_f02,,550186__department64__chainlinkfence_f02,,550186__department64__chainlinkfence_f02,1,3,pink,10
C:\Users\Cengiz\Desktop\inosens-internship\dataset\synthetic_dataset\chain_link_climbing\550186__department64__chainlinkfence_f02_snr3dB_pink_v5_spectrogram.png,550186__department64__chainlinkfence_f02_snr3dB_pink_v5_spectrogram.png,chain_link_climbing,0,False,550186__department64__chainlinkfence_f02,,550186__department64__chainlinkfence_f02,,550186__department64__chainlinkfence_f02,1,3,pink,5
C:\Users\Cengiz\Desktop\inosens-internship\dataset\synthetic_dataset\chain_link_climbing\550186__department64__chainlinkfence_f02_snr4dB_pink_v12_spectrogram.png,550186__department64__chainlinkfence_f02_snr4dB_pink_v12_spectrogram.png,chain_link_climbing,0,False,550186__department64__chainlinkfence_f02,,550186__department64__chainlinkfence_f02,,550186__department64__chainlinkfence_f02,1,4,pink,12
C:\Users\Cengiz\Desktop\inosens-internship\dataset\synthetic_dataset\chain_link_climbing\550186__department64__chainlinkfence_f02_snr4dB_pink_v14_spectrogram.png,550186__department64__chainlinkfence_f02_snr4dB_pink_v14_spectrogram.png,chain_link_climbing,0,False,550186__department64__chainlinkfence_f02,,550186__department64__chainlinkfence_f02,,550186__department64__chainlinkfence_f02,1,4,pink,14
C:\Users\Cengiz\Desktop\inosens-internship\dataset\synthetic_dataset\chain_link_climbing\550186__department64__chainlinkfence_f02_snr4dB_pink_v21_spectrogram.png,550186__department64__chainlinkfence_f02_snr4dB_pink_v21_spectrogram.png,chain_link_climbing,0,False,550186__department64__chainlinkfence_f02,,550186__department64__chainlinkfence_f02,,550186__department64__chainlinkfence_f02,1,4,pink,21
C:\Users\Cengiz\Desktop\inosens-internship\dataset\synthetic_dataset\chain_link_climbing\550186__department64__chainlinkfence_f02_snr4dB_pink_v24_spectrogram.png,550186__department64__chainlinkfence_f02_snr4dB_pink_v24_spectrogram.png,chain_link_climbing,0,False,550186__department64__chainlinkfence_f02,,550186__department64__chainlinkfence_f02,,550186__department64__chainlinkfence_f02,1,4,pink,24
C:\Users\Cengiz\Desktop\inosens-internship\dataset\synthetic_dataset\chain_link_climbing\550186__department64__chainlinkfence_f02_snr4dB_white_v20_spectrogram.png,550186__department64__chainlinkfence_f02_snr4dB_white_v20_spectrogram.png,chain_link_climbing,0,False,550186__department64__chainlinkfence_f02,,550186__department64__chainlinkfence_f02,,550186__department64__chainlinkfence_f02,1,4,white,20
C:\Users\Cengiz\Desktop\inosens-internship\dataset\synthetic_dataset\chain_link_climbing\550186__department64__chainlinkfence_f02_snr5dB_pink_v11_spectrogram.png,550186__department64__chainlinkfence_f02_snr5dB_pink_v11_spectrogram.png,chain_link_climbing,0,False,550186__department64__chainlinkfence_f02,,550186__department64__chainlinkfence_f02,,550186__department64__chainlinkfence_f02,1,5,pink,11
C:\Users\Cengiz\Desktop\inosens-internship\dataset\synthetic_dataset\chain_link_climbing\550186__department64__chainlinkfence_f02_snr6dB_white_v3_spectrogram.png,550186__department64__chainlinkfence_f02_snr6dB_white_v3_spectrogram.png,chain_link_climbing,0,False,550186__department64__chainlinkfence_f02,,550186__department64__chainlinkfence_f02,,550186__department64__chainlinkfence_f02,1,6,white,3
C:\Users\Cengiz\Desktop\inosens-internship\dataset\synthetic_dataset\chain_link_climbing\550186__department64__chainlinkfence_f02_snr8dB_pink_v22_spectrogram.png,550186__department64__chainlinkfence_f02_snr8dB_pink_v22_spectrogram.png,chain_link_climbing,0,False,550186__department64__chainlinkfence_f02,,550186__department64__chainlinkfence_f02,,550186__department64__chainlinkfence_f02,1,8,pink,22
C:\Users\Cengiz\Desktop\inosens-internship\dataset\synthetic_dataset\chain_link_climbing\550186__department64__chainlinkfence_f02_snr8dB_white_v1_spectrogram.png,550186__department64__chainlinkfence_f02_snr8dB_white_v1_spectrogram.png,chain_link_climbing,0,False,550186__department64__chainlinkfence_f02,,550186__department64__chainlinkfence_f02,,550186__department64__chainlinkfence_f02,1,8,white,1
C:\Users\Cengiz\Desktop\inosens-internship\dataset\synthetic_dataset\chain_link_climbing\550186__department64__chainlinkfence_f02_snr9dB_pink_v25_spectrogram.png,550186__department64__chainlinkfence_f02_snr9dB_pink_v25_spectrogram.png,chain_link_climbing,0,False,550186__department64__chainlinkfence_f02,,550186__department64__chainlinkfence_f02,,550186__department64__chainlinkfence_f02,1,9,pink,25
C:\Users\Cengiz\Desktop\inosens-internship\dataset\synthetic_dataset\chain_link_climbing\550186__department64__chainlinkfence_f02_snr9dB_white_v9_spectrogram.png,550186__department64__chainlinkfence_f02_snr9dB_white_v9_spectrogram.png,chain_link_climbing,0,False,550186__department64__chainlinkfence_f02,,550186__department64__chainlinkfence_f02,,550186__department64__chainlinkfence_f02,1,9,white,9
C:\Users\Cengiz\Desktop\inosens-internship\dataset\synthetic_dataset\chain_link_climbing\550187__department64__chainlinkfence_f01_snr10dB_pink_v10_spectrogram.png,550187__department64__chainlinkfence_f01_snr10dB_pink_v10_spectrogram.png,chain_link_climbing,0,False,550187__department64__chainlinkfence_f01,,550187__department64__chainlinkfence_f01,,550187__department64__chainlinkfence_f01,1,10,pink,10
C:\Users\Cengiz\Desktop\inosens-internship\dataset\synthetic_dataset\chain_link_climbing\550187__department64__chainlinkfence_f01_snr10dB_pink_v5_spectrogram.png,550187__department64__chainlinkfence_f01_snr10dB_pink_v5_spectrogram.png,chain_link_climbing,0,False,550187__department64__chainlinkfence_f01,,550187__department64__chainlinkfence_f01,,550187__department64__chainlinkfence_f01,1,10,pink,5
C:\Users\Cengiz\Desktop\inosens-internship\dataset\synthetic_dataset\chain_link_climbing\550187__department64__chainlinkfence_f01_snr10dB_pink_v6_spectrogram.png,550187__department64__chainlinkfence_f01_snr10dB_pink_v6_spectrogram.png,chain_link_climbing,0,False,550187__department64__chainlinkfence_f01,,550187__department64__chainlinkfence_f01,,550187__department64__chainlinkfence_f01,1,10,pink,6
C:\Users\Cengiz\Desktop\inosens-internship\dataset\synthetic_dataset\chain_link_climbing\550187__department64__chainlinkfence_f01_snr11dB_pink_v25_spectrogram.png,550187__department64__chainlinkfence_f01_snr11dB_pink_v25_spectrogram.png,chain_link_climbing,0,False,550187__department64__chainlinkfence_f01,,550187__department64__chainlinkfence_f01,,550187__department64__chainlinkfence_f01,1,11,pink,25
C:\Users\Cengiz\Desktop\inosens-internship\dataset\synthetic_dataset\chain_link_climbing\550187__department64__chainlinkfence_f01_snr11dB_pink_v8_spectrogram.png,550187__department64__chainlinkfence_f01_snr11dB_pink_v8_spectrogram.png,chain_link_climbing,0,False,550187__department64__chainlinkfence_f01,,550187__department64__chainlinkfence_f01,,550187__department64__chainlinkfence_f01,1,11,pink,8
C:\Users\Cengiz\Desktop\inosens-internship\dataset\synthetic_dataset\chain_link_climbing\550187__department64__chainlinkfence_f01_snr11dB_white_v13_spectrogram.png,550187__department64__chainlinkfence_f01_snr11dB_white_v13_spectrogram.png,chain_link_climbing,0,False,550187__department64__chainlinkfence_f01,,550187__department64__chainlinkfence_f01,,550187__department64__chainlinkfence_f01,1,11,white,13
C:\Users\Cengiz\Desktop\inosens-internship\dataset\synthetic_dataset\chain_link_climbing\550187__department64__chainlinkfence_f01_snr11dB_white_v2_spectrogram.png,550187__department64__chainlinkfence_f01_snr11dB_white_v2_spectrogram.png,chain_link_climbing,0,False,550187__department64__chainlinkfence_f01,,550187__department64__chainlinkfence_f01,,550187__department64__chainlinkfence_f01,1,11,white,2
C:\Users\Cengiz\Desktop\inosens-internship\dataset\synthetic_dataset\chain_link_climbing\550187__department64__chainlinkfence_f01_snr12dB_pink_v11_spectrogram.png,550187__department64__chainlinkfence_f01_snr12dB_pink_v11_spectrogram.png,chain_link_climbing,0,False,550187__department64__chainlinkfence_f01,,550187__department64__chainlinkfence_f01,,550187__department64__chainlinkfence_f01,1,12,pink,11
C:\Users\Cengiz\Desktop\inosens-internship\dataset\synthetic_dataset\chain_link_climbing\550187__department64__chainlinkfence_f01_snr12dB_pink_v20_spectrogram.png,550187__department64__chainlinkfence_f01_snr12dB_pink_v20_spectrogram.png,chain_link_climbing,0,False,550187__department64__chainlinkfence_f01,,550187__department64__chainlinkfence_f01,,550187__department64__chainlinkfence_f01,1,12,pink,20
C:\Users\Cengiz\Desktop\inosens-internship\dataset\synthetic_dataset\chain_link_climbing\550187__department64__chainlinkfence_f01_snr15dB_pink_v3_spectrogram.png,550187__department64__chainlinkfence_f01_snr15dB_pink_v3_spectrogram.png,chain_link_climbing,0,False,550187__department64__chainlinkfence_f01,,550187__department64__chainlinkfence_f01,,550187__department64__chainlinkfence_f01,1,15,pink,3
C:\Users\Cengiz\Desktop\inosens-internship\dataset\synthetic_dataset\chain_link_climbing\550187__department64__chainlinkfence_f01_snr15dB_pink_v7_spectrogram.png,550187__department64__chainlinkfence_f01_snr15dB_pink_v7_spectrogram.png,chain_link_climbing,0,False,550187__department64__chainlinkfence_f01,,550187__department64__chainlinkfence_f01,,550187__department64__chainlinkfence_f01,1,15,pink,7
C:\Users\Cengiz\Desktop\inosens-internship\dataset\synthetic_dataset\chain_link_climbing\550187__department64__chainlinkfence_f01_snr15dB_white_v17_spectrogram.png,550187__department64__chainlinkfence_f01_snr15dB_white_v17_spectrogram.png,chain_link_climbing,0,False,550187__department64__chainlinkfence_f01,,550187__department64__chainlinkfence_f01,,550187__department64__chainlinkfence_f01,1,15,white,17
C:\Users\Cengiz\Desktop\inosens-internship\dataset\synthetic_dataset\chain_link_climbing\550187__department64__chainlinkfence_f01_snr1dB_white_v22_spectrogram.png,550187__department64__chainlinkfence_f01_snr1dB_white_v22_spectrogram.png,chain_link_climbing,0,False,550187__department64__chainlinkfence_f01,,550187__department64__chainlinkfence_f01,,550187__department64__chainlinkfence_f01,1,1,white,22
C:\Users\Cengiz\Desktop\inosens-internship\dataset\synthetic_dataset\chain_link_climbing\550187__department64__chainlinkfence_f01_snr2dB_pink_v12_spectrogram.png,550187__department64__chainlinkfence_f01_snr2dB_pink_v12_spectrogram.png,chain_link_climbing,0,False,550187__department64__chainlinkfence_f01,,550187__department64__chainlinkfence_f01,,550187__department64__chainlinkfence_f01,1,2,pink,12
C:\Users\Cengiz\Desktop\inosens-internship\dataset\synthetic_dataset\chain_link_climbing\550187__department64__chainlinkfence_f01_snr2dB_white_v23_spectrogram.png,550187__department64__chainlinkfence_f01_snr2dB_white_v23_spectrogram.png,chain_link_climbing,0,False,550187__department64__chainlinkfence_f01,,550187__department64__chainlinkfence_f01,,550187__department64__chainlinkfence_f01,1,2,white,23
C:\Users\Cengiz\Desktop\inosens-internship\dataset\synthetic_dataset\chain_link_climbing\550187__department64__chainlinkfence_f01_snr3dB_pink_v19_spectrogram.png,550187__department64__chainlinkfence_f01_snr3dB_pink_v19_spectrogram.png,chain_link_climbing,0,False,550187__department64__chainlinkfence_f01,,550187__department64__chainlinkfence_f01,,550187__department64__chainlinkfence_f01,1,3,pink,19
C:\Users\Cengiz\Desktop\inosens-internship\dataset\synthetic_dataset\chain_link_climbing\550187__department64__chainlinkfence_f01_snr3dB_white_v0_spectrogram.png,550187__department64__chainlinkfence_f01_snr3dB_white_v0_spectrogram.png,chain_link_climbing,0,False,550187__department64__chainlinkfence_f01,,550187__department64__chainlinkfence_f01,,550187__department64__chainlinkfence_f01,1,3,white,0
C:\Users\Cengiz\Desktop\inosens-internship\dataset\synthetic_dataset\chain_link_climbing\550187__department64__chainlinkfence_f01_snr3dB_white_v21_spectrogram.png,550187__department64__chainlinkfence_f01_snr3dB_white_v21_spectrogram.png,chain_link_climbing,0,False,550187__department64__chainlinkfence_f01,,550187__department64__chainlinkfence_f01,,550187__department64__chainlinkfence_f01,1,3,white,21
C:\Users\Cengiz\Desktop\inosens-internship\dataset\synthetic_dataset\chain_link_climbing\550187__department64__chainlinkfence_f01_snr4dB_pink_v18_spectrogram.png,550187__department64__chainlinkfence_f01_snr4dB_pink_v18_spectrogram.png,chain_link_climbing,0,False,550187__department64__chainlinkfence_f01,,550187__department64__chainlinkfence_f01,,550187__department64__chainlinkfence_f01,1,4,pink,18
C:\Users\Cengiz\Desktop\inosens-internship\dataset\synthetic_dataset\chain_link_climbing\550187__department64__chainlinkfence_f01_snr5dB_white_v1_spectrogram.png,550187__department64__chainlinkfence_f01_snr5dB_white_v1_spectrogram.png,chain_link_climbing,0,False,550187__department64__chainlinkfence_f01,,550187__department64__chainlinkfence_f01,,550187__department64__chainlinkfence_f01,1,5,white,1
C:\Users\Cengiz\Desktop\inosens-internship\dataset\synthetic_dataset\chain_link_climbing\550187__department64__chainlinkfence_f01_snr6dB_pink_v9_spectrogram.png,550187__department64__chainlinkfence_f01_snr6dB_pink_v9_spectrogram.png,chain_link_climbing,0,False,550187__department64__chainlinkfence_f01,,550187__department64__chainlinkfence_f01,,550187__department64__chainlinkfence_f01,1,6,pink,9
C:\Users\Cengiz\Desktop\inosens-internship\dataset\synthetic_dataset\chain_link_climbing\550187__department64__chainlinkfence_f01_snr6dB_white_v14_spectrogram.png,550187__department64__chainlinkfence_f01_snr6dB_white_v14_spectrogram.png,chain_link_climbing,0,False,550187__department64__chainlinkfence_f01,,550187__department64__chainlinkfence_f01,,550187__department64__chainlinkfence_f01,1,6,white,14
C:\Users\Cengiz\Desktop\inosens-internship\dataset\synthetic_dataset\chain_link_climbing\550187__department64__chainlinkfence_f01_snr7dB_white_v15_spectrogram.png,550187__department64__chainlinkfence_f01_snr7dB_white_v15_spectrogram.png,chain_link_climbing,0,False,550187__department64__chainlinkfence_f01,,550187__department64__chainlinkfence_f01,,550187__department64__chainlinkfence_f01,1,7,white,15
C:\Users\Cengiz\Desktop\inosens-internship\dataset\synthetic_dataset\chain_link_climbing\550187__department64__chainlinkfence_f01_snr8dB_pink_v24_spectrogram.png,550187__department64__chainlinkfence_f01_snr8dB_pink_v24_spectrogram.png,chain_link_climbing,0,False,550187__department64__chainlinkfence_f01,,550187__department64__chainlinkfence_f01,,550187__department64__chainlinkfence_f01,1,8,pink,24
C:\Users\Cengiz\Desktop\inosens-internship\dataset\synthetic_dataset\chain_link_climbing\550187__department64__chainlinkfence_f01_snr9dB_pink_v16_spectrogram.png,550187__department64__chainlinkfence_f01_snr9dB_pink_v16_spectrogram.png,chain_link_climbing,0,False,550187__department64__chainlinkfence_f01,,550187__department64__chainlinkfence_f01,,550187__department64__chainlinkfence_f01,1,9,pink,16
C:\Users\Cengiz\Desktop\inosens-internship\dataset\synthetic_dataset\chain_link_climbing\550187__department64__chainlinkfence_f01_snr9dB_pink_v4_spectrogram.png,550187__department64__chainlinkfence_f01_snr9dB_pink_v4_spectrogram.png,chain_link_climbing,0,False,550187__department64__chainlinkfence_f01,,550187__department64__chainlinkfence_f01,,550187__department64__chainlinkfence_f01,1,9,pink,4
C:\Users\Cengiz\Desktop\inosens-internship\dataset\synthetic_dataset\chain_link_climbing\mixup_138250__hupguy__chain-fence-hit_sequence-01r_x_189220__starvolt__fence-rattle-1-front_snr13dB_pink_29_spectrogram.png,mixup_138250__hupguy__chain-fence-hit_sequence-01r_x_189220__starvolt__fence-rattle-1-front_snr13dB_pink_29_spectrogram.png,chain_link_climbing,0,True,138250__hupguy__chain-fence-hit_sequence-01r,189220__starvolt__fence-rattle-1-front,138250__hupguy__chain-fence-hit_sequence-01r,starvolt__fence-rattle-1,138250__hupguy__chain-fence-hit_sequence-01r|starvolt__fence-rattle-1,2,13,pink,29
C:\Users\Cengiz\Desktop\inosens-internship\dataset\synthetic_dataset\chain_link_climbing\mixup_138250__hupguy__chain-fence-hit_sequence-01r_x_189223__starvolt__fence-rattle-2-rear_snr0dB_pink_51_spectrogram.png,mixup_138250__hupguy__chain-fence-hit_sequence-01r_x_189223__starvolt__fence-rattle-2-rear_snr0dB_pink_51_spectrogram.png,chain_link_climbing,0,True,138250__hupguy__chain-fence-hit_sequence-01r,189223__starvolt__fence-rattle-2-rear,138250__hupguy__chain-fence-hit_sequence-01r,starvolt__fence-rattle-2,138250__hupguy__chain-fence-hit_sequence-01r|starvolt__fence-rattle-2,2,0,pink,51
C:\Users\Cengiz\Desktop\inosens-internship\dataset\synthetic_dataset\chain_link_climbing\mixup_138250__hupguy__chain-fence-hit_sequence-01r_x_189223__starvolt__fence-rattle-2-rear_snr10dB_pink_13_spectrogram.png,mixup_138250__hupguy__chain-fence-hit_sequence-01r_x_189223__starvolt__fence-rattle-2-rear_snr10dB_pink_13_spectrogram.png,chain_link_climbing,0,True,138250__hupguy__chain-fence-hit_sequence-01r,189223__starvolt__fence-rattle-2-rear,138250__hupguy__chain-fence-hit_sequence-01r,starvolt__fence-rattle-2,138250__hupguy__chain-fence-hit_sequence-01r|starvolt__fence-rattle-2,2,10,pink,13
C:\Users\Cengiz\Desktop\inosens-internship\dataset\synthetic_dataset\chain_link_climbing\mixup_138250__hupguy__chain-fence-hit_sequence-01r_x_189223__starvolt__fence-rattle-2-rear_snr7dB_pink_46_spectrogram.png,mixup_138250__hupguy__chain-fence-hit_sequence-01r_x_189223__starvolt__fence-rattle-2-rear_snr7dB_pink_46_spectrogram.png,chain_link_climbing,0,True,138250__hupguy__chain-fence-hit_sequence-01r,189223__starvolt__fence-rattle-2-rear,138250__hupguy__chain-fence-hit_sequence-01r,starvolt__fence-rattle-2,138250__hupguy__chain-fence-hit_sequence-01r|starvolt__fence-rattle-2,2,7,pink,46
C:\Users\Cengiz\Desktop\inosens-internship\dataset\synthetic_dataset\chain_link_climbing\mixup_138250__hupguy__chain-fence-hit_sequence-01r_x_189224__starvolt__fence-rattle-2-front_snr10dB_pink_6_spectrogram.png,mixup_138250__hupguy__chain-fence-hit_sequence-01r_x_189224__starvolt__fence-rattle-2-front_snr10dB_pink_6_spectrogram.png,chain_link_climbing,0,True,138250__hupguy__chain-fence-hit_sequence-01r,189224__starvolt__fence-rattle-2-front,138250__hupguy__chain-fence-hit_sequence-01r,starvolt__fence-rattle-2,138250__hupguy__chain-fence-hit_sequence-01r|starvolt__fence-rattle-2,2,10,pink,6
C:\Users\Cengiz\Desktop\inosens-internship\dataset\synthetic_dataset\chain_link_climbing\mixup_138250__hupguy__chain-fence-hit_sequence-01r_x_189224__starvolt__fence-rattle-2-front_snr15dB_pink_69_spectrogram.png,mixup_138250__hupguy__chain-fence-hit_sequence-01r_x_189224__starvolt__fence-rattle-2-front_snr15dB_pink_69_spectrogram.png,chain_link_climbing,0,True,138250__hupguy__chain-fence-hit_sequence-01r,189224__starvolt__fence-rattle-2-front,138250__hupguy__chain-fence-hit_sequence-01r,starvolt__fence-rattle-2,138250__hupguy__chain-fence-hit_sequence-01r|starvolt__fence-rattle-2,2,15,pink,69
C:\Users\Cengiz\Desktop\inosens-internship\dataset\synthetic_dataset\chain_link_climbing\mixup_138250__hupguy__chain-fence-hit_sequence-01r_x_189224__starvolt__fence-rattle-2-front_snr15dB_white_32_spectrogram.png,mixup_138250__hupguy__chain-fence-hit_sequence-01r_x_189224__starvolt__fence-rattle-2-front_snr15dB_white_32_spectrogram.png,chain_link_climbing,0,True,138250__hupguy__chain-fence-hit_sequence-01r,189224__starvolt__fence-rattle-2-front,138250__hupguy__chain-fence-hit_sequence-01r,starvolt__fence-rattle-2,138250__hupguy__chain-fence-hit_sequence-01r|starvolt__fence-rattle-2,2,15,white,32
C:\Users\Cengiz\Desktop\inosens-internship\dataset\synthetic_dataset\chain_link_climbing\mixup_138250__hupguy__chain-fence-hit_sequence-01r_x_189224__starvolt__fence-rattle-2-front_snr1dB_pink_80_spectrogram.png,mixup_138250__hupguy__chain-fence-hit_sequence-01r_x_189224__starvolt__fence-rattle-2-front_snr1dB_pink_80_spectrogram.png,chain_link_climbing,0,True,138250__hupguy__chain-fence-hit_sequence-01r,189224__starvolt__fence-rattle-2-front,138250__hupguy__chain-fence-hit_sequence-01r,starvolt__fence-rattle-2,138250__hupguy__chain-fence-hit_sequence-01r|starvolt__fence-rattle-2,2,1,pink,80
C:\Users\Cengiz\Desktop\inosens-internship\dataset\synthetic_dataset\chain_link_climbing\mixup_138250__hupguy__chain-fence-hit_sequence-01r_x_189224__starvolt__fence-rattle-2-front_snr4dB_white_94_spectrogram.png,mixup_138250__hupguy__chain-fence-hit_sequence-01r_x_189224__starvolt__fence-rattle-2-front_snr4dB_white_94_spectrogram.png,chain_link_climbing,0,True,138250__hupguy__chain-fence-hit_sequence-01r,189224__starvolt__fence-rattle-2-front,138250__hupguy__chain-fence-hit_sequence-01r,starvolt__fence-rattle-2,138250__hupguy__chain-fence-hit_sequence-01r|starvolt__fence-rattle-2,2,4,white,94
C:\Users\Cengiz\Desktop\inosens-internship\dataset\synthetic_dataset\chain_link_climbing\mixup_138250__hupguy__chain-fence-hit_sequence-01r_x_189224__starvolt__fence-rattle-2-front_snr9dB_pink_23_spectrogram.png,mixup_138250__hupguy__chain-fence-hit_sequence-01r_x_189224__starvolt__fence-rattle-2-front_snr9dB_pink_23_spectrogram.png,chain_link_climbing,0,True,138250__hupguy__chain-fence-hit_sequence-01r,189224__starvolt__fence-rattle-2-front,138250__hupguy__chain-fence-hit_sequence-01r,starvolt__fence-rattle-2,138250__hupguy__chain-fence-hit_sequence-01r|starvolt__fence-rattle-2,2,9,pink,23
C:\Users\Cengiz\Desktop\inosens-internship\dataset\synthetic_dataset\chain_link_climbing\mixup_138250__hupguy__chain-fence-hit_sequence-01r_x_550184__department64__chainlinkfence_f04_snr13dB_pink_50_spectrogram.png,mixup_138250__hupguy__chain-fence-hit_sequence-01r_x_550184__department64__chainlinkfence_f04_snr13dB_pink_50_spectrogram.png,chain_link_climbing,0,True,138250__hupguy__chain-fence-hit_sequence-01r,550184__department64__chainlinkfence_f04,138250__hupguy__chain-fence-hit_sequence-01r,550184__department64__chainlinkfence_f04,138250__hupguy__chain-fence-hit_sequence-01r|550184__department64__chainlinkfence_f04,2,13,pink,50
C:\Users\Cengiz\Desktop\inosens-internship\dataset\synthetic_dataset\chain_link_climbing\mixup_138250__hupguy__chain-fence-hit_sequence-01r_x_550184__department64__chainlinkfence_f04_snr6dB_white_0_spectrogram.png,mixup_138250__hupguy__chain-fence-hit_sequence-01r_x_550184__department64__chainlinkfence_f04_snr6dB_white_0_spectrogram.png,chain_link_climbing,0,True,138250__hupguy__chain-fence-hit_sequence-01r,550184__department64__chainlinkfence_f04,138250__hupguy__chain-fence-hit_sequence-01r,550184__department64__chainlinkfence_f04,138250__hupguy__chain-fence-hit_sequence-01r|550184__department64__chainlinkfence_f04,2,6,white,0
C:\Users\Cengiz\Desktop\inosens-internship\dataset\synthetic_dataset\chain_link_climbing\mixup_138250__hupguy__chain-fence-hit_sequence-01r_x_550184__department64__chainlinkfence_f04_snr7dB_pink_74_spectrogram.png,mixup_138250__hupguy__chain-fence-hit_sequence-01r_x_550184__department64__chainlinkfence_f04_snr7dB_pink_74_spectrogram.png,chain_link_climbing,0,True,138250__hupguy__chain-fence-hit_sequence-01r,550184__department64__chainlinkfence_f04,138250__hupguy__chain-fence-hit_sequence-01r,550184__department64__chainlinkfence_f04,138250__hupguy__chain-fence-hit_sequence-01r|550184__department64__chainlinkfence_f04,2,7,pink,74
C:\Users\Cengiz\Desktop\inosens-internship\dataset\synthetic_dataset\chain_link_climbing\mixup_138250__hupguy__chain-fence-hit_sequence-01r_x_550185__department64__chainlinkfence_f03_snr11dB_pink_93_spectrogram.png,mixup_138250__hupguy__chain-fence-hit_sequence-01r_x_550185__department64__chainlinkfence_f03_snr11dB_pink_93_spectrogram.png,chain_link_climbing,0,True,138250__hupguy__chain-fence-hit_sequence-01r,550185__department64__chainlinkfence_f03,138250__hupguy__chain-fence-hit_sequence-01r,550185__department64__chainlinkfence_f03,138250__hupguy__chain-fence-hit_sequence-01r|550185__department64__chainlinkfence_f03,2,11,pink,93
C:\Users\Cengiz\Desktop\inosens-internship\dataset\synthetic_dataset\chain_link_climbing\mixup_138250__hupguy__chain-fence-hit_sequence-01r_x_550185__department64__chainlinkfence_f03_snr3dB_pink_77_spectrogram.png,mixup_138250__hupguy__chain-fence-hit_sequence-01r_x_550185__department64__chainlinkfence_f03_snr3dB_pink_77_spectrogram.png,chain_link_climbing,0,True,138250__hupguy__chain-fence-hit_sequence-01r,550185__department64__chainlinkfence_f03,138250__hupguy__chain-fence-hit_sequence-01r,550185__department64__chainlinkfence_f03,138250__hupguy__chain-fence-hit_sequence-01r|550185__department64__chainlinkfence_f03,2,3,pink,77
C:\Users\Cengiz\Desktop\inosens-internship\dataset\synthetic_dataset\chain_link_climbing\mixup_138250__hupguy__chain-fence-hit_sequence-01r_x_550186__department64__chainlinkfence_f02_snr15dB_pink_14_spectrogram.png,mixup_138250__hupguy__chain-fence-hit_sequence-01r_x_550186__department64__chainlinkfence_f02_snr15dB_pink_14_spectrogram.png,chain_link_climbing,0,True,138250__hupguy__chain-fence-hit_sequence-01r,550186__department64__chainlinkfence_f02,138250__hupguy__chain-fence-hit_sequence-01r,550186__department64__chainlinkfence_f02,138250__hupguy__chain-fence-hit_sequence-01r|550186__department64__chainlinkfence_f02,2,15,pink,14
C:\Users\Cengiz\Desktop\inosens-internship\dataset\synthetic_dataset\chain_link_climbing\mixup_138250__hupguy__chain-fence-hit_sequence-01r_x_550186__department64__chainlinkfence_f02_snr3dB_white_90_spectrogram.png,mixup_138250__hupguy__chain-fence-hit_sequence-01r_x_550186__department64__chainlinkfence_f02_snr3dB_white_90_spectrogram.png,chain_link_climbing,0,True,138250__hupguy__chain-fence-hit_sequence-01r,550186__department64__chainlinkfence_f02,138250__hupguy__chain-fence-hit_sequence-01r,550186__department64__chainlinkfence_f02,138250__hupguy__chain-fence-hit_sequence-01r|550186__department64__chainlinkfence_f02,2,3,white,90
C:\Users\Cengiz\Desktop\inosens-internship\dataset\synthetic_dataset\chain_link_climbing\mixup_138250__hupguy__chain-fence-hit_sequence-01r_x_550186__department64__chainlinkfence_f02_snr4dB_white_62_spectrogram.png,mixup_138250__hupguy__chain-fence-hit_sequence-01r_x_550186__department64__chainlinkfence_f02_snr4dB_white_62_spectrogram.png,chain_link_climbing,0,True,138250__hupguy__chain-fence-hit_sequence-01r,550186__department64__chainlinkfence_f02,138250__hupguy__chain-fence-hit_sequence-01r,550186__department64__chainlinkfence_f02,138250__hupguy__chain-fence-hit_sequence-01r|550186__department64__chainlinkfence_f02,2,4,white,62
C:\Users\Cengiz\Desktop\inosens-internship\dataset\synthetic_dataset\chain_link_climbing\mixup_138250__hupguy__chain-fence-hit_sequence-01r_x_550187__department64__chainlinkfence_f01_snr11dB_white_63_spectrogram.png,mixup_138250__hupguy__chain-fence-hit_sequence-01r_x_550187__department64__chainlinkfence_f01_snr11dB_white_63_spectrogram.png,chain_link_climbing,0,True,138250__hupguy__chain-fence-hit_sequence-01r,550187__department64__chainlinkfence_f01,138250__hupguy__chain-fence-hit_sequence-01r,550187__department64__chainlinkfence_f01,138250__hupguy__chain-fence-hit_sequence-01r|550187__department64__chainlinkfence_f01,2,11,white,63
C:\Users\Cengiz\Desktop\inosens-internship\dataset\synthetic_dataset\chain_link_climbing\mixup_138250__hupguy__chain-fence-hit_sequence-01r_x_550187__department64__chainlinkfence_f01_snr12dB_pink_1_spectrogram.png,mixup_138250__hupguy__chain-fence-hit_sequence-01r_x_550187__department64__chainlinkfence_f01_snr12dB_pink_1_spectrogram.png,chain_link_climbing,0,True,138250__hupguy__chain-fence-hit_sequence-01r,550187__department64__chainlinkfence_f01,138250__hupguy__chain-fence-hit_sequence-01r,550187__department64__chainlinkfence_f01,138250__hupguy__chain-fence-hit_sequence-01r|550187__department64__chainlinkfence_f01,2,12,pink,1
C:\Users\Cengiz\Desktop\inosens-internship\dataset\synthetic_dataset\chain_link_climbing\mixup_138250__hupguy__chain-fence-hit_sequence-01r_x_550187__department64__chainlinkfence_f01_snr13dB_pink_56_spectrogram.png,mixup_138250__hupguy__chain-fence-hit_sequence-01r_x_550187__department64__chainlinkfence_f01_snr13dB_pink_56_spectrogram.png,chain_link_climbing,0,True,138250__hupguy__chain-fence-hit_sequence-01r,550187__department64__chainlinkfence_f01,138250__hupguy__chain-fence-hit_sequence-01r,550187__department64__chainlinkfence_f01,138250__hupguy__chain-fence-hit_sequence-01r|550187__department64__chainlinkfence_f01,2,13,pink,56
C:\Users\Cengiz\Desktop\inosens-internship\dataset\synthetic_dataset\chain_link_climbing\mixup_138250__hupguy__chain-fence-hit_sequence-01r_x_550187__department64__chainlinkfence_f01_snr5dB_white_58_spectrogram.png,mixup_138250__hupguy__chain-fence-hit_sequence-01r_x_550187__department64__chainlinkfence_f01_snr5dB_white_58_spectrogram.png,chain_link_climbing,0,True,138250__hupguy__chain-fence-hit_sequence-01r,550187__department64__chainlinkfence_f01,138250__hupguy__chain-fence-hit_sequence-01r,550187__department64__chainlinkfence_f01,138250__hupguy__chain-fence-hit_sequence-01r|550187__department64__chainlinkfence_f01,2,5,white,58
C:\Users\Cengiz\Desktop\inosens-internship\dataset\synthetic_dataset\chain_link_climbing\mixup_138250__hupguy__chain-fence-hit_sequence-01r_x_550187__department64__chainlinkfence_f01_snr6dB_white_10_spectrogram.png,mixup_138250__hupguy__chain-fence-hit_sequence-01r_x_550187__department64__chainlinkfence_f01_snr6dB_white_10_spectrogram.png,chain_link_climbing,0,True,138250__hupguy__chain-fence-hit_sequence-01r,550187__department64__chainlinkfence_f01,138250__hupguy__chain-fence-hit_sequence-01r,550187__department64__chainlinkfence_f01,138250__hupguy__chain-fence-hit_sequence-01r|550187__department64__chainlinkfence_f01,2,6,white,10
C:\Users\Cengiz\Desktop\inosens-internship\dataset\synthetic_dataset\chain_link_climbing\mixup_138250__hupguy__chain-fence-hit_sequence-01r_x_550187__department64__chainlinkfence_f01_snr9dB_white_47_spectrogram.png,mixup_138250__hupguy__chain-fence-hit_sequence-01r_x_550187__department64__chainlinkfence_f01_snr9dB_white_47_spectrogram.png,chain_link_climbing,0,True,138250__hupguy__chain-fence-hit_sequence-01r,550187__department64__chainlinkfence_f01,138250__hupguy__chain-fence-hit_sequence-01r,550187__department64__chainlinkfence_f01,138250__hupguy__chain-fence-hit_sequence-01r|550187__department64__chainlinkfence_f01,2,9,white,47
C:\Users\Cengiz\Desktop\inosens-internship\dataset\synthetic_dataset\chain_link_climbing\mixup_189219__starvolt__fence-rattle-1-rear_x_189220__starvolt__fence-rattle-1-front_snr11dB_pink_92_spectrogram.png,mixup_189219__starvolt__fence-rattle-1-rear_x_189220__starvolt__fence-rattle-1-front_snr11dB_pink_92_spectrogram.png,chain_link_climbing,0,True,189219__starvolt__fence-rattle-1-rear,189220__starvolt__fence-rattle-1-front,starvolt__fence-rattle-1,starvolt__fence-rattle-1,starvolt__fence-rattle-1,1,11,pink,92
C:\Users\Cengiz\Desktop\inosens-internship\dataset\synthetic_dataset\chain_link_climbing\mixup_189219__starvolt__fence-rattle-1-rear_x_189220__starvolt__fence-rattle-1-front_snr12dB_pink_44_spectrogram.png,mixup_189219__starvolt__fence-rattle-1-rear_x_189220__starvolt__fence-rattle-1-front_snr12dB_pink_44_spectrogram.png,chain_link_climbing,0,True,189219__starvolt__fence-rattle-1-rear,189220__starvolt__fence-rattle-1-front,starvolt__fence-rattle-1,starvolt__fence-rattle-1,starvolt__fence-rattle-1,1,12,pink,44
C:\Users\Cengiz\Desktop\inosens-internship\dataset\synthetic_dataset\chain_link_climbing\mixup_189219__starvolt__fence-rattle-1-rear_x_189220__starvolt__fence-rattle-1-front_snr13dB_white_3_spectrogram.png,mixup_189219__starvolt__fence-rattle-1-rear_x_189220__starvolt__fence-rattle-1-front_snr13dB_white_3_spectrogram.png,chain_link_climbing,0,True,189219__starvolt__fence-rattle-1-rear,189220__starvolt__fence-rattle-1-front,starvolt__fence-rattle-1,starvolt__fence-rattle-1,starvolt__fence-rattle-1,1,13,white,3
C:\Users\Cengiz\Desktop\inosens-internship\dataset\synthetic_dataset\chain_link_climbing\mixup_189219__starvolt__fence-rattle-1-rear_x_189223__starvolt__fence-rattle-2-rear_snr10dB_pink_37_spectrogram.png,mixup_189219__starvolt__fence-rattle-1-rear_x_189223__starvolt__fence-rattle-2-rear_snr10dB_pink_37_spectrogram.png,chain_link_climbing,0,True,189219__starvolt__fence-rattle-1-rear,189223__starvolt__fence-rattle-2-rear,starvolt__fence-rattle-1,starvolt__fence-rattle-2,starvolt__fence-rattle-1|starvolt__fence-rattle-2,2,10,pink,37
C:\Users\Cengiz\Desktop\inosens-internship\dataset\synthetic_dataset\chain_link_climbing\mixup_189219__starvolt__fence-rattle-1-rear_x_189223__starvolt__fence-rattle-2-rear_snr1dB_white_8_spectrogram.png,mixup_189219__starvolt__fence-rattle-1-rear_x_189223__starvolt__fence-rattle-2-rear_snr1dB_white_8_spectrogram.png,chain_link_climbing,0,True,189219__starvolt__fence-rattle-1-rear,189223__starvolt__fence-rattle-2-rear,starvolt__fence-rattle-1,starvolt__fence-rattle-2,starvolt__fence-rattle-1|starvolt__fence-rattle-2,2,1,white,8
C:\Users\Cengiz\Desktop\inosens-internship\dataset\synthetic_dataset\chain_link_climbing\mixup_189219__starvolt__fence-rattle-1-rear_x_189223__starvolt__fence-rattle-2-rear_snr2dB_pink_4_spectrogram.png,mixup_189219__starvolt__fence-rattle-1-rear_x_189223__starvolt__fence-rattle-2-rear_snr2dB_pink_4_spectrogram.png,chain_link_climbing,0,True,189219__starvolt__fence-rattle-1-rear,189223__starvolt__fence-rattle-2-rear,starvolt__fence-rattle-1,starvolt__fence-rattle-2,starvolt__fence-rattle-1|starvolt__fence-rattle-2,2,2,pink,4
C:\Users\Cengiz\Desktop\inosens-internship\dataset\synthetic_dataset\chain_link_climbing\mixup_189219__starvolt__fence-rattle-1-rear_x_189223__starvolt__fence-rattle-2-rear_snr6dB_white_19_spectrogram.png,mixup_189219__starvolt__fence-rattle-1-rear_x_189223__starvolt__fence-rattle-2-rear_snr6dB_white_19_spectrogram.png,chain_link_climbing,0,True,189219__starvolt__fence-rattle-1-rear,189223__starvolt__fence-rattle-2-rear,starvolt__fence-rattle-1,starvolt__fence-rattle-2,starvolt__fence-rattle-1|starvolt__fence-rattle-2,2,6,white,19
C:\Users\Cengiz\Desktop\inosens-internship\dataset\synthetic_dataset\chain_link_climbing\mixup_189219__starvolt__fence-rattle-1-rear_x_189224__starvolt__fence-rattle-2-front_snr15dB_white_65_spectrogram.png,mixup_189219__starvolt__fence-rattle-1-rear_x_189224__starvolt__fence-rattle-2-front_snr15dB_white_65_spectrogram.png,chain_link_climbing,0,True,189219__starvolt__fence-rattle-1-rear,189224__starvolt__fence-rattle-2-front,starvolt__fence-rattle-1,starvolt__fence-rattle-2,starvolt__fence-rattle-1|starvolt__fence-rattle-2,2,15,white,65
C:\Users\Cengiz\Desktop\inosens-internship\dataset\synthetic_dataset\chain_link_climbing\mixup_189219__starvolt__fence-rattle-1-rear_x_189224__starvolt__fence-rattle-2-front_snr1dB_pink_67_spectrogram.png,mixup_189219__starvolt__fence-rattle-1-rear_x_189224__starvolt__fence-rattle-2-front_snr1dB_pink_67_spectrogram.png,chain_link_climbing,0,True,189219__starvolt__fence-rattle-1-rear,189224__starvolt__fence-rattle-2-front,starvolt__fence-rattle-1,starvolt__fence-rattle-2,starvolt__fence-rattle-1|starvolt__fence-rattle-2,2,1,pink,67
C:\Users\Cengiz\Desktop\inosens-internship\dataset\synthetic_dataset\chain_link_climbing\mixup_189219__starvolt__fence-rattle-1-rear_x_550184__department64__chainlinkfence_f04_snr0dB_white_5_spectrogram.png,mixup_189219__starvolt__fence-rattle-1-rear_x_550184__department64__chainlinkfence_f04_snr0dB_white_5_spectrogram.png,chain_link_climbing,0,True,189219__starvolt__fence-rattle-1-rear,550184__department64__chainlinkfence_f04,starvolt__fence-rattle-1,550184__department64__chainlinkfence_f04,550184__department64__chainlinkfence_f04|starvolt__fence-rattle-1,2,0,white,5
C:\Users\Cengiz\Desktop\inosens-internship\dataset\synthetic_dataset\chain_link_climbing\mixup_189219__starvolt__fence-rattle-1-rear_x_550184__department64__chainlinkfence_f04_snr9dB_pink_33_spectrogram.png,mixup_189219__starvolt__fence-rattle-1-rear_x_550184__department64__chainlinkfence_f04_snr9dB_pink_33_spectrogram.png,chain_link_climbing,0,True,189219__starvolt__fence-rattle-1-rear,550184__department64__chainlinkfence_f04,starvolt__fence-rattle-1,550184__department64__chainlinkfence_f04,550184__department64__chainlinkfence_f04|starvolt__fence-rattle-1,2,9,pink,33
C:\Users\Cengiz\Desktop\inosens-internship\dataset\synthetic_dataset\chain_link_climbing\mixup_189219__starvolt__fence-rattle-1-rear_x_550185__department64__chainlinkfence_f03_snr6dB_pink_95_spectrogram.png,mixup_189219__starvolt__fence-rattle-1-rear_x_550185__department64__chainlinkfence_f03_snr6dB_pink_95_spectrogram.png,chain_link_climbing,0,True,189219__starvolt__fence-rattle-1-rear,550185__department64__chainlinkfence_f03,starvolt__fence-rattle-1,550185__department64__chainlinkfence_f03,550185__department64__chainlinkfence_f03|starvolt__fence-rattle-1,2,6,pink,95
C:\Users\Cengiz\Desktop\inosens-internship\dataset\synthetic_dataset\chain_link_climbing\mixup_189219__starvolt__fence-rattle-1-rear_x_550185__department64__chainlinkfence_f03_snr6dB_white_38_spectrogram.png,mixup_189219__starvolt__fence-rattle-1-rear_x_550185__department64__chainlinkfence_f03_snr6dB_white_38_spectrogram.png,chain_link_climbing,0,True,189219__starvolt__fence-rattle-1-rear,550185__department64__chainlinkfence_f03,starvolt__fence-rattle-1,550185__department64__chainlinkfence_f03,550185__department64__chainlinkfence_f03|starvolt__fence-rattle-1,2,6,white,38
C:\Users\Cengiz\Desktop\inosens-internship\dataset\synthetic_dataset\chain_link_climbing\mixup_189219__starvolt__fence-rattle-1-rear_x_550185__department64__chainlinkfence_f03_snr9dB_pink_71_spectrogram.png,mixup_189219__starvolt__fence-rattle-1-rear_x_550185__department64__chainlinkfence_f03_snr9dB_pink_71_spectrogram.png,chain_link_climbing,0,True,189219__starvolt__fence-rattle-1-rear,550185__department64__chainlinkfence_f03,starvolt__fence-rattle-1,550185__department64__chainlinkfence_f03,550185__department64__chainlinkfence_f03|starvolt__fence-rattle-1,2,9,pink,71
C:\Users\Cengiz\Desktop\inosens-internship\dataset\synthetic_dataset\chain_link_climbing\mixup_189219__starvolt__fence-rattle-1-rear_x_550186__department64__chainlinkfence_f02_snr14dB_white_88_spectrogram.png,mixup_189219__starvolt__fence-rattle-1-rear_x_550186__department64__chainlinkfence_f02_snr14dB_white_88_spectrogram.png,chain_link_climbing,0,True,189219__starvolt__fence-rattle-1-rear,550186__department64__chainlinkfence_f02,starvolt__fence-rattle-1,550186__department64__chainlinkfence_f02,550186__department64__chainlinkfence_f02|starvolt__fence-rattle-1,2,14,white,88
C:\Users\Cengiz\Desktop\inosens-internship\dataset\synthetic_dataset\chain_link_climbing\mixup_189219__starvolt__fence-rattle-1-rear_x_550186__department64__chainlinkfence_f02_snr1dB_white_17_spectrogram.png,mixup_189219__starvolt__fence-rattle-1-rear_x_550186__department64__chainlinkfence_f02_snr1dB_white_17_spectrogram.png,chain_link_climbing,0,True,189219__starvolt__fence-rattle-1-rear,550186__department64__chainlinkfence_f02,starvolt__fence-rattle-1,550186__department64__chainlinkfence_f02,550186__department64__chainlinkfence_f02|starvolt__fence-rattle-1,2,1,white,17
C:\Users\Cengiz\Desktop\inosens-internship\dataset\synthetic_dataset\chain_link_climbing\mixup_189219__starvolt__fence-rattle-1-rear_x_550186__department64__chainlinkfence_f02_snr3dB_white_72_spectrogram.png,mixup_189219__starvolt__fence-rattle-1-rear_x_550186__department64__chainlinkfence_f02_snr3dB_white_72_spectrogram.png,chain_link_climbing,0,True,189219__starvolt__fence-rattle-1-rear,550186__department64__chainlinkfence_f02,starvolt__fence-rattle-1,550186__department64__chainlinkfence_f02,550186__department64__chainlinkfence_f02|starvolt__fence-rattle-1,2,3,white,72
C:\Users\Cengiz\Desktop\inosens-internship\dataset\synthetic_dataset\chain_link_climbing\mixup_189219__starvolt__fence-rattle-1-rear_x_550186__department64__chainlinkfence_f02_snr6dB_pink_97_spectrogram.png,mixup_189219__starvolt__fence-rattle-1-rear_x_550186__department64__chainlinkfence_f02_snr6dB_pink_97_spectrogram.png,chain_link_climbing,0,True,189219__starvolt__fence-rattle-1-rear,550186__department64__chainlinkfence_f02,starvolt__fence-rattle-1,550186__department64__chainlinkfence_f02,550186__department64__chainlinkfence_f02|starvolt__fence-rattle-1,2,6,pink,97
C:\Users\Cengiz\Desktop\inosens-internship\dataset\synthetic_dataset\chain_link_climbing\mixup_189219__starvolt__fence-rattle-1-rear_x_550187__department64__chainlinkfence_f01_snr2dB_pink_11_spectrogram.png,mixup_189219__starvolt__fence-rattle-1-rear_x_550187__department64__chainlinkfence_f01_snr2dB_pink_11_spectrogram.png,chain_link_climbing,0,True,189219__starvolt__fence-rattle-1-rear,550187__department64__chainlinkfence_f01,starvolt__fence-rattle-1,550187__department64__chainlinkfence_f01,550187__department64__chainlinkfence_f01|starvolt__fence-rattle-1,2,2,pink,11
C:\Users\Cengiz\Desktop\inosens-internship\dataset\synthetic_dataset\chain_link_climbing\mixup_189219__starvolt__fence-rattle-1-rear_x_550187__department64__chainlinkfence_f01_snr2dB_pink_25_spectrogram.png,mixup_189219__starvolt__fence-rattle-1-rear_x_550187__department64__chainlinkfence_f01_snr2dB_pink_25_spectrogram.png,chain_link_climbing,0,True,189219__starvolt__fence-rattle-1-rear,550187__department64__chainlinkfence_f01,starvolt__fence-rattle-1,550187__department64__chainlinkfence_f01,550187__department64__chainlinkfence_f01|starvolt__fence-rattle-1,2,2,pink,25
C:\Users\Cengiz\Desktop\inosens-internship\dataset\synthetic_dataset\chain_link_climbing\mixup_189220__starvolt__fence-rattle-1-front_x_189223__starvolt__fence-rattle-2-rear_snr10dB_pink_76_spectrogram.png,mixup_189220__starvolt__fence-rattle-1-front_x_189223__starvolt__fence-rattle-2-rear_snr10dB_pink_76_spectrogram.png,chain_link_climbing,0,True,189220__starvolt__fence-rattle-1-front,189223__starvolt__fence-rattle-2-rear,starvolt__fence-rattle-1,starvolt__fence-rattle-2,starvolt__fence-rattle-1|starvolt__fence-rattle-2,2,10,pink,76
C:\Users\Cengiz\Desktop\inosens-internship\dataset\synthetic_dataset\chain_link_climbing\mixup_189220__starvolt__fence-rattle-1-front_x_189223__starvolt__fence-rattle-2-rear_snr11dB_pink_9_spectrogram.png,mixup_189220__starvolt__fence-rattle-1-front_x_189223__starvolt__fence-rattle-2-rear_snr11dB_pink_9_spectrogram.png,chain_link_climbing,0,True,189220__starvolt__fence-rattle-1-front,189223__starvolt__fence-rattle-2-rear,starvolt__fence-rattle-1,starvolt__fence-rattle-2,starvolt__fence-rattle-1|starvolt__fence-rattle-2,2,11,pink,9
C:\Users\Cengiz\Desktop\inosens-internship\dataset\synthetic_dataset\chain_link_climbing\mixup_189220__starvolt__fence-rattle-1-front_x_189223__starvolt__fence-rattle-2-rear_snr14dB_pink_31_spectrogram.png,mixup_189220__starvolt__fence-rattle-1-front_x_189223__starvolt__fence-rattle-2-rear_snr14dB_pink_31_spectrogram.png,chain_link_climbing,0,True,189220__starvolt__fence-rattle-1-front,189223__starvolt__fence-rattle-2-rear,starvolt__fence-rattle-1,starvolt__fence-rattle-2,starvolt__fence-rattle-1|starvolt__fence-rattle-2,2,14,pink,31
C:\Users\Cengiz\Desktop\inosens-internship\dataset\synthetic_dataset\chain_link_climbing\mixup_189220__starvolt__fence-rattle-1-front_x_189223__starvolt__fence-rattle-2-rear_snr5dB_pink_36_spectrogram.png,mixup_189220__starvolt__fence-rattle-1-front_x_189223__starvolt__fence-rattle-2-rear_snr5dB_pink_36_spectrogram.png,chain_link_climbing,0,True,189220__starvolt__fence-rattle-1-front,189223__starvolt__fence-rattle-2-rear,starvolt__fence-rattle-1,starvolt__fence-rattle-2,starvolt__fence-rattle-1|starvolt__fence-rattle-2,2,5,pink,36
C:\Users\Cengiz\Desktop\inosens-internship\dataset\synthetic_dataset\chain_link_climbing\mixup_189220__starvolt__fence-rattle-1-front_x_189223__starvolt__fence-rattle-2-rear_snr6dB_white_66_spectrogram.png,mixup_189220__starvolt__fence-rattle-1-front_x_189223__starvolt__fence-rattle-2-rear_snr6dB_white_66_spectrogram.png,chain_link_climbing,0,True,189220__starvolt__fence-rattle-1-front,189223__starvolt__fence-rattle-2-rear,starvolt__fence-rattle-1,starvolt__fence-rattle-2,starvolt__fence-rattle-1|starvolt__fence-rattle-2,2,6,white,66
C:\Users\Cengiz\Desktop\inosens-internship\dataset\synthetic_dataset\chain_link_climbing\mixup_189220__starvolt__fence-rattle-1-front_x_189224__starvolt__fence-rattle-2-front_snr1dB_pink_24_spectrogram.png,mixup_189220__starvolt__fence-rattle-1-front_x_189224__starvolt__fence-rattle-2-front_snr1dB_pink_24_spectrogram.png,chain_link_climbing,0,True,189220__starvolt__fence-rattle-1-front,189224__starvolt__fence-rattle-2-front,starvolt__fence-rattle-1,starvolt__fence-rattle-2,starvolt__fence-rattle-1|starvolt__fence-rattle-2,2,1,pink,24
C:\Users\Cengiz\Desktop\inosens-internship\dataset\synthetic_dataset\chain_link_climbing\mixup_189220__starvolt__fence-rattle-1-front_x_189224__starvolt__fence-rattle-2-front_snr2dB_pink_34_spectrogram.png,mixup_189220__starvolt__fence-rattle-1-front_x_189224__starvolt__fence-rattle-2-front_snr2dB_pink_34_spectrogram.png,chain_link_climbing,0,True,189220__starvolt__fence-rattle-1-front,189224__starvolt__fence-rattle-2-front,starvolt__fence-rattle-1,starvolt__fence-rattle-2,starvolt__fence-rattle-1|starvolt__fence-rattle-2,2,2,pink,34
C:\Users\Cengiz\Desktop\inosens-internship\dataset\synthetic_dataset\chain_link_climbing\mixup_189220__starvolt__fence-rattle-1-front_x_550185__department64__chainlinkfence_f03_snr13dB_white_59_spectrogram.png,mixup_189220__starvolt__fence-rattle-1-front_x_550185__department64__chainlinkfence_f03_snr13dB_white_59_spectrogram.png,chain_link_climbing,0,True,189220__starvolt__fence-rattle-1-front,550185__department64__chainlinkfence_f03,starvolt__fence-rattle-1,550185__department64__chainlinkfence_f03,550185__department64__chainlinkfence_f03|starvolt__fence-rattle-1,2,13,white,59
C:\Users\Cengiz\Desktop\inosens-internship\dataset\synthetic_dataset\chain_link_climbing\mixup_189220__starvolt__fence-rattle-1-front_x_550185__department64__chainlinkfence_f03_snr14dB_white_41_spectrogram.png,mixup_189220__starvolt__fence-rattle-1-front_x_550185__department64__chainlinkfence_f03_snr14dB_white_41_spectrogram.png,chain_link_climbing,0,True,189220__starvolt__fence-rattle-1-front,550185__department64__chainlinkfence_f03,starvolt__fence-rattle-1,550185__department64__chainlinkfence_f03,550185__department64__chainlinkfence_f03|starvolt__fence-rattle-1,2,14,white,41
C:\Users\Cengiz\Desktop\inosens-internship\dataset\synthetic_dataset\chain_link_climbing\mixup_189220__starvolt__fence-rattle-1-front_x_550185__department64__chainlinkfence_f03_snr14dB_white_73_spectrogram.png,mixup_189220__starvolt__fence-rattle-1-front_x_550185__department64__chainlinkfence_f03_snr14dB_white_73_spectrogram.png,chain_link_climbing,0,True,189220__starvolt__fence-rattle-1-front,550185__department64__chainlinkfence_f03,starvolt__fence-rattle-1,550185__department64__chainlinkfence_f03,550185__department64__chainlinkfence_f03|starvolt__fence-rattle-1,2,14,white,73
C:\Users\Cengiz\Desktop\inosens-internship\dataset\synthetic_dataset\chain_link_climbing\mixup_189220__starvolt__fence-rattle-1-front_x_550185__department64__chainlinkfence_f03_snr3dB_pink_27_spectrogram.png,mixup_189220__starvolt__fence-rattle-1-front_x_550185__department64__chainlinkfence_f03_snr3dB_pink_27_spectrogram.png,chain_link_climbing,0,True,189220__starvolt__fence-rattle-1-front,550185__department64__chainlinkfence_f03,starvolt__fence-rattle-1,550185__department64__chainlinkfence_f03,550185__department64__chainlinkfence_f03|starvolt__fence-rattle-1,2,3,pink,27
C:\Users\Cengiz\Desktop\inosens-internship\dataset\synthetic_dataset\chain_link_climbing\mixup_189220__starvolt__fence-rattle-1-front_x_550185__department64__chainlinkfence_f03_snr6dB_pink_49_spectrogram.png,mixup_189220__starvolt__fence-rattle-1-front_x_550185__department64__chainlinkfence_f03_snr6dB_pink_49_spectrogram.png,chain_link_climbing,0,True,189220__starvolt__fence-rattle-1-front,550185__department64__chainlinkfence_f03,starvolt__fence-rattle-1,550185__department64__chainlinkfence_f03,550185__department64__chainlinkfence_f03|starvolt__fence-rattle-1,2,6,pink,49
C:\Users\Cengiz\Desktop\inosens-internship\dataset\synthetic_dataset\chain_link_climbing\mixup_189220__starvolt__fence-rattle-1-front_x_550186__department64__chainlinkfence_f02_snr12dB_white_64_spectrogram.png,mixup_189220__starvolt__fence-rattle-1-front_x_550186__department64__chainlinkfence_f02_snr12dB_white_64_spectrogram.png,chain_link_climbing,0,True,189220__starvolt__fence-rattle-1-front,550186__department64__chainlinkfence_f02,starvolt__fence-rattle-1,550186__department64__chainlinkfence_f02,550186__department64__chainlinkfence_f02|starvolt__fence-rattle-1,2,12,white,64
C:\Users\Cengiz\Desktop\inosens-internship\dataset\synthetic_dataset\chain_link_climbing\mixup_189220__starvolt__fence-rattle-1-front_x_550186__department64__chainlinkfence_f02_snr15dB_white_79_spectrogram.png,mixup_189220__starvolt__fence-rattle-1-front_x_550186__department64__chainlinkfence_f02_snr15dB_white_79_spectrogram.png,chain_link_climbing,0,True,189220__starvolt__fence-rattle-1-front,550186__department64__chainlinkfence_f02,starvolt__fence-rattle-1,550186__department64__chainlinkfence_f02,550186__department64__chainlinkfence_f02|starvolt__fence-rattle-1,2,15,white,79
C:\Users\Cengiz\Desktop\inosens-internship\dataset\synthetic_dataset\chain_link_climbing\mixup_189220__starvolt__fence-rattle-1-front_x_550186__department64__chainlinkfence_f02_snr3dB_pink_87_spectrogram.png,mixup_189220__starvolt__fence-rattle-1-front_x_550186__department64__chainlinkfence_f02_snr3dB_pink_87_spectrogram.png,chain_link_climbing,0,True,189220__starvolt__fence-rattle-1-front,550186__department64__chainlinkfence_f02,starvolt__fence-rattle-1,550186__department64__chainlinkfence_f02,550186__department64__chainlinkfence_f02|starvolt__fence-rattle-1,2,3,pink,87
C:\Users\Cengiz\Desktop\inosens-internship\dataset\synthetic_dataset\chain_link_climbing\mixup_189220__starvolt__fence-rattle-1-front_x_550186__department64__chainlinkfence_f02_snr6dB_pink_39_spectrogram.png,mixup_189220__starvolt__fence-rattle-1-front_x_550186__department64__chainlinkfence_f02_snr6dB_pink_39_spectrogram.png,chain_link_climbing,0,True,189220__starvolt__fence-rattle-1-front,550186__department64__chainlinkfence_f02,starvolt__fence-rattle-1,550186__department64__chainlinkfence_f02,550186__department64__chainlinkfence_f02|starvolt__fence-rattle-1,2,6,pink,39
C:\Users\Cengiz\Desktop\inosens-internship\dataset\synthetic_dataset\chain_link_climbing\mixup_189220__starvolt__fence-rattle-1-front_x_550187__department64__chainlinkfence_f01_snr14dB_pink_55_spectrogram.png,mixup_189220__starvolt__fence-rattle-1-front_x_550187__department64__chainlinkfence_f01_snr14dB_pink_55_spectrogram.png,chain_link_climbing,0,True,189220__starvolt__fence-rattle-1-front,550187__department64__chainlinkfence_f01,starvolt__fence-rattle-1,550187__department64__chainlinkfence_f01,550187__department64__chainlinkfence_f01|starvolt__fence-rattle-1,2,14,pink,55
C:\Users\Cengiz\Desktop\inosens-internship\dataset\synthetic_dataset\chain_link_climbing\mixup_189220__starvolt__fence-rattle-1-front_x_550187__department64__chainlinkfence_f01_snr2dB_pink_54_spectrogram.png,mixup_189220__starvolt__fence-rattle-1-front_x_550187__department64__chainlinkfence_f01_snr2dB_pink_54_spectrogram.png,chain_link_climbing,0,True,189220__starvolt__fence-rattle-1-front,550187__department64__chainlinkfence_f01,starvolt__fence-rattle-1,550187__department64__chainlinkfence_f01,550187__department64__chainlinkfence_f01|starvolt__fence-rattle-1,2,2,pink,54
C:\Users\Cengiz\Desktop\inosens-internship\dataset\synthetic_dataset\chain_link_climbing\mixup_189220__starvolt__fence-rattle-1-front_x_550187__department64__chainlinkfence_f01_snr9dB_white_68_spectrogram.png,mixup_189220__starvolt__fence-rattle-1-front_x_550187__department64__chainlinkfence_f01_snr9dB_white_68_spectrogram.png,chain_link_climbing,0,True,189220__starvolt__fence-rattle-1-front,550187__department64__chainlinkfence_f01,starvolt__fence-rattle-1,550187__department64__chainlinkfence_f01,550187__department64__chainlinkfence_f01|starvolt__fence-rattle-1,2,9,white,68
C:\Users\Cengiz\Desktop\inosens-internship\dataset\synthetic_dataset\chain_link_climbing\mixup_189223__starvolt__fence-rattle-2-rear_x_189224__starvolt__fence-rattle-2-front_snr13dB_white_22_spectrogram.png,mixup_189223__starvolt__fence-rattle-2-rear_x_189224__starvolt__fence-rattle-2-front_snr13dB_white_22_spectrogram.png,chain_link_climbing,0,True,189223__starvolt__fence-rattle-2-rear,189224__starvolt__fence-rattle-2-front,starvolt__fence-rattle-2,starvolt__fence-rattle-2,starvolt__fence-rattle-2,1,13,white,22
C:\Users\Cengiz\Desktop\inosens-internship\dataset\synthetic_dataset\chain_link_climbing\mixup_189223__starvolt__fence-rattle-2-rear_x_189224__starvolt__fence-rattle-2-front_snr7dB_white_82_spectrogram.png,mixup_189223__starvolt__fence-rattle-2-rear_x_189224__starvolt__fence-rattle-2-front_snr7dB_white_82_spectrogram.png,chain_link_climbing,0,True,189223__starvolt__fence-rattle-2-rear,189224__starvolt__fence-rattle-2-front,starvolt__fence-rattle-2,starvolt__fence-rattle-2,starvolt__fence-rattle-2,1,7,white,82
C:\Users\Cengiz\Desktop\inosens-internship\dataset\synthetic_dataset\chain_link_climbing\mixup_189223__starvolt__fence-rattle-2-rear_x_550184__department64__chainlinkfence_f04_snr0dB_white_99_spectrogram.png,mixup_189223__starvolt__fence-rattle-2-rear_x_550184__department64__chainlinkfence_f04_snr0dB_white_99_spectrogram.png,chain_link_climbing,0,True,189223__starvolt__fence-rattle-2-rear,550184__department64__chainlinkfence_f04,starvolt__fence-rattle-2,550184__department64__chainlinkfence_f04,550184__department64__chainlinkfence_f04|starvolt__fence-rattle-2,2,0,white,99
C:\Users\Cengiz\Desktop\inosens-internship\dataset\synthetic_dataset\chain_link_climbing\mixup_189223__starvolt__fence-rattle-2-rear_x_550184__department64__chainlinkfence_f04_snr1dB_white_53_spectrogram.png,mixup_189223__starvolt__fence-rattle-2-rear_x_550184__department64__chainlinkfence_f04_snr1dB_white_53_spectrogram.png,chain_link_climbing,0,True,189223__starvolt__fence-rattle-2-rear,550184__department64__chainlinkfence_f04,starvolt__fence-rattle-2,550184__department64__chainlinkfence_f04,550184__department64__chainlinkfence_f04|starvolt__fence-rattle-2,2,1,white,53
C:\Users\Cengiz\Desktop\inosens-internship\dataset\synthetic_dataset\chain_link_climbing\mixup_189223__starvolt__fence-rattle-2-rear_x_550184__department64__chainlinkfence_f04_snr7dB_white_86_spectrogram.png,mixup_189223__starvolt__fence-rattle-2-rear_x_550184__department64__chainlinkfence_f04_snr7dB_white_86_spectrogram.png,chain_link_climbing,0,True,189223__starvolt__fence-rattle-2-rear,550184__department64__chainlinkfence_f04,starvolt__fence-rattle-2,550184__department64__chainlinkfence_f04,550184__department64__chainlinkfence_f04|starvolt__fence-rattle-2,2,7,white,86
C:\Users\Cengiz\Desktop\inosens-internship\dataset\synthetic_dataset\chain_link_climbing\mixup_189223__starvolt__fence-rattle-2-rear_x_550184__department64__chainlinkfence_f04_snr8dB_white_75_spectrogram.png,mixup_189223__starvolt__fence-rattle-2-rear_x_550184__department64__chainlinkfence_f04_snr8dB_white_75_spectrogram.png,chain_link_climbing,0,True,189223__starvolt__fence-rattle-2-rear,550184__department64__chainlinkfence_f04,starvolt__fence-rattle-2,550184__department64__chainlinkfence_f04,550184__department64__chainlinkfence_f04|starvolt__fence-rattle-2,2,8,white,75
C:\Users\Cengiz\Desktop\inosens-internship\dataset\synthetic_dataset\chain_link_climbing\mixup_189223__starvolt__fence-rattle-2-rear_x_550185__department64__chainlinkfence_f03_snr1dB_white_26_spectrogram.png,mixup_189223__starvolt__fence-rattle-2-rear_x_550185__department64__chainlinkfence_f03_snr1dB_white_26_spectrogram.png,chain_link_climbing,0,True,189223__starvolt__fence-rattle-2-rear,550185__department64__chainlinkfence_f03,starvolt__fence-rattle-2,550185__department64__chainlinkfence_f03,550185__department64__chainlinkfence_f03|starvolt__fence-rattle-2,2,1,white,26
C:\Users\Cengiz\Desktop\inosens-internship\dataset\synthetic_dataset\chain_link_climbing\mixup_189223__starvolt__fence-rattle-2-rear_x_550185__department64__chainlinkfence_f03_snr3dB_white_21_spectrogram.png,mixup_189223__starvolt__fence-rattle-2-rear_x_550185__department64__chainlinkfence_f03_snr3dB_white_21_spectrogram.png,chain_link_climbing,0,True,189223__starvolt__fence-rattle-2-rear,550185__department64__chainlinkfence_f03,starvolt__fence-rattle-2,550185__department64__chainlinkfence_f03,550185__department64__chainlinkfence_f03|starvolt__fence-rattle-2,2,3,white,21
C:\Users\Cengiz\Desktop\inosens-internship\dataset\synthetic_dataset\chain_link_climbing\mixup_189223__starvolt__fence-rattle-2-rear_x_550186__department64__chainlinkfence_f02_snr5dB_white_2_spectrogram.png,mixup_189223__starvolt__fence-rattle-2-rear_x_550186__department64__chainlinkfence_f02_snr5dB_white_2_spectrogram.png,chain_link_climbing,0,True,189223__starvolt__fence-rattle-2-rear,550186__department64__chainlinkfence_f02,starvolt__fence-rattle-2,550186__department64__chainlinkfence_f02,550186__department64__chainlinkfence_f02|starvolt__fence-rattle-2,2,5,white,2
C:\Users\Cengiz\Desktop\inosens-internship\dataset\synthetic_dataset\chain_link_climbing\mixup_189223__starvolt__fence-rattle-2-rear_x_550187__department64__chainlinkfence_f01_snr12dB_pink_83_spectrogram.png,mixup_189223__starvolt__fence-rattle-2-rear_x_550187__department64__chainlinkfence_f01_snr12dB_pink_83_spectrogram.png,chain_link_climbing,0,True,189223__starvolt__fence-rattle-2-rear,550187__department64__chainlinkfence_f01,starvolt__fence-rattle-2,550187__department64__chainlinkfence_f01,550187__department64__chainlinkfence_f01|starvolt__fence-rattle-2,2,12,pink,83
C:\Users\Cengiz\Desktop\inosens-internship\dataset\synthetic_dataset\chain_link_climbing\mixup_189223__starvolt__fence-rattle-2-rear_x_550187__department64__chainlinkfence_f01_snr1dB_white_61_spectrogram.png,mixup_189223__starvolt__fence-rattle-2-rear_x_550187__department64__chainlinkfence_f01_snr1dB_white_61_spectrogram.png,chain_link_climbing,0,True,189223__starvolt__fence-rattle-2-rear,550187__department64__chainlinkfence_f01,starvolt__fence-rattle-2,550187__department64__chainlinkfence_f01,550187__department64__chainlinkfence_f01|starvolt__fence-rattle-2,2,1,white,61
C:\Users\Cengiz\Desktop\inosens-internship\dataset\synthetic_dataset\chain_link_climbing\mixup_189223__starvolt__fence-rattle-2-rear_x_550187__department64__chainlinkfence_f01_snr4dB_pink_96_spectrogram.png,mixup_189223__starvolt__fence-rattle-2-rear_x_550187__department64__chainlinkfence_f01_snr4dB_pink_96_spectrogram.png,chain_link_climbing,0,True,189223__starvolt__fence-rattle-2-rear,550187__department64__chainlinkfence_f01,starvolt__fence-rattle-2,550187__department64__chainlinkfence_f01,550187__department64__chainlinkfence_f01|starvolt__fence-rattle-2,2,4,pink,96
C:\Users\Cengiz\Desktop\inosens-internship\dataset\synthetic_dataset\chain_link_climbing\mixup_189223__starvolt__fence-rattle-2-rear_x_550187__department64__chainlinkfence_f01_snr7dB_white_78_spectrogram.png,mixup_189223__starvolt__fence-rattle-2-rear_x_550187__department64__chainlinkfence_f01_snr7dB_white_78_spectrogram.png,chain_link_climbing,0,True,189223__starvolt__fence-rattle-2-rear,550187__department64__chainlinkfence_f01,starvolt__fence-rattle-2,550187__department64__chainlinkfence_f01,550187__department64__chainlinkfence_f01|starvolt__fence-rattle-2,2,7,white,78
C:\Users\Cengiz\Desktop\inosens-internship\dataset\synthetic_dataset\chain_link_climbing\mixup_189224__starvolt__fence-rattle-2-front_x_550184__department64__chainlinkfence_f04_snr13dB_white_7_spectrogram.png,mixup_189224__starvolt__fence-rattle-2-front_x_550184__department64__chainlinkfence_f04_snr13dB_white_7_spectrogram.png,chain_link_climbing,0,True,189224__starvolt__fence-rattle-2-front,550184__department64__chainlinkfence_f04,starvolt__fence-rattle-2,550184__department64__chainlinkfence_f04,550184__department64__chainlinkfence_f04|starvolt__fence-rattle-2,2,13,white,7
C:\Users\Cengiz\Desktop\inosens-internship\dataset\synthetic_dataset\chain_link_climbing\mixup_189224__starvolt__fence-rattle-2-front_x_550184__department64__chainlinkfence_f04_snr1dB_white_81_spectrogram.png,mixup_189224__starvolt__fence-rattle-2-front_x_550184__department64__chainlinkfence_f04_snr1dB_white_81_spectrogram.png,chain_link_climbing,0,True,189224__starvolt__fence-rattle-2-front,550184__department64__chainlinkfence_f04,starvolt__fence-rattle-2,550184__department64__chainlinkfence_f04,550184__department64__chainlinkfence_f04|starvolt__fence-rattle-2,2,1,white,81
C:\Users\Cengiz\Desktop\inosens-internship\dataset\synthetic_dataset\chain_link_climbing\mixup_189224__starvolt__fence-rattle-2-front_x_550185__department64__chainlinkfence_f03_snr12dB_pink_12_spectrogram.png,mixup_189224__starvolt__fence-rattle-2-front_x_550185__department64__chainlinkfence_f03_snr12dB_pink_12_spectrogram.png,chain_link_climbing,0,True,189224__starvolt__fence-rattle-2-front,550185__department64__chainlinkfence_f03,starvolt__fence-rattle-2,550185__department64__chainlinkfence_f03,550185__department64__chainlinkfence_f03|starvolt__fence-rattle-2,2,12,pink,12
C:\Users\Cengiz\Desktop\inosens-internship\dataset\synthetic_dataset\chain_link_climbing\mixup_189224__starvolt__fence-rattle-2-front_x_550185__department64__chainlinkfence_f03_snr4dB_pink_91_spectrogram.png,mixup_189224__starvolt__fence-rattle-2-front_x_550185__department64__chainlinkfence_f03_snr4dB_pink_91_spectrogram.png,chain_link_climbing,0,True,189224__starvolt__fence-rattle-2-front,550185__department64__chainlinkfence_f03,starvolt__fence-rattle-2,550185__department64__chainlinkfence_f03,550185__department64__chainlinkfence_f03|starvolt__fence-rattle-2,2,4,pink,91
C:\Users\Cengiz\Desktop\inosens-internship\dataset\synthetic_dataset\chain_link_climbing\mixup_189224__starvolt__fence-rattle-2-front_x_550185__department64__chainlinkfence_f03_snr8dB_pink_20_spectrogram.png,mixup_189224__starvolt__fence-rattle-2-front_x_550185__department64__chainlinkfence_f03_snr8dB_pink_20_spectrogram.png,chain_link_climbing,0,True,189224__starvolt__fence-rattle-2-front,550185__department64__chainlinkfence_f03,starvolt__fence-rattle-2,550185__department64__chainlinkfence_f03,550185__department64__chainlinkfence_f03|starvolt__fence-rattle-2,2,8,pink,20
C:\Users\Cengiz\Desktop\inosens-internship\dataset\synthetic_dataset\chain_link_climbing\mixup_189224__starvolt__fence-rattle-2-front_x_550186__department64__chainlinkfence_f02_snr2dB_white_28_spectrogram.png,mixup_189224__starvolt__fence-rattle-2-front_x_550186__department64__chainlinkfence_f02_snr2dB_white_28_spectrogram.png,chain_link_climbing,0,True,189224__starvolt__fence-rattle-2-front,550186__department64__chainlinkfence_f02,starvolt__fence-rattle-2,550186__department64__chainlinkfence_f02,550186__department64__chainlinkfence_f02|starvolt__fence-rattle-2,2,2,white,28
C:\Users\Cengiz\Desktop\inosens-internship\dataset\synthetic_dataset\chain_link_climbing\mixup_189224__starvolt__fence-rattle-2-front_x_550186__department64__chainlinkfence_f02_snr6dB_white_35_spectrogram.png,mixup_189224__starvolt__fence-rattle-2-front_x_550186__department64__chainlinkfence_f02_snr6dB_white_35_spectrogram.png,chain_link_climbing,0,True,189224__starvolt__fence-rattle-2-front,550186__department64__chainlinkfence_f02,starvolt__fence-rattle-2,550186__department64__chainlinkfence_f02,550186__department64__chainlinkfence_f02|starvolt__fence-rattle-2,2,6,white,35
C:\Users\Cengiz\Desktop\inosens-internship\dataset\synthetic_dataset\chain_link_climbing\mixup_189224__starvolt__fence-rattle-2-front_x_550186__department64__chainlinkfence_f02_snr6dB_white_85_spectrogram.png,mixup_189224__starvolt__fence-rattle-2-front_x_550186__department64__chainlinkfence_f02_snr6dB_white_85_spectrogram.png,chain_link_climbing,0,True,189224__starvolt__fence-rattle-2-front,550186__department64__chainlinkfence_f02,starvolt__fence-rattle-2,550186__department64__chainlinkfence_f02,550186__department64__chainlinkfence_f02|starvolt__fence-rattle-2,2,6,white,85
C:\Users\Cengiz\Desktop\inosens-internship\dataset\synthetic_dataset\chain_link_climbing\mixup_189224__starvolt__fence-rattle-2-front_x_550186__department64__chainlinkfence_f02_snr8dB_pink_89_spectrogram.png,mixup_189224__starvolt__fence-rattle-2-front_x_550186__department64__chainlinkfence_f02_snr8dB_pink_89_spectrogram.png,chain_link_climbing,0,True,189224__starvolt__fence-rattle-2-front,550186__department64__chainlinkfence_f02,starvolt__fence-rattle-2,550186__department64__chainlinkfence_f02,550186__department64__chainlinkfence_f02|starvolt__fence-rattle-2,2,8,pink,89
C:\Users\Cengiz\Desktop\inosens-internship\dataset\synthetic_dataset\chain_link_climbing\mixup_189224__starvolt__fence-rattle-2-front_x_550187__department64__chainlinkfence_f01_snr1dB_pink_70_spectrogram.png,mixup_189224__starvolt__fence-rattle-2-front_x_550187__department64__chainlinkfence_f01_snr1dB_pink_70_spectrogram.png,chain_link_climbing,0,True,189224__starvolt__fence-rattle-2-front,550187__department64__chainlinkfence_f01,starvolt__fence-rattle-2,550187__department64__chainlinkfence_f01,550187__department64__chainlinkfence_f01|starvolt__fence-rattle-2,2,1,pink,70
C:\Users\Cengiz\Desktop\inosens-internship\dataset\synthetic_dataset\chain_link_climbing\mixup_550184__department64__chainlinkfence_f04_x_550185__department64__chainlinkfence_f03_snr10dB_pink_42_spectrogram.png,mixup_550184__department64__chainlinkfence_f04_x_550185__department64__chainlinkfence_f03_snr10dB_pink_42_spectrogram.png,chain_link_climbing,0,True,550184__department64__chainlinkfence_f04,550185__department64__chainlinkfence_f03,550184__department64__chainlinkfence_f04,550185__department64__chainlinkfence_f03,550184__department64__chainlinkfence_f04|550185__department64__chainlinkfence_f03,2,10,pink,42
C:\Users\Cengiz\Desktop\inosens-internship\dataset\synthetic_dataset\chain_link_climbing\mixup_550184__department64__chainlinkfence_f04_x_550186__department64__chainlinkfence_f02_snr1dB_white_57_spectrogram.png,mixup_550184__department64__chainlinkfence_f04_x_550186__department64__chainlinkfence_f02_snr1dB_white_57_spectrogram.png,chain_link_climbing,0,True,550184__department64__chainlinkfence_f04,550186__department64__chainlinkfence_f02,550184__department64__chainlinkfence_f04,550186__department64__chainlinkfence_f02,550184__department64__chainlinkfence_f04|550186__department64__chainlinkfence_f02,2,1,white,57
C:\Users\Cengiz\Desktop\inosens-internship\dataset\synthetic_dataset\chain_link_climbing\mixup_550184__department64__chainlinkfence_f04_x_550186__department64__chainlinkfence_f02_snr4dB_pink_40_spectrogram.png,mixup_550184__department64__chainlinkfence_f04_x_550186__department64__chainlinkfence_f02_snr4dB_pink_40_spectrogram.png,chain_link_climbing,0,True,550184__department64__chainlinkfence_f04,550186__department64__chainlinkfence_f02,550184__department64__chainlinkfence_f04,550186__department64__chainlinkfence_f02,550184__department64__chainlinkfence_f04|550186__department64__chainlinkfence_f02,2,4,pink,40
C:\Users\Cengiz\Desktop\inosens-internship\dataset\synthetic_dataset\chain_link_climbing\mixup_550184__department64__chainlinkfence_f04_x_550187__department64__chainlinkfence_f01_snr10dB_pink_84_spectrogram.png,mixup_550184__department64__chainlinkfence_f04_x_550187__department64__chainlinkfence_f01_snr10dB_pink_84_spectrogram.png,chain_link_climbing,0,True,550184__department64__chainlinkfence_f04,550187__department64__chainlinkfence_f01,550184__department64__chainlinkfence_f04,550187__department64__chainlinkfence_f01,550184__department64__chainlinkfence_f04|550187__department64__chainlinkfence_f01,2,10,pink,84
C:\Users\Cengiz\Desktop\inosens-internship\dataset\synthetic_dataset\chain_link_climbing\mixup_550184__department64__chainlinkfence_f04_x_550187__department64__chainlinkfence_f01_snr13dB_pink_98_spectrogram.png,mixup_550184__department64__chainlinkfence_f04_x_550187__department64__chainlinkfence_f01_snr13dB_pink_98_spectrogram.png,chain_link_climbing,0,True,550184__department64__chainlinkfence_f04,550187__department64__chainlinkfence_f01,550184__department64__chainlinkfence_f04,550187__department64__chainlinkfence_f01,550184__department64__chainlinkfence_f04|550187__department64__chainlinkfence_f01,2,13,pink,98
C:\Users\Cengiz\Desktop\inosens-internship\dataset\synthetic_dataset\chain_link_climbing\mixup_550184__department64__chainlinkfence_f04_x_550187__department64__chainlinkfence_f01_snr13dB_white_43_spectrogram.png,mixup_550184__department64__chainlinkfence_f04_x_550187__department64__chainlinkfence_f01_snr13dB_white_43_spectrogram.png,chain_link_climbing,0,True,550184__department64__chainlinkfence_f04,550187__department64__chainlinkfence_f01,550184__department64__chainlinkfence_f04,550187__department64__chainlinkfence_f01,550184__department64__chainlinkfence_f04|550187__department64__chainlinkfence_f01,2,13,white,43
C:\Users\Cengiz\Desktop\inosens-internship\dataset\synthetic_dataset\chain_link_climbing\mixup_550184__department64__chainlinkfence_f04_x_550187__department64__chainlinkfence_f01_snr2dB_pink_60_spectrogram.png,mixup_550184__department64__chainlinkfence_f04_x_550187__department64__chainlinkfence_f01_snr2dB_pink_60_spectrogram.png,chain_link_climbing,0,True,550184__department64__chainlinkfence_f04,550187__department64__chainlinkfence_f01,550184__department64__chainlinkfence_f04,550187__department64__chainlinkfence_f01,550184__department64__chainlinkfence_f04|550187__department64__chainlinkfence_f01,2,2,pink,60
C:\Users\Cengiz\Desktop\inosens-internship\dataset\synthetic_dataset\chain_link_climbing\mixup_550185__department64__chainlinkfence_f03_x_550186__department64__chainlinkfence_f02_snr2dB_white_52_spectrogram.png,mixup_550185__department64__chainlinkfence_f03_x_550186__department64__chainlinkfence_f02_snr2dB_white_52_spectrogram.png,chain_link_climbing,0,True,550185__department64__chainlinkfence_f03,550186__department64__chainlinkfence_f02,550185__department64__chainlinkfence_f03,550186__department64__chainlinkfence_f02,550185__department64__chainlinkfence_f03|550186__department64__chainlinkfence_f02,2,2,white,52
C:\Users\Cengiz\Desktop\inosens-internship\dataset\synthetic_dataset\chain_link_climbing\mixup_550185__department64__chainlinkfence_f03_x_550186__department64__chainlinkfence_f02_snr6dB_white_18_spectrogram.png,mixup_550185__department64__chainlinkfence_f03_x_550186__department64__chainlinkfence_f02_snr6dB_white_18_spectrogram.png,chain_link_climbing,0,True,550185__department64__chainlinkfence_f03,550186__department64__chainlinkfence_f02,550185__department64__chainlinkfence_f03,550186__department64__chainlinkfence_f02,550185__department64__chainlinkfence_f03|550186__department64__chainlinkfence_f02,2,6,white,18
C:\Users\Cengiz\Desktop\inosens-internship\dataset\synthetic_dataset\chain_link_climbing\mixup_550185__department64__chainlinkfence_f03_x_550186__department64__chainlinkfence_f02_snr8dB_pink_45_spectrogram.png,mixup_550185__department64__chainlinkfence_f03_x_550186__department64__chainlinkfence_f02_snr8dB_pink_45_spectrogram.png,chain_link_climbing,0,True,550185__department64__chainlinkfence_f03,550186__department64__chainlinkfence_f02,550185__department64__chainlinkfence_f03,550186__department64__chainlinkfence_f02,550185__department64__chainlinkfence_f03|550186__department64__chainlinkfence_f02,2,8,pink,45
C:\Users\Cengiz\Desktop\inosens-internship\dataset\synthetic_dataset\chain_link_climbing\mixup_550185__department64__chainlinkfence_f03_x_550187__department64__chainlinkfence_f01_snr10dB_white_15_spectrogram.png,mixup_550185__department64__chainlinkfence_f03_x_550187__department64__chainlinkfence_f01_snr10dB_white_15_spectrogram.png,chain_link_climbing,0,True,550185__department64__chainlinkfence_f03,550187__department64__chainlinkfence_f01,550185__department64__chainlinkfence_f03,550187__department64__chainlinkfence_f01,550185__department64__chainlinkfence_f03|550187__department64__chainlinkfence_f01,2,10,white,15
C:\Users\Cengiz\Desktop\inosens-internship\dataset\synthetic_dataset\chain_link_climbing\mixup_550185__department64__chainlinkfence_f03_x_550187__department64__chainlinkfence_f01_snr12dB_white_48_spectrogram.png,mixup_550185__department64__chainlinkfence_f03_x_550187__department64__chainlinkfence_f01_snr12dB_white_48_spectrogram.png,chain_link_climbing,0,True,550185__department64__chainlinkfence_f03,550187__department64__chainlinkfence_f01,550185__department64__chainlinkfence_f03,550187__department64__chainlinkfence_f01,550185__department64__chainlinkfence_f03|550187__department64__chainlinkfence_f01,2,12,white,48
C:\Users\Cengiz\Desktop\inosens-internship\dataset\synthetic_dataset\chain_link_climbing\mixup_550185__department64__chainlinkfence_f03_x_550187__department64__chainlinkfence_f01_snr15dB_white_30_spectrogram.png,mixup_550185__department64__chainlinkfence_f03_x_550187__department64__chainlinkfence_f01_snr15dB_white_30_spectrogram.png,chain_link_climbing,0,True,550185__department64__chainlinkfence_f03,550187__department64__chainlinkfence_f01,550185__department64__chainlinkfence_f03,550187__department64__chainlinkfence_f01,550185__department64__chainlinkfence_f03|550187__department64__chainlinkfence_f01,2,15,white,30
C:\Users\Cengiz\Desktop\inosens-internship\dataset\synthetic_dataset\chain_link_climbing\mixup_550185__department64__chainlinkfence_f03_x_550187__department64__chainlinkfence_f01_snr8dB_pink_16_spectrogram.png,mixup_550185__department64__chainlinkfence_f03_x_550187__department64__chainlinkfence_f01_snr8dB_pink_16_spectrogram.png,chain_link_climbing,0,True,550185__department64__chainlinkfence_f03,550187__department64__chainlinkfence_f01,550185__department64__chainlinkfence_f03,550187__department64__chainlinkfence_f01,550185__department64__chainlinkfence_f03|550187__department64__chainlinkfence_f01,2,8,pink,16
C:\Users\Cengiz\Desktop\inosens-internship\dataset\synthetic_dataset\fence_cutting\185611__kubawolanin__metal-tick-1_snr0dB_white_v25_spectrogram.png,185611__kubawolanin__metal-tick-1_snr0dB_white_v25_spectrogram.png,fence_cutting,1,False,185611__kubawolanin__metal-tick-1,,185611__kubawolanin__metal-tick-1,,185611__kubawolanin__metal-tick-1,1,0,white,25
C:\Users\Cengiz\Desktop\inosens-internship\dataset\synthetic_dataset\fence_cutting\185611__kubawolanin__metal-tick-1_snr10dB_pink_v15_spectrogram.png,185611__kubawolanin__metal-tick-1_snr10dB_pink_v15_spectrogram.png,fence_cutting,1,False,185611__kubawolanin__metal-tick-1,,185611__kubawolanin__metal-tick-1,,185611__kubawolanin__metal-tick-1,1,10,pink,15
C:\Users\Cengiz\Desktop\inosens-internship\dataset\synthetic_dataset\fence_cutting\185611__kubawolanin__metal-tick-1_snr10dB_white_v10_spectrogram.png,185611__kubawolanin__metal-tick-1_snr10dB_white_v10_spectrogram.png,fence_cutting,1,False,185611__kubawolanin__metal-tick-1,,185611__kubawolanin__metal-tick-1,,185611__kubawolanin__metal-tick-1,1,10,white,10
C:\Users\Cengiz\Desktop\inosens-internship\dataset\synthetic_dataset\fence_cutting\185611__kubawolanin__metal-tick-1_snr11dB_pink_v18_spectrogram.png,185611__kubawolanin__metal-tick-1_snr11dB_pink_v18_spectrogram.png,fence_cutting,1,False,185611__kubawolanin__metal-tick-1,,185611__kubawolanin__metal-tick-1,,185611__kubawolanin__metal-tick-1,1,11,pink,18
C:\Users\Cengiz\Desktop\inosens-internship\dataset\synthetic_dataset\fence_cutting\185611__kubawolanin__metal-tick-1_snr12dB_pink_v23_spectrogram.png,185611__kubawolanin__metal-tick-1_snr12dB_pink_v23_spectrogram.png,fence_cutting,1,False,185611__kubawolanin__metal-tick-1,,185611__kubawolanin__metal-tick-1,,185611__kubawolanin__metal-tick-1,1,12,pink,23
C:\Users\Cengiz\Desktop\inosens-internship\dataset\synthetic_dataset\fence_cutting\185611__kubawolanin__metal-tick-1_snr12dB_pink_v5_spectrogram.png,185611__kubawolanin__metal-tick-1_snr12dB_pink_v5_spectrogram.png,fence_cutting,1,False,185611__kubawolanin__metal-tick-1,,185611__kubawolanin__metal-tick-1,,185611__kubawolanin__metal-tick-1,1,12,pink,5
C:\Users\Cengiz\Desktop\inosens-internship\dataset\synthetic_dataset\fence_cutting\185611__kubawolanin__metal-tick-1_snr12dB_white_v13_spectrogram.png,185611__kubawolanin__metal-tick-1_snr12dB_white_v13_spectrogram.png,fence_cutting,1,False,185611__kubawolanin__metal-tick-1,,185611__kubawolanin__metal-tick-1,,185611__kubawolanin__metal-tick-1,1,12,white,13
C:\Users\Cengiz\Desktop\inosens-internship\dataset\synthetic_dataset\fence_cutting\185611__kubawolanin__metal-tick-1_snr13dB_pink_v22_spectrogram.png,185611__kubawolanin__metal-tick-1_snr13dB_pink_v22_spectrogram.png,fence_cutting,1,False,185611__kubawolanin__metal-tick-1,,185611__kubawolanin__metal-tick-1,,185611__kubawolanin__metal-tick-1,1,13,pink,22
C:\Users\Cengiz\Desktop\inosens-internship\dataset\synthetic_dataset\fence_cutting\185611__kubawolanin__metal-tick-1_snr14dB_pink_v11_spectrogram.png,185611__kubawolanin__metal-tick-1_snr14dB_pink_v11_spectrogram.png,fence_cutting,1,False,185611__kubawolanin__metal-tick-1,,185611__kubawolanin__metal-tick-1,,185611__kubawolanin__metal-tick-1,1,14,pink,11
C:\Users\Cengiz\Desktop\inosens-internship\dataset\synthetic_dataset\fence_cutting\185611__kubawolanin__metal-tick-1_snr14dB_white_v14_spectrogram.png,185611__kubawolanin__metal-tick-1_snr14dB_white_v14_spectrogram.png,fence_cutting,1,False,185611__kubawolanin__metal-tick-1,,185611__kubawolanin__metal-tick-1,,185611__kubawolanin__metal-tick-1,1,14,white,14
C:\Users\Cengiz\Desktop\inosens-internship\dataset\synthetic_dataset\fence_cutting\185611__kubawolanin__metal-tick-1_snr15dB_white_v1_spectrogram.png,185611__kubawolanin__metal-tick-1_snr15dB_white_v1_spectrogram.png,fence_cutting,1,False,185611__kubawolanin__metal-tick-1,,185611__kubawolanin__metal-tick-1,,185611__kubawolanin__metal-tick-1,1,15,white,1
C:\Users\Cengiz\Desktop\inosens-internship\dataset\synthetic_dataset\fence_cutting\185611__kubawolanin__metal-tick-1_snr15dB_white_v21_spectrogram.png,185611__kubawolanin__metal-tick-1_snr15dB_white_v21_spectrogram.png,fence_cutting,1,False,185611__kubawolanin__metal-tick-1,,185611__kubawolanin__metal-tick-1,,185611__kubawolanin__metal-tick-1,1,15,white,21
C:\Users\Cengiz\Desktop\inosens-internship\dataset\synthetic_dataset\fence_cutting\185611__kubawolanin__metal-tick-1_snr2dB_pink_v17_spectrogram.png,185611__kubawolanin__metal-tick-1_snr2dB_pink_v17_spectrogram.png,fence_cutting,1,False,185611__kubawolanin__metal-tick-1,,185611__kubawolanin__metal-tick-1,,185611__kubawolanin__metal-tick-1,1,2,pink,17
C:\Users\Cengiz\Desktop\inosens-internship\dataset\synthetic_dataset\fence_cutting\185611__kubawolanin__metal-tick-1_snr3dB_pink_v12_spectrogram.png,185611__kubawolanin__metal-tick-1_snr3dB_pink_v12_spectrogram.png,fence_cutting,1,False,185611__kubawolanin__metal-tick-1,,185611__kubawolanin__metal-tick-1,,185611__kubawolanin__metal-tick-1,1,3,pink,12
C:\Users\Cengiz\Desktop\inosens-internship\dataset\synthetic_dataset\fence_cutting\185611__kubawolanin__metal-tick-1_snr3dB_pink_v24_spectrogram.png,185611__kubawolanin__metal-tick-1_snr3dB_pink_v24_spectrogram.png,fence_cutting,1,False,185611__kubawolanin__metal-tick-1,,185611__kubawolanin__metal-tick-1,,185611__kubawolanin__metal-tick-1,1,3,pink,24
C:\Users\Cengiz\Desktop\inosens-internship\dataset\synthetic_dataset\fence_cutting\185611__kubawolanin__metal-tick-1_snr3dB_white_v16_spectrogram.png,185611__kubawolanin__metal-tick-1_snr3dB_white_v16_spectrogram.png,fence_cutting,1,False,185611__kubawolanin__metal-tick-1,,185611__kubawolanin__metal-tick-1,,185611__kubawolanin__metal-tick-1,1,3,white,16
C:\Users\Cengiz\Desktop\inosens-internship\dataset\synthetic_dataset\fence_cutting\185611__kubawolanin__metal-tick-1_snr3dB_white_v3_spectrogram.png,185611__kubawolanin__metal-tick-1_snr3dB_white_v3_spectrogram.png,fence_cutting,1,False,185611__kubawolanin__metal-tick-1,,185611__kubawolanin__metal-tick-1,,185611__kubawolanin__metal-tick-1,1,3,white,3
C:\Users\Cengiz\Desktop\inosens-internship\dataset\synthetic_dataset\fence_cutting\185611__kubawolanin__metal-tick-1_snr3dB_white_v4_spectrogram.png,185611__kubawolanin__metal-tick-1_snr3dB_white_v4_spectrogram.png,fence_cutting,1,False,185611__kubawolanin__metal-tick-1,,185611__kubawolanin__metal-tick-1,,185611__kubawolanin__metal-tick-1,1,3,white,4
C:\Users\Cengiz\Desktop\inosens-internship\dataset\synthetic_dataset\fence_cutting\185611__kubawolanin__metal-tick-1_snr3dB_white_v7_spectrogram.png,185611__kubawolanin__metal-tick-1_snr3dB_white_v7_spectrogram.png,fence_cutting,1,False,185611__kubawolanin__metal-tick-1,,185611__kubawolanin__metal-tick-1,,185611__kubawolanin__metal-tick-1,1,3,white,7
C:\Users\Cengiz\Desktop\inosens-internship\dataset\synthetic_dataset\fence_cutting\185611__kubawolanin__metal-tick-1_snr4dB_white_v2_spectrogram.png,185611__kubawolanin__metal-tick-1_snr4dB_white_v2_spectrogram.png,fence_cutting,1,False,185611__kubawolanin__metal-tick-1,,185611__kubawolanin__metal-tick-1,,185611__kubawolanin__metal-tick-1,1,4,white,2
C:\Users\Cengiz\Desktop\inosens-internship\dataset\synthetic_dataset\fence_cutting\185611__kubawolanin__metal-tick-1_snr6dB_pink_v9_spectrogram.png,185611__kubawolanin__metal-tick-1_snr6dB_pink_v9_spectrogram.png,fence_cutting,1,False,185611__kubawolanin__metal-tick-1,,185611__kubawolanin__metal-tick-1,,185611__kubawolanin__metal-tick-1,1,6,pink,9
C:\Users\Cengiz\Desktop\inosens-internship\dataset\synthetic_dataset\fence_cutting\185611__kubawolanin__metal-tick-1_snr6dB_white_v6_spectrogram.png,185611__kubawolanin__metal-tick-1_snr6dB_white_v6_spectrogram.png,fence_cutting,1,False,185611__kubawolanin__metal-tick-1,,185611__kubawolanin__metal-tick-1,,185611__kubawolanin__metal-tick-1,1,6,white,6
C:\Users\Cengiz\Desktop\inosens-internship\dataset\synthetic_dataset\fence_cutting\185611__kubawolanin__metal-tick-1_snr8dB_pink_v8_spectrogram.png,185611__kubawolanin__metal-tick-1_snr8dB_pink_v8_spectrogram.png,fence_cutting,1,False,185611__kubawolanin__metal-tick-1,,185611__kubawolanin__metal-tick-1,,185611__kubawolanin__metal-tick-1,1,8,pink,8
C:\Users\Cengiz\Desktop\inosens-internship\dataset\synthetic_dataset\fence_cutting\185611__kubawolanin__metal-tick-1_snr8dB_white_v20_spectrogram.png,185611__kubawolanin__metal-tick-1_snr8dB_white_v20_spectrogram.png,fence_cutting,1,False,185611__kubawolanin__metal-tick-1,,185611__kubawolanin__metal-tick-1,,185611__kubawolanin__metal-tick-1,1,8,white,20
C:\Users\Cengiz\Desktop\inosens-internship\dataset\synthetic_dataset\fence_cutting\185611__kubawolanin__metal-tick-1_snr9dB_white_v0_spectrogram.png,185611__kubawolanin__metal-tick-1_snr9dB_white_v0_spectrogram.png,fence_cutting,1,False,185611__kubawolanin__metal-tick-1,,185611__kubawolanin__metal-tick-1,,185611__kubawolanin__metal-tick-1,1,9,white,0
C:\Users\Cengiz\Desktop\inosens-internship\dataset\synthetic_dataset\fence_cutting\185611__kubawolanin__metal-tick-1_snr9dB_white_v19_spectrogram.png,185611__kubawolanin__metal-tick-1_snr9dB_white_v19_spectrogram.png,fence_cutting,1,False,185611__kubawolanin__metal-tick-1,,185611__kubawolanin__metal-tick-1,,185611__kubawolanin__metal-tick-1,1,9,white,19
C:\Users\Cengiz\Desktop\inosens-internship\dataset\synthetic_dataset\fence_cutting\345070__metrostock99__chain-lock-on-fence-sound_snr11dB_white_v10_spectrogram.png,345070__metrostock99__chain-lock-on-fence-sound_snr11dB_white_v10_spectrogram.png,fence_cutting,1,False,345070__metrostock99__chain-lock-on-fence-sound,,345070__metrostock99__chain-lock-on-fence-sound,,345070__metrostock99__chain-lock-on-fence-sound,1,11,white,10
C:\Users\Cengiz\Desktop\inosens-internship\dataset\synthetic_dataset\fence_cutting\345070__metrostock99__chain-lock-on-fence-sound_snr11dB_white_v12_spectrogram.png,345070__metrostock99__chain-lock-on-fence-sound_snr11dB_white_v12_spectrogram.png,fence_cutting,1,False,345070__metrostock99__chain-lock-on-fence-sound,,345070__metrostock99__chain-lock-on-fence-sound,,345070__metrostock99__chain-lock-on-fence-sound,1,11,white,12
C:\Users\Cengiz\Desktop\inosens-internship\dataset\synthetic_dataset\fence_cutting\345070__metrostock99__chain-lock-on-fence-sound_snr11dB_white_v18_spectrogram.png,345070__metrostock99__chain-lock-on-fence-sound_snr11dB_white_v18_spectrogram.png,fence_cutting,1,False,345070__metrostock99__chain-lock-on-fence-sound,,345070__metrostock99__chain-lock-on-fence-sound,,345070__metrostock99__chain-lock-on-fence-sound,1,11,white,18
C:\Users\Cengiz\Desktop\inosens-internship\dataset\synthetic_dataset\fence_cutting\345070__metrostock99__chain-lock-on-fence-sound_snr12dB_white_v22_spectrogram.png,345070__metrostock99__chain-lock-on-fence-sound_snr12dB_white_v22_spectrogram.png,fence_cutting,1,False,345070__metrostock99__chain-lock-on-fence-sound,,345070__metrostock99__chain-lock-on-fence-sound,,345070__metrostock99__chain-lock-on-fence-sound,1,12,white,22
C:\Users\Cengiz\Desktop\inosens-internship\dataset\synthetic_dataset\fence_cutting\345070__metrostock99__chain-lock-on-fence-sound_snr12dB_white_v8_spectrogram.png,345070__metrostock99__chain-lock-on-fence-sound_snr12dB_white_v8_spectrogram.png,fence_cutting,1,False,345070__metrostock99__chain-lock-on-fence-sound,,345070__metrostock99__chain-lock-on-fence-sound,,345070__metrostock99__chain-lock-on-fence-sound,1,12,white,8
C:\Users\Cengiz\Desktop\inosens-internship\dataset\synthetic_dataset\fence_cutting\345070__metrostock99__chain-lock-on-fence-sound_snr13dB_pink_v3_spectrogram.png,345070__metrostock99__chain-lock-on-fence-sound_snr13dB_pink_v3_spectrogram.png,fence_cutting,1,False,345070__metrostock99__chain-lock-on-fence-sound,,345070__metrostock99__chain-lock-on-fence-sound,,345070__metrostock99__chain-lock-on-fence-sound,1,13,pink,3
C:\Users\Cengiz\Desktop\inosens-internship\dataset\synthetic_dataset\fence_cutting\345070__metrostock99__chain-lock-on-fence-sound_snr14dB_pink_v6_spectrogram.png,345070__metrostock99__chain-lock-on-fence-sound_snr14dB_pink_v6_spectrogram.png,fence_cutting,1,False,345070__metrostock99__chain-lock-on-fence-sound,,345070__metrostock99__chain-lock-on-fence-sound,,345070__metrostock99__chain-lock-on-fence-sound,1,14,pink,6
C:\Users\Cengiz\Desktop\inosens-internship\dataset\synthetic_dataset\fence_cutting\345070__metrostock99__chain-lock-on-fence-sound_snr15dB_pink_v5_spectrogram.png,345070__metrostock99__chain-lock-on-fence-sound_snr15dB_pink_v5_spectrogram.png,fence_cutting,1,False,345070__metrostock99__chain-lock-on-fence-sound,,345070__metrostock99__chain-lock-on-fence-sound,,345070__metrostock99__chain-lock-on-fence-sound,1,15,pink,5
C:\Users\Cengiz\Desktop\inosens-internship\dataset\synthetic_dataset\fence_cutting\345070__metrostock99__chain-lock-on-fence-sound_snr1dB_pink_v16_spectrogram.png,345070__metrostock99__chain-lock-on-fence-sound_snr1dB_pink_v16_spectrogram.png,fence_cutting,1,False,345070__metrostock99__chain-lock-on-fence-sound,,345070__metrostock99__chain-lock-on-fence-sound,,345070__metrostock99__chain-lock-on-fence-sound,1,1,pink,16
C:\Users\Cengiz\Desktop\inosens-internship\dataset\synthetic_dataset\fence_cutting\345070__metrostock99__chain-lock-on-fence-sound_snr1dB_pink_v20_spectrogram.png,345070__metrostock99__chain-lock-on-fence-sound_snr1dB_pink_v20_spectrogram.png,fence_cutting,1,False,345070__metrostock99__chain-lock-on-fence-sound,,345070__metrostock99__chain-lock-on-fence-sound,,345070__metrostock99__chain-lock-on-fence-sound,1,1,pink,20
C:\Users\Cengiz\Desktop\inosens-internship\dataset\synthetic_dataset\fence_cutting\345070__metrostock99__chain-lock-on-fence-sound_snr1dB_white_v14_spectrogram.png,345070__metrostock99__chain-lock-on-fence-sound_snr1dB_white_v14_spectrogram.png,fence_cutting,1,False,345070__metrostock99__chain-lock-on-fence-sound,,345070__metrostock99__chain-lock-on-fence-sound,,345070__metrostock99__chain-lock-on-fence-sound,1,1,white,14
C:\Users\Cengiz\Desktop\inosens-internship\dataset\synthetic_dataset\fence_cutting\345070__metrostock99__chain-lock-on-fence-sound_snr2dB_white_v15_spectrogram.png,345070__metrostock99__chain-lock-on-fence-sound_snr2dB_white_v15_spectrogram.png,fence_cutting,1,False,345070__metrostock99__chain-lock-on-fence-sound,,345070__metrostock99__chain-lock-on-fence-sound,,345070__metrostock99__chain-lock-on-fence-sound,1,2,white,15
C:\Users\Cengiz\Desktop\inosens-internship\dataset\synthetic_dataset\fence_cutting\345070__metrostock99__chain-lock-on-fence-sound_snr3dB_pink_v13_spectrogram.png,345070__metrostock99__chain-lock-on-fence-sound_snr3dB_pink_v13_spectrogram.png,fence_cutting,1,False,345070__metrostock99__chain-lock-on-fence-sound,,345070__metrostock99__chain-lock-on-fence-sound,,345070__metrostock99__chain-lock-on-fence-sound,1,3,pink,13
C:\Users\Cengiz\Desktop\inosens-internship\dataset\synthetic_dataset\fence_cutting\345070__metrostock99__chain-lock-on-fence-sound_snr3dB_pink_v2_spectrogram.png,345070__metrostock99__chain-lock-on-fence-sound_snr3dB_pink_v2_spectrogram.png,fence_cutting,1,False,345070__metrostock99__chain-lock-on-fence-sound,,345070__metrostock99__chain-lock-on-fence-sound,,345070__metrostock99__chain-lock-on-fence-sound,1,3,pink,2
C:\Users\Cengiz\Desktop\inosens-internship\dataset\synthetic_dataset\fence_cutting\345070__metrostock99__chain-lock-on-fence-sound_snr3dB_white_v11_spectrogram.png,345070__metrostock99__chain-lock-on-fence-sound_snr3dB_white_v11_spectrogram.png,fence_cutting,1,False,345070__metrostock99__chain-lock-on-fence-sound,,345070__metrostock99__chain-lock-on-fence-sound,,345070__metrostock99__chain-lock-on-fence-sound,1,3,white,11
C:\Users\Cengiz\Desktop\inosens-internship\dataset\synthetic_dataset\fence_cutting\345070__metrostock99__chain-lock-on-fence-sound_snr3dB_white_v25_spectrogram.png,345070__metrostock99__chain-lock-on-fence-sound_snr3dB_white_v25_spectrogram.png,fence_cutting,1,False,345070__metrostock99__chain-lock-on-fence-sound,,345070__metrostock99__chain-lock-on-fence-sound,,345070__metrostock99__chain-lock-on-fence-sound,1,3,white,25
C:\Users\Cengiz\Desktop\inosens-internship\dataset\synthetic_dataset\fence_cutting\345070__metrostock99__chain-lock-on-fence-sound_snr4dB_white_v23_spectrogram.png,345070__metrostock99__chain-lock-on-fence-sound_snr4dB_white_v23_spectrogram.png,fence_cutting,1,False,345070__metrostock99__chain-lock-on-fence-sound,,345070__metrostock99__chain-lock-on-fence-sound,,345070__metrostock99__chain-lock-on-fence-sound,1,4,white,23
C:\Users\Cengiz\Desktop\inosens-internship\dataset\synthetic_dataset\fence_cutting\345070__metrostock99__chain-lock-on-fence-sound_snr4dB_white_v4_spectrogram.png,345070__metrostock99__chain-lock-on-fence-sound_snr4dB_white_v4_spectrogram.png,fence_cutting,1,False,345070__metrostock99__chain-lock-on-fence-sound,,345070__metrostock99__chain-lock-on-fence-sound,,345070__metrostock99__chain-lock-on-fence-sound,1,4,white,4
C:\Users\Cengiz\Desktop\inosens-internship\dataset\synthetic_dataset\fence_cutting\345070__metrostock99__chain-lock-on-fence-sound_snr5dB_pink_v19_spectrogram.png,345070__metrostock99__chain-lock-on-fence-sound_snr5dB_pink_v19_spectrogram.png,fence_cutting,1,False,345070__metrostock99__chain-lock-on-fence-sound,,345070__metrostock99__chain-lock-on-fence-sound,,345070__metrostock99__chain-lock-on-fence-sound,1,5,pink,19
C:\Users\Cengiz\Desktop\inosens-internship\dataset\synthetic_dataset\fence_cutting\345070__metrostock99__chain-lock-on-fence-sound_snr5dB_pink_v1_spectrogram.png,345070__metrostock99__chain-lock-on-fence-sound_snr5dB_pink_v1_spectrogram.png,fence_cutting,1,False,345070__metrostock99__chain-lock-on-fence-sound,,345070__metrostock99__chain-lock-on-fence-sound,,345070__metrostock99__chain-lock-on-fence-sound,1,5,pink,1
C:\Users\Cengiz\Desktop\inosens-internship\dataset\synthetic_dataset\fence_cutting\345070__metrostock99__chain-lock-on-fence-sound_snr5dB_white_v7_spectrogram.png,345070__metrostock99__chain-lock-on-fence-sound_snr5dB_white_v7_spectrogram.png,fence_cutting,1,False,345070__metrostock99__chain-lock-on-fence-sound,,345070__metrostock99__chain-lock-on-fence-sound,,345070__metrostock99__chain-lock-on-fence-sound,1,5,white,7
C:\Users\Cengiz\Desktop\inosens-internship\dataset\synthetic_dataset\fence_cutting\345070__metrostock99__chain-lock-on-fence-sound_snr6dB_pink_v24_spectrogram.png,345070__metrostock99__chain-lock-on-fence-sound_snr6dB_pink_v24_spectrogram.png,fence_cutting,1,False,345070__metrostock99__chain-lock-on-fence-sound,,345070__metrostock99__chain-lock-on-fence-sound,,345070__metrostock99__chain-lock-on-fence-sound,1,6,pink,24
C:\Users\Cengiz\Desktop\inosens-internship\dataset\synthetic_dataset\fence_cutting\345070__metrostock99__chain-lock-on-fence-sound_snr7dB_pink_v21_spectrogram.png,345070__metrostock99__chain-lock-on-fence-sound_snr7dB_pink_v21_spectrogram.png,fence_cutting,1,False,345070__metrostock99__chain-lock-on-fence-sound,,345070__metrostock99__chain-lock-on-fence-sound,,345070__metrostock99__chain-lock-on-fence-sound,1,7,pink,21
C:\Users\Cengiz\Desktop\inosens-internship\dataset\synthetic_dataset\fence_cutting\345070__metrostock99__chain-lock-on-fence-sound_snr8dB_pink_v9_spectrogram.png,345070__metrostock99__chain-lock-on-fence-sound_snr8dB_pink_v9_spectrogram.png,fence_cutting,1,False,345070__metrostock99__chain-lock-on-fence-sound,,345070__metrostock99__chain-lock-on-fence-sound,,345070__metrostock99__chain-lock-on-fence-sound,1,8,pink,9
C:\Users\Cengiz\Desktop\inosens-internship\dataset\synthetic_dataset\fence_cutting\345070__metrostock99__chain-lock-on-fence-sound_snr8dB_white_v17_spectrogram.png,345070__metrostock99__chain-lock-on-fence-sound_snr8dB_white_v17_spectrogram.png,fence_cutting,1,False,345070__metrostock99__chain-lock-on-fence-sound,,345070__metrostock99__chain-lock-on-fence-sound,,345070__metrostock99__chain-lock-on-fence-sound,1,8,white,17
C:\Users\Cengiz\Desktop\inosens-internship\dataset\synthetic_dataset\fence_cutting\345070__metrostock99__chain-lock-on-fence-sound_snr9dB_white_v0_spectrogram.png,345070__metrostock99__chain-lock-on-fence-sound_snr9dB_white_v0_spectrogram.png,fence_cutting,1,False,345070__metrostock99__chain-lock-on-fence-sound,,345070__metrostock99__chain-lock-on-fence-sound,,345070__metrostock99__chain-lock-on-fence-sound,1,9,white,0
C:\Users\Cengiz\Desktop\inosens-internship\dataset\synthetic_dataset\fence_cutting\366292__lostmaiden__metal-coat-hanger-on-steel-hook_snr0dB_white_v0_spectrogram.png,366292__lostmaiden__metal-coat-hanger-on-steel-hook_snr0dB_white_v0_spectrogram.png,fence_cutting,1,False,366292__lostmaiden__metal-coat-hanger-on-steel-hook,,366292__lostmaiden__metal-coat-hanger-on-steel-hook,,366292__lostmaiden__metal-coat-hanger-on-steel-hook,1,0,white,0
C:\Users\Cengiz\Desktop\inosens-internship\dataset\synthetic_dataset\fence_cutting\366292__lostmaiden__metal-coat-hanger-on-steel-hook_snr10dB_pink_v18_spectrogram.png,366292__lostmaiden__metal-coat-hanger-on-steel-hook_snr10dB_pink_v18_spectrogram.png,fence_cutting,1,False,366292__lostmaiden__metal-coat-hanger-on-steel-hook,,366292__lostmaiden__metal-coat-hanger-on-steel-hook,,366292__lostmaiden__metal-coat-hanger-on-steel-hook,1,10,pink,18
C:\Users\Cengiz\Desktop\inosens-internship\dataset\synthetic_dataset\fence_cutting\366292__lostmaiden__metal-coat-hanger-on-steel-hook_snr11dB_pink_v1_spectrogram.png,366292__lostmaiden__metal-coat-hanger-on-steel-hook_snr11dB_pink_v1_spectrogram.png,fence_cutting,1,False,366292__lostmaiden__metal-coat-hanger-on-steel-hook,,366292__lostmaiden__metal-coat-hanger-on-steel-hook,,366292__lostmaiden__metal-coat-hanger-on-steel-hook,1,11,pink,1
C:\Users\Cengiz\Desktop\inosens-internship\dataset\synthetic_dataset\fence_cutting\366292__lostmaiden__metal-coat-hanger-on-steel-hook_snr11dB_pink_v4_spectrogram.png,366292__lostmaiden__metal-coat-hanger-on-steel-hook_snr11dB_pink_v4_spectrogram.png,fence_cutting,1,False,366292__lostmaiden__metal-coat-hanger-on-steel-hook,,366292__lostmaiden__metal-coat-hanger-on-steel-hook,,366292__lostmaiden__metal-coat-hanger-on-steel-hook,1,11,pink,4
C:\Users\Cengiz\Desktop\inosens-internship\dataset\synthetic_dataset\fence_cutting\366292__lostmaiden__metal-coat-hanger-on-steel-hook_snr11dB_white_v6_spectrogram.png,366292__lostmaiden__metal-coat-hanger-on-steel-hook_snr11dB_white_v6_spectrogram.png,fence_cutting,1,False,366292__lostmaiden__metal-coat-hanger-on-steel-hook,,366292__lostmaiden__metal-coat-hanger-on-steel-hook,,366292__lostmaiden__metal-coat-hanger-on-steel-hook,1,11,white,6
C:\Users\Cengiz\Desktop\inosens-internship\dataset\synthetic_dataset\fence_cutting\366292__lostmaiden__metal-coat-hanger-on-steel-hook_snr13dB_pink_v8_spectrogram.png,366292__lostmaiden__metal-coat-hanger-on-steel-hook_snr13dB_pink_v8_spectrogram.png,fence_cutting,1,False,366292__lostmaiden__metal-coat-hanger-on-steel-hook,,366292__lostmaiden__metal-coat-hanger-on-steel-hook,,366292__lostmaiden__metal-coat-hanger-on-steel-hook,1,13,pink,8
C:\Users\Cengiz\Desktop\inosens-internship\dataset\synthetic_dataset\fence_cutting\366292__lostmaiden__metal-coat-hanger-on-steel-hook_snr13dB_white_v13_spectrogram.png,366292__lostmaiden__metal-coat-hanger-on-steel-hook_snr13dB_white_v13_spectrogram.png,fence_cutting,1,False,366292__lostmaiden__metal-coat-hanger-on-steel-hook,,366292__lostmaiden__metal-coat-hanger-on-steel-hook,,366292__lostmaiden__metal-coat-hanger-on-steel-hook,1,13,white,13
C:\Users\Cengiz\Desktop\inosens-internship\dataset\synthetic_dataset\fence_cutting\366292__lostmaiden__metal-coat-hanger-on-steel-hook_snr14dB_white_v22_spectrogram.png,366292__lostmaiden__metal-coat-hanger-on-steel-hook_snr14dB_white_v22_spectrogram.png,fence_cutting,1,False,366292__lostmaiden__metal-coat-hanger-on-steel-hook,,366292__lostmaiden__metal-coat-hanger-on-steel-hook,,366292__lostmaiden__metal-coat-hanger-on-steel-hook,1,14,white,22
C:\Users\Cengiz\Desktop\inosens-internship\dataset\synthetic_dataset\fence_cutting\366292__lostmaiden__metal-coat-hanger-on-steel-hook_snr15dB_white_v10_spectrogram.png,366292__lostmaiden__metal-coat-hanger-on-steel-hook_snr15dB_white_v10_spectrogram.png,fence_cutting,1,False,366292__lostmaiden__metal-coat-hanger-on-steel-hook,,366292__lostmaiden__metal-coat-hanger-on-steel-hook,,366292__lostmaiden__metal-coat-hanger-on-steel-hook,1,15,white,10
C:\Users\Cengiz\Desktop\inosens-internship\dataset\synthetic_dataset\fence_cutting\366292__lostmaiden__metal-coat-hanger-on-steel-hook_snr15dB_white_v24_spectrogram.png,366292__lostmaiden__metal-coat-hanger-on-steel-hook_snr15dB_white_v24_spectrogram.png,fence_cutting,1,False,366292__lostmaiden__metal-coat-hanger-on-steel-hook,,366292__lostmaiden__metal-coat-hanger-on-steel-hook,,366292__lostmaiden__metal-coat-hanger-on-steel-hook,1,15,white,24
C:\Users\Cengiz\Desktop\inosens-internship\dataset\synthetic_dataset\fence_cutting\366292__lostmaiden__metal-coat-hanger-on-steel-hook_snr2dB_pink_v15_spectrogram.png,366292__lostmaiden__metal-coat-hanger-on-steel-hook_snr2dB_pink_v15_spectrogram.png,fence_cutting,1,False,366292__lostmaiden__metal-coat-hanger-on-steel-hook,,366292__lostmaiden__metal-coat-hanger-on-steel-hook,,366292__lostmaiden__metal-coat-hanger-on-steel-hook,1,2,pink,15
C:\Users\Cengiz\Desktop\inosens-internship\dataset\synthetic_dataset\fence_cutting\366292__lostmaiden__metal-coat-hanger-on-steel-hook_snr2dB_pink_v16_spectrogram.png,366292__lostmaiden__metal-coat-hanger-on-steel-hook_snr2dB_pink_v16_spectrogram.png,fence_cutting,1,False,366292__lostmaiden__metal-coat-hanger-on-steel-hook,,366292__lostmaiden__metal-coat-hanger-on-steel-hook,,366292__lostmaiden__metal-coat-hanger-on-steel-hook,1,2,pink,16
C:\Users\Cengiz\Desktop\inosens-internship\dataset\synthetic_dataset\fence_cutting\366292__lostmaiden__metal-coat-hanger-on-steel-hook_snr2dB_white_v14_spectrogram.png,366292__lostmaiden__metal-coat-hanger-on-steel-hook_snr2dB_white_v14_spectrogram.png,fence_cutting,1,False,366292__lostmaiden__metal-coat-hanger-on-steel-hook,,366292__lostmaiden__metal-coat-hanger-on-steel-hook,,366292__lostmaiden__metal-coat-hanger-on-steel-hook,1,2,white,14
C:\Users\Cengiz\Desktop\inosens-internship\dataset\synthetic_dataset\fence_cutting\366292__lostmaiden__metal-coat-hanger-on-steel-hook_snr2dB_white_v25_spectrogram.png,366292__lostmaiden__metal-coat-hanger-on-steel-hook_snr2dB_white_v25_spectrogram.png,fence_cutting,1,False,366292__lostmaiden__metal-coat-hanger-on-steel-hook,,366292__lostmaiden__metal-coat-hanger-on-steel-hook,,366292__lostmaiden__metal-coat-hanger-on-steel-hook,1,2,white,25
C:\Users\Cengiz\Desktop\inosens-internship\dataset\synthetic_dataset\fence_cutting\366292__lostmaiden__metal-coat-hanger-on-steel-hook_snr4dB_white_v12_spectrogram.png,366292__lostmaiden__metal-coat-hanger-on-steel-hook_snr4dB_white_v12_spectrogram.png,fence_cutting,1,False,366292__lostmaiden__metal-coat-hanger-on-steel-hook,,366292__lostmaiden__metal-coat-hanger-on-steel-hook,,366292__lostmaiden__metal-coat-hanger-on-steel-hook,1,4,white,12
C:\Users\Cengiz\Desktop\inosens-internship\dataset\synthetic_dataset\fence_cutting\366292__lostmaiden__metal-coat-hanger-on-steel-hook_snr4dB_white_v17_spectrogram.png,366292__lostmaiden__metal-coat-hanger-on-steel-hook_snr4dB_white_v17_spectrogram.png,fence_cutting,1,False,366292__lostmaiden__metal-coat-hanger-on-steel-hook,,366292__lostmaiden__metal-coat-hanger-on-steel-hook,,366292__lostmaiden__metal-coat-hanger-on-steel-hook,1,4,white,17
C:\Users\Cengiz\Desktop\inosens-internship\dataset\synthetic_dataset\fence_cutting\366292__lostmaiden__metal-coat-hanger-on-steel-hook_snr4dB_white_v23_spectrogram.png,366292__lostmaiden__metal-coat-hanger-on-steel-hook_snr4dB_white_v23_spectrogram.png,fence_cutting,1,False,366292__lostmaiden__metal-coat-hanger-on-steel-hook,,366292__lostmaiden__metal-coat-hanger-on-steel-hook,,366292__lostmaiden__metal-coat-hanger-on-steel-hook,1,4,white,23
C:\Users\Cengiz\Desktop\inosens-internship\dataset\synthetic_dataset\fence_cutting\366292__lostmaiden__metal-coat-hanger-on-steel-hook_snr5dB_white_v11_spectrogram.png,366292__lostmaiden__metal-coat-hanger-on-steel-hook_snr5dB_white_v11_spectrogram.png,fence_cutting,1,False,366292__lostmaiden__metal-coat-hanger-on-steel-hook,,366292__lostmaiden__metal-coat-hanger-on-steel-hook,,366292__lostmaiden__metal-coat-hanger-on-steel-hook,1,5,white,11
C:\Users\Cengiz\Desktop\inosens-internship\dataset\synthetic_dataset\fence_cutting\366292__lostmaiden__metal-coat-hanger-on-steel-hook_snr5dB_white_v21_spectrogram.png,366292__lostmaiden__metal-coat-hanger-on-steel-hook_snr5dB_white_v21_spectrogram.png,fence_cutting,1,False,366292__lostmaiden__metal-coat-hanger-on-steel-hook,,366292__lostmaiden__metal-coat-hanger-on-steel-hook,,366292__lostmaiden__metal-coat-hanger-on-steel-hook,1,5,white,21
C:\Users\Cengiz\Desktop\inosens-internship\dataset\synthetic_dataset\fence_cutting\366292__lostmaiden__metal-coat-hanger-on-steel-hook_snr7dB_pink_v19_spectrogram.png,366292__lostmaiden__metal-coat-hanger-on-steel-hook_snr7dB_pink_v19_spectrogram.png,fence_cutting,1,False,366292__lostmaiden__metal-coat-hanger-on-steel-hook,,366292__lostmaiden__metal-coat-hanger-on-steel-hook,,366292__lostmaiden__metal-coat-hanger-on-steel-hook,1,7,pink,19
C:\Users\Cengiz\Desktop\inosens-internship\dataset\synthetic_dataset\fence_cutting\366292__lostmaiden__metal-coat-hanger-on-steel-hook_snr7dB_pink_v7_spectrogram.png,366292__lostmaiden__metal-coat-hanger-on-steel-hook_snr7dB_pink_v7_spectrogram.png,fence_cutting,1,False,366292__lostmaiden__metal-coat-hanger-on-steel-hook,,366292__lostmaiden__metal-coat-hanger-on-steel-hook,,366292__lostmaiden__metal-coat-hanger-on-steel-hook,1,7,pink,7
C:\Users\Cengiz\Desktop\inosens-internship\dataset\synthetic_dataset\fence_cutting\366292__lostmaiden__metal-coat-hanger-on-steel-hook_snr7dB_white_v5_spectrogram.png,366292__lostmaiden__metal-coat-hanger-on-steel-hook_snr7dB_white_v5_spectrogram.png,fence_cutting,1,False,366292__lostmaiden__metal-coat-hanger-on-steel-hook,,366292__lostmaiden__metal-coat-hanger-on-steel-hook,,366292__lostmaiden__metal-coat-hanger-on-steel-hook,1,7,white,5
C:\Users\Cengiz\Desktop\inosens-internship\dataset\synthetic_dataset\fence_cutting\366292__lostmaiden__metal-coat-hanger-on-steel-hook_snr8dB_pink_v20_spectrogram.png,366292__lostmaiden__metal-coat-hanger-on-steel-hook_snr8dB_pink_v20_spectrogram.png,fence_cutting,1,False,366292__lostmaiden__metal-coat-hanger-on-steel-hook,,366292__lostmaiden__metal-coat-hanger-on-steel-hook,,366292__lostmaiden__metal-coat-hanger-on-steel-hook,1,8,pink,20
C:\Users\Cengiz\Desktop\inosens-internship\dataset\synthetic_dataset\fence_cutting\366292__lostmaiden__metal-coat-hanger-on-steel-hook_snr8dB_white_v2_spectrogram.png,366292__lostmaiden__metal-coat-hanger-on-steel-hook_snr8dB_white_v2_spectrogram.png,fence_cutting,1,False,366292__lostmaiden__metal-coat-hanger-on-steel-hook,,366292__lostmaiden__metal-coat-hanger-on-steel-hook,,366292__lostmaiden__metal-coat-hanger-on-steel-hook,1,8,white,2
C:\Users\Cengiz\Desktop\inosens-internship\dataset\synthetic_dataset\fence_cutting\366292__lostmaiden__metal-coat-hanger-on-steel-hook_snr9dB_pink_v9_spectrogram.png,366292__lostmaiden__metal-coat-hanger-on-steel-hook_snr9dB_pink_v9_spectrogram.png,fence_cutting,1,False,366292__lostmaiden__metal-coat-hanger-on-steel-hook,,366292__lostmaiden__metal-coat-hanger-on-steel-hook,,366292__lostmaiden__metal-coat-hanger-on-steel-hook,1,9,pink,9
C:\Users\Cengiz\Desktop\inosens-internship\dataset\synthetic_dataset\fence_cutting\366292__lostmaiden__metal-coat-hanger-on-steel-hook_snr9dB_white_v3_spectrogram.png,366292__lostmaiden__metal-coat-hanger-on-steel-hook_snr9dB_white_v3_spectrogram.png,fence_cutting,1,False,366292__lostmaiden__metal-coat-hanger-on-steel-hook,,366292__lostmaiden__metal-coat-hanger-on-steel-hook,,366292__lostmaiden__metal-coat-hanger-on-steel-hook,1,9,white,3
C:\Users\Cengiz\Desktop\inosens-internship\dataset\synthetic_dataset\fence_cutting\445967__breviceps__sawing-filing-metal_snr0dB_white_v16_spectrogram.png,445967__breviceps__sawing-filing-metal_snr0dB_white_v16_spectrogram.png,fence_cutting,1,False,445967__breviceps__sawing-filing-metal,,445967__breviceps__sawing-filing-metal,,445967__breviceps__sawing-filing-metal,1,0,white,16
C:\Users\Cengiz\Desktop\inosens-internship\dataset\synthetic_dataset\fence_cutting\445967__breviceps__sawing-filing-metal_snr10dB_pink_v25_spectrogram.png,445967__breviceps__sawing-filing-metal_snr10dB_pink_v25_spectrogram.png,fence_cutting,1,False,445967__breviceps__sawing-filing-metal,,445967__breviceps__sawing-filing-metal,,445967__breviceps__sawing-filing-metal,1,10,pink,25
C:\Users\Cengiz\Desktop\inosens-internship\dataset\synthetic_dataset\fence_cutting\445967__breviceps__sawing-filing-metal_snr10dB_pink_v8_spectrogram.png,445967__breviceps__sawing-filing-metal_snr10dB_pink_v8_spectrogram.png,fence_cutting,1,False,445967__breviceps__sawing-filing-metal,,445967__breviceps__sawing-filing-metal,,445967__breviceps__sawing-filing-metal,1,10,pink,8
C:\Users\Cengiz\Desktop\inosens-internship\dataset\synthetic_dataset\fence_cutting\445967__breviceps__sawing-filing-metal_snr11dB_white_v14_spectrogram.png,445967__breviceps__sawing-filing-metal_snr11dB_white_v14_spectrogram.png,fence_cutting,1,False,445967__breviceps__sawing-filing-metal,,445967__breviceps__sawing-filing-metal,,445967__breviceps__sawing-filing-metal,1,11,white,14
C:\Users\Cengiz\Desktop\inosens-internship\dataset\synthetic_dataset\fence_cutting\445967__breviceps__sawing-filing-metal_snr11dB_white_v22_spectrogram.png,445967__breviceps__sawing-filing-metal_snr11dB_white_v22_spectrogram.png,fence_cutting,1,False,445967__breviceps__sawing-filing-metal,,445967__breviceps__sawing-filing-metal,,445967__breviceps__sawing-filing-metal,1,11,white,22
C:\Users\Cengiz\Desktop\inosens-internship\dataset\synthetic_dataset\fence_cutting\445967__breviceps__sawing-filing-metal_snr12dB_pink_v13_spectrogram.png,445967__breviceps__sawing-filing-metal_snr12dB_pink_v13_spectrogram.png,fence_cutting,1,False,445967__breviceps__sawing-filing-metal,,445967__breviceps__sawing-filing-metal,,445967__breviceps__sawing-filing-metal,1,12,pink,13
C:\Users\Cengiz\Desktop\inosens-internship\dataset\synthetic_dataset\fence_cutting\445967__breviceps__sawing-filing-metal_snr12dB_pink_v23_spectrogram.png,445967__breviceps__sawing-filing-metal_snr12dB_pink_v23_spectrogram.png,fence_cutting,1,False,445967__breviceps__sawing-filing-metal,,445967__breviceps__sawing-filing-metal,,445967__breviceps__sawing-filing-metal,1,12,pink,23
C:\Users\Cengiz\Desktop\inosens-internship\dataset\synthetic_dataset\fence_cutting\445967__breviceps__sawing-filing-metal_snr13dB_white_v5_spectrogram.png,445967__breviceps__sawing-filing-metal_snr13dB_white_v5_spectrogram.png,fence_cutting,1,False,445967__breviceps__sawing-filing-metal,,445967__breviceps__sawing-filing-metal,,445967__breviceps__sawing-filing-metal,1,13,white,5
C:\Users\Cengiz\Desktop\inosens-internship\dataset\synthetic_dataset\fence_cutting\445967__breviceps__sawing-filing-metal_snr14dB_pink_v11_spectrogram.png,445967__breviceps__sawing-filing-metal_snr14dB_pink_v11_spectrogram.png,fence_cutting,1,False,445967__breviceps__sawing-filing-metal,,445967__breviceps__sawing-filing-metal,,445967__breviceps__sawing-filing-metal,1,14,pink,11
C:\Users\Cengiz\Desktop\inosens-internship\dataset\synthetic_dataset\fence_cutting\445967__breviceps__sawing-filing-metal_snr15dB_pink_v0_spectrogram.png,445967__breviceps__sawing-filing-metal_snr15dB_pink_v0_spectrogram.png,fence_cutting,1,False,445967__breviceps__sawing-filing-metal,,445967__breviceps__sawing-filing-metal,,445967__breviceps__sawing-filing-metal,1,15,pink,0
C:\Users\Cengiz\Desktop\inosens-internship\dataset\synthetic_dataset\fence_cutting\445967__breviceps__sawing-filing-metal_snr1dB_white_v24_spectrogram.png,445967__breviceps__sawing-filing-metal_snr1dB_white_v24_spectrogram.png,fence_cutting,1,False,445967__breviceps__sawing-filing-metal,,445967__breviceps__sawing-filing-metal,,445967__breviceps__sawing-filing-metal,1,1,white,24
C:\Users\Cengiz\Desktop\inosens-internship\dataset\synthetic_dataset\fence_cutting\445967__breviceps__sawing-filing-metal_snr2dB_pink_v12_spectrogram.png,445967__breviceps__sawing-filing-metal_snr2dB_pink_v12_spectrogram.png,fence_cutting,1,False,445967__breviceps__sawing-filing-metal,,445967__breviceps__sawing-filing-metal,,445967__breviceps__sawing-filing-metal,1,2,pink,12
C:\Users\Cengiz\Desktop\inosens-internship\dataset\synthetic_dataset\fence_cutting\445967__breviceps__sawing-filing-metal_snr2dB_pink_v17_spectrogram.png,445967__breviceps__sawing-filing-metal_snr2dB_pink_v17_spectrogram.png,fence_cutting,1,False,445967__breviceps__sawing-filing-metal,,445967__breviceps__sawing-filing-metal,,445967__breviceps__sawing-filing-metal,1,2,pink,17
C:\Users\Cengiz\Desktop\inosens-internship\dataset\synthetic_dataset\fence_cutting\445967__breviceps__sawing-filing-metal_snr2dB_pink_v2_spectrogram.png,445967__breviceps__sawing-filing-metal_snr2dB_pink_v2_spectrogram.png,fence_cutting,1,False,445967__breviceps__sawing-filing-metal,,445967__breviceps__sawing-filing-metal,,445967__breviceps__sawing-filing-metal,1,2,pink,2
C:\Users\Cengiz\Desktop\inosens-internship\dataset\synthetic_dataset\fence_cutting\445967__breviceps__sawing-filing-metal_snr3dB_pink_v20_spectrogram.png,445967__breviceps__sawing-filing-metal_snr3dB_pink_v20_spectrogram.png,fence_cutting,1,False,445967__breviceps__sawing-filing-metal,,445967__breviceps__sawing-filing-metal,,445967__breviceps__sawing-filing-metal,1,3,pink,20
C:\Users\Cengiz\Desktop\inosens-internship\dataset\synthetic_dataset\fence_cutting\445967__breviceps__sawing-filing-metal_snr4dB_pink_v18_spectrogram.png,445967__breviceps__sawing-filing-metal_snr4dB_pink_v18_spectrogram.png,fence_cutting,1,False,445967__breviceps__sawing-filing-metal,,445967__breviceps__sawing-filing-metal,,445967__breviceps__sawing-filing-metal,1,4,pink,18
C:\Users\Cengiz\Desktop\inosens-internship\dataset\synthetic_dataset\fence_cutting\445967__breviceps__sawing-filing-metal_snr5dB_pink_v10_spectrogram.png,445967__breviceps__sawing-filing-metal_snr5dB_pink_v10_spectrogram.png,fence_cutting,1,False,445967__breviceps__sawing-filing-metal,,445967__breviceps__sawing-filing-metal,,445967__breviceps__sawing-filing-metal,1,5,pink,10
C:\Users\Cengiz\Desktop\inosens-internship\dataset\synthetic_dataset\fence_cutting\445967__breviceps__sawing-filing-metal_snr5dB_pink_v19_spectrogram.png,445967__breviceps__sawing-filing-metal_snr5dB_pink_v19_spectrogram.png,fence_cutting,1,False,445967__breviceps__sawing-filing-metal,,445967__breviceps__sawing-filing-metal,,445967__breviceps__sawing-filing-metal,1,5,pink,19
C:\Users\Cengiz\Desktop\inosens-internship\dataset\synthetic_dataset\fence_cutting\445967__breviceps__sawing-filing-metal_snr5dB_pink_v7_spectrogram.png,445967__breviceps__sawing-filing-metal_snr5dB_pink_v7_spectrogram.png,fence_cutting,1,False,445967__breviceps__sawing-filing-metal,,445967__breviceps__sawing-filing-metal,,445967__breviceps__sawing-filing-metal,1,5,pink,7
C:\Users\Cengiz\Desktop\inosens-internship\dataset\synthetic_dataset\fence_cutting\445967__breviceps__sawing-filing-metal_snr5dB_pink_v9_spectrogram.png,445967__breviceps__sawing-filing-metal_snr5dB_pink_v9_spectrogram.png,fence_cutting,1,False,445967__breviceps__sawing-filing-metal,,445967__breviceps__sawing-filing-metal,,445967__breviceps__sawing-filing-metal,1,5,pink,9
C:\Users\Cengiz\Desktop\inosens-internship\dataset\synthetic_dataset\fence_cutting\445967__breviceps__sawing-filing-metal_snr5dB_white_v1_spectrogram.png,445967__breviceps__sawing-filing-metal_snr5dB_white_v1_spectrogram.png,fence_cutting,1,False,445967__breviceps__sawing-filing-metal,,445967__breviceps__sawing-filing-metal,,445967__breviceps__sawing-filing-metal,1,5,white,1
C:\Users\Cengiz\Desktop\inosens-internship\dataset\synthetic_dataset\fence_cutting\445967__breviceps__sawing-filing-metal_snr6dB_white_v6_spectrogram.png,445967__breviceps__sawing-filing-metal_snr6dB_white_v6_spectrogram.png,fence_cutting,1,False,445967__breviceps__sawing-filing-metal,,445967__breviceps__sawing-filing-metal,,445967__breviceps__sawing-filing-metal,1,6,white,6
C:\Users\Cengiz\Desktop\inosens-internship\dataset\synthetic_dataset\fence_cutting\445967__breviceps__sawing-filing-metal_snr8dB_pink_v15_spectrogram.png,445967__breviceps__sawing-filing-metal_snr8dB_pink_v15_spectrogram.png,fence_cutting,1,False,445967__breviceps__sawing-filing-metal,,445967__breviceps__sawing-filing-metal,,445967__breviceps__sawing-filing-metal,1,8,pink,15
C:\Users\Cengiz\Desktop\inosens-internship\dataset\synthetic_dataset\fence_cutting\445967__breviceps__sawing-filing-metal_snr8dB_pink_v3_spectrogram.png,445967__breviceps__sawing-filing-metal_snr8dB_pink_v3_spectrogram.png,fence_cutting,1,False,445967__breviceps__sawing-filing-metal,,445967__breviceps__sawing-filing-metal,,445967__breviceps__sawing-filing-metal,1,8,pink,3
C:\Users\Cengiz\Desktop\inosens-internship\dataset\synthetic_dataset\fence_cutting\445967__breviceps__sawing-filing-metal_snr8dB_white_v21_spectrogram.png,445967__breviceps__sawing-filing-metal_snr8dB_white_v21_spectrogram.png,fence_cutting,1,False,445967__breviceps__sawing-filing-metal,,445967__breviceps__sawing-filing-metal,,445967__breviceps__sawing-filing-metal,1,8,white,21
C:\Users\Cengiz\Desktop\inosens-internship\dataset\synthetic_dataset\fence_cutting\445967__breviceps__sawing-filing-metal_snr8dB_white_v4_spectrogram.png,445967__breviceps__sawing-filing-metal_snr8dB_white_v4_spectrogram.png,fence_cutting,1,False,445967__breviceps__sawing-filing-metal,,445967__breviceps__sawing-filing-metal,,445967__breviceps__sawing-filing-metal,1,8,white,4
C:\Users\Cengiz\Desktop\inosens-internship\dataset\synthetic_dataset\fence_cutting\447607__ayubwaguma__metal-cutting_snr11dB_white_v10_spectrogram.png,447607__ayubwaguma__metal-cutting_snr11dB_white_v10_spectrogram.png,fence_cutting,1,False,447607__ayubwaguma__metal-cutting,,447607__ayubwaguma__metal-cutting,,447607__ayubwaguma__metal-cutting,1,11,white,10
C:\Users\Cengiz\Desktop\inosens-internship\dataset\synthetic_dataset\fence_cutting\447607__ayubwaguma__metal-cutting_snr12dB_pink_v0_spectrogram.png,447607__ayubwaguma__metal-cutting_snr12dB_pink_v0_spectrogram.png,fence_cutting,1,False,447607__ayubwaguma__metal-cutting,,447607__ayubwaguma__metal-cutting,,447607__ayubwaguma__metal-cutting,1,12,pink,0
C:\Users\Cengiz\Desktop\inosens-internship\dataset\synthetic_dataset\fence_cutting\447607__ayubwaguma__metal-cutting_snr12dB_white_v7_spectrogram.png,447607__ayubwaguma__metal-cutting_snr12dB_white_v7_spectrogram.png,fence_cutting,1,False,447607__ayubwaguma__metal-cutting,,447607__ayubwaguma__metal-cutting,,447607__ayubwaguma__metal-cutting,1,12,white,7
C:\Users\Cengiz\Desktop\inosens-internship\dataset\synthetic_dataset\fence_cutting\447607__ayubwaguma__metal-cutting_snr13dB_pink_v15_spectrogram.png,447607__ayubwaguma__metal-cutting_snr13dB_pink_v15_spectrogram.png,fence_cutting,1,False,447607__ayubwaguma__metal-cutting,,447607__ayubwaguma__metal-cutting,,447607__ayubwaguma__metal-cutting,1,13,pink,15
C:\Users\Cengiz\Desktop\inosens-internship\dataset\synthetic_dataset\fence_cutting\447607__ayubwaguma__metal-cutting_snr13dB_pink_v18_spectrogram.png,447607__ayubwaguma__metal-cutting_snr13dB_pink_v18_spectrogram.png,fence_cutting,1,False,447607__ayubwaguma__metal-cutting,,447607__ayubwaguma__metal-cutting,,447607__ayubwaguma__metal-cutting,1,13,pink,18
C:\Users\Cengiz\Desktop\inosens-internship\dataset\synthetic_dataset\fence_cutting\447607__ayubwaguma__metal-cutting_snr13dB_pink_v3_spectrogram.png,447607__ayubwaguma__metal-cutting_snr13dB_pink_v3_spectrogram.png,fence_cutting,1,False,447607__ayubwaguma__metal-cutting,,447607__ayubwaguma__metal-cutting,,447607__ayubwaguma__metal-cutting,1,13,pink,3
C:\Users\Cengiz\Desktop\inosens-internship\dataset\synthetic_dataset\fence_cutting\447607__ayubwaguma__metal-cutting_snr1dB_pink_v19_spectrogram.png,447607__ayubwaguma__metal-cutting_snr1dB_pink_v19_spectrogram.png,fence_cutting,1,False,447607__ayubwaguma__metal-cutting,,447607__ayubwaguma__metal-cutting,,447607__ayubwaguma__metal-cutting,1,1,pink,19
C:\Users\Cengiz\Desktop\inosens-internship\dataset\synthetic_dataset\fence_cutting\447607__ayubwaguma__metal-cutting_snr1dB_white_v11_spectrogram.png,447607__ayubwaguma__metal-cutting_snr1dB_white_v11_spectrogram.png,fence_cutting,1,False,447607__ayubwaguma__metal-cutting,,447607__ayubwaguma__metal-cutting,,447607__ayubwaguma__metal-cutting,1,1,white,11
C:\Users\Cengiz\Desktop\inosens-internship\dataset\synthetic_dataset\fence_cutting\447607__ayubwaguma__metal-cutting_snr1dB_white_v1_spectrogram.png,447607__ayubwaguma__metal-cutting_snr1dB_white_v1_spectrogram.png,fence_cutting,1,False,447607__ayubwaguma__metal-cutting,,447607__ayubwaguma__metal-cutting,,447607__ayubwaguma__metal-cutting,1,1,white,1
C:\Users\Cengiz\Desktop\inosens-internship\dataset\synthetic_dataset\fence_cutting\447607__ayubwaguma__metal-cutting_snr1dB_white_v20_spectrogram.png,447607__ayubwaguma__metal-cutting_snr1dB_white_v20_spectrogram.png,fence_cutting,1,False,447607__ayubwaguma__metal-cutting,,447607__ayubwaguma__metal-cutting,,447607__ayubwaguma__metal-cutting,1,1,white,20
C:\Users\Cengiz\Desktop\inosens-internship\dataset\synthetic_dataset\fence_cutting\447607__ayubwaguma__metal-cutting_snr2dB_pink_v14_spectrogram.png,447607__ayubwaguma__metal-cutting_snr2dB_pink_v14_spectrogram.png,fence_cutting,1,False,447607__ayubwaguma__metal-cutting,,447607__ayubwaguma__metal-cutting,,447607__ayubwaguma__metal-cutting,1,2,pink,14
C:\Users\Cengiz\Desktop\inosens-internship\dataset\synthetic_dataset\fence_cutting\447607__ayubwaguma__metal-cutting_snr2dB_pink_v16_spectrogram.png,447607__ayubwaguma__metal-cutting_snr2dB_pink_v16_spectrogram.png,fence_cutting,1,False,447607__ayubwaguma__metal-cutting,,447607__ayubwaguma__metal-cutting,,447607__ayubwaguma__metal-cutting,1,2,pink,16
C:\Users\Cengiz\Desktop\inosens-internship\dataset\synthetic_dataset\fence_cutting\447607__ayubwaguma__metal-cutting_snr2dB_white_v12_spectrogram.png,447607__ayubwaguma__metal-cutting_snr2dB_white_v12_spectrogram.png,fence_cutting,1,False,447607__ayubwaguma__metal-cutting,,447607__ayubwaguma__metal-cutting,,447607__ayubwaguma__metal-cutting,1,2,white,12
C:\Users\Cengiz\Desktop\inosens-internship\dataset\synthetic_dataset\fence_cutting\447607__ayubwaguma__metal-cutting_snr2dB_white_v21_spectrogram.png,447607__ayubwaguma__metal-cutting_snr2dB_white_v21_spectrogram.png,fence_cutting,1,False,447607__ayubwaguma__metal-cutting,,447607__ayubwaguma__metal-cutting,,447607__ayubwaguma__metal-cutting,1,2,white,21
C:\Users\Cengiz\Desktop\inosens-internship\dataset\synthetic_dataset\fence_cutting\447607__ayubwaguma__metal-cutting_snr4dB_white_v22_spectrogram.png,447607__ayubwaguma__metal-cutting_snr4dB_white_v22_spectrogram.png,fence_cutting,1,False,447607__ayubwaguma__metal-cutting,,447607__ayubwaguma__metal-cutting,,447607__ayubwaguma__metal-cutting,1,4,white,22
C:\Users\Cengiz\Desktop\inosens-internship\dataset\synthetic_dataset\fence_cutting\447607__ayubwaguma__metal-cutting_snr4dB_white_v9_spectrogram.png,447607__ayubwaguma__metal-cutting_snr4dB_white_v9_spectrogram.png,fence_cutting,1,False,447607__ayubwaguma__metal-cutting,,447607__ayubwaguma__metal-cutting,,447607__ayubwaguma__metal-cutting,1,4,white,9
C:\Users\Cengiz\Desktop\inosens-internship\dataset\synthetic_dataset\fence_cutting\447607__ayubwaguma__metal-cutting_snr5dB_pink_v13_spectrogram.png,447607__ayubwaguma__metal-cutting_snr5dB_pink_v13_spectrogram.png,fence_cutting,1,False,447607__ayubwaguma__metal-cutting,,447607__ayubwaguma__metal-cutting,,447607__ayubwaguma__metal-cutting,1,5,pink,13
C:\Users\Cengiz\Desktop\inosens-internship\dataset\synthetic_dataset\fence_cutting\447607__ayubwaguma__metal-cutting_snr5dB_pink_v17_spectrogram.png,447607__ayubwaguma__metal-cutting_snr5dB_pink_v17_spectrogram.png,fence_cutting,1,False,447607__ayubwaguma__metal-cutting,,447607__ayubwaguma__metal-cutting,,447607__ayubwaguma__metal-cutting,1,5,pink,17
C:\Users\Cengiz\Desktop\inosens-internship\dataset\synthetic_dataset\fence_cutting\447607__ayubwaguma__metal-cutting_snr5dB_pink_v4_spectrogram.png,447607__ayubwaguma__metal-cutting_snr5dB_pink_v4_spectrogram.png,fence_cutting,1,False,447607__ayubwaguma__metal-cutting,,447607__ayubwaguma__metal-cutting,,447607__ayubwaguma__metal-cutting,1,5,pink,4
C:\Users\Cengiz\Desktop\inosens-internship\dataset\synthetic_dataset\fence_cutting\447607__ayubwaguma__metal-cutting_snr6dB_pink_v23_spectrogram.png,447607__ayubwaguma__metal-cutting_snr6dB_pink_v23_spectrogram.png,fence_cutting,1,False,447607__ayubwaguma__metal-cutting,,447607__ayubwaguma__metal-cutting,,447607__ayubwaguma__metal-cutting,1,6,pink,23
C:\Users\Cengiz\Desktop\inosens-internship\dataset\synthetic_dataset\fence_cutting\447607__ayubwaguma__metal-cutting_snr6dB_white_v24_spectrogram.png,447607__ayubwaguma__metal-cutting_snr6dB_white_v24_spectrogram.png,fence_cutting,1,False,447607__ayubwaguma__metal-cutting,,447607__ayubwaguma__metal-cutting,,447607__ayubwaguma__metal-cutting,1,6,white,24
C:\Users\Cengiz\Desktop\inosens-internship\dataset\synthetic_dataset\fence_cutting\447607__ayubwaguma__metal-cutting_snr6dB_white_v25_spectrogram.png,447607__ayubwaguma__metal-cutting_snr6dB_white_v25_spectrogram.png,fence_cutting,1,False,447607__ayubwaguma__metal-cutting,,447607__ayubwaguma__metal-cutting,,447607__ayubwaguma__metal-cutting,1,6,white,25
C:\Users\Cengiz\Desktop\inosens-internship\dataset\synthetic_dataset\fence_cutting\447607__ayubwaguma__metal-cutting_snr6dB_white_v6_spectrogram.png,447607__ayubwaguma__metal-cutting_snr6dB_white_v6_spectrogram.png,fence_cutting,1,False,447607__ayubwaguma__metal-cutting,,447607__ayubwaguma__metal-cutting,,447607__ayubwaguma__metal-cutting,1,6,white,6
C:\Users\Cengiz\Desktop\inosens-internship\dataset\synthetic_dataset\fence_cutting\447607__ayubwaguma__metal-cutting_snr7dB_pink_v2_spectrogram.png,447607__ayubwaguma__metal-cutting_snr7dB_pink_v2_spectrogram.png,fence_cutting,1,False,447607__ayubwaguma__metal-cutting,,447607__ayubwaguma__metal-cutting,,447607__ayubwaguma__metal-cutting,1,7,pink,2
C:\Users\Cengiz\Desktop\inosens-internship\dataset\synthetic_dataset\fence_cutting\447607__ayubwaguma__metal-cutting_snr8dB_pink_v5_spectrogram.png,447607__ayubwaguma__metal-cutting_snr8dB_pink_v5_spectrogram.png,fence_cutting,1,False,447607__ayubwaguma__metal-cutting,,447607__ayubwaguma__metal-cutting,,447607__ayubwaguma__metal-cutting,1,8,pink,5
C:\Users\Cengiz\Desktop\inosens-internship\dataset\synthetic_dataset\fence_cutting\447607__ayubwaguma__metal-cutting_snr8dB_pink_v8_spectrogram.png,447607__ayubwaguma__metal-cutting_snr8dB_pink_v8_spectrogram.png,fence_cutting,1,False,447607__ayubwaguma__metal-cutting,,447607__ayubwaguma__metal-cutting,,447607__ayubwaguma__metal-cutting,1,8,pink,8
C:\Users\Cengiz\Desktop\inosens-internship\dataset\synthetic_dataset\fence_cutting\516591__jameswrowles__large-bolt-cutter_snr0dB_white_v7_spectrogram.png,516591__jameswrowles__large-bolt-cutter_snr0dB_white_v7_spectrogram.png,fence_cutting,1,False,516591__jameswrowles__large-bolt-cutter,,516591__jameswrowles__large-bolt-cutter,,516591__jameswrowles__large-bolt-cutter,1,0,white,7
C:\Users\Cengiz\Desktop\inosens-internship\dataset\synthetic_dataset\fence_cutting\516591__jameswrowles__large-bolt-cutter_snr11dB_white_v10_spectrogram.png,516591__jameswrowles__large-bolt-cutter_snr11dB_white_v10_spectrogram.png,fence_cutting,1,False,516591__jameswrowles__large-bolt-cutter,,516591__jameswrowles__large-bolt-cutter,,516591__jameswrowles__large-bolt-cutter,1,11,white,10
C:\Users\Cengiz\Desktop\inosens-internship\dataset\synthetic_dataset\fence_cutting\516591__jameswrowles__large-bolt-cutter_snr11dB_white_v23_spectrogram.png,516591__jameswrowles__large-bolt-cutter_snr11dB_white_v23_spectrogram.png,fence_cutting,1,False,516591__jameswrowles__large-bolt-cutter,,516591__jameswrowles__large-bolt-cutter,,516591__jameswrowles__large-bolt-cutter,1,11,white,23
C:\Users\Cengiz\Desktop\inosens-internship\dataset\synthetic_dataset\fence_cutting\516591__jameswrowles__large-bolt-cutter_snr11dB_white_v2_spectrogram.png,516591__jameswrowles__large-bolt-cutter_snr11dB_white_v2_spectrogram.png,fence_cutting,1,False,516591__jameswrowles__large-bolt-cutter,,516591__jameswrowles__large-bolt-cutter,,516591__jameswrowles__large-bolt-cutter,1,11,white,2
C:\Users\Cengiz\Desktop\inosens-internship\dataset\synthetic_dataset\fence_cutting\516591__jameswrowles__large-bolt-cutter_snr11dB_white_v5_spectrogram.png,516591__jameswrowles__large-bolt-cutter_snr11dB_white_v5_spectrogram.png,fence_cutting,1,False,516591__jameswrowles__large-bolt-cutter,,516591__jameswrowles__large-bolt-cutter,,516591__jameswrowles__large-bolt-cutter,1,11,white,5
C:\Users\Cengiz\Desktop\inosens-internship\dataset\synthetic_dataset\fence_cutting\516591__jameswrowles__large-bolt-cutter_snr13dB_pink_v17_spectrogram.png,516591__jameswrowles__large-bolt-cutter_snr13dB_pink_v17_spectrogram.png,fence_cutting,1,False,516591__jameswrowles__large-bolt-cutter,,516591__jameswrowles__large-bolt-cutter,,516591__jameswrowles__large-bolt-cutter,1,13,pink,17
C:\Users\Cengiz\Desktop\inosens-internship\dataset\synthetic_dataset\fence_cutting\516591__jameswrowles__large-bolt-cutter_snr13dB_pink_v3_spectrogram.png,516591__jameswrowles__large-bolt-cutter_snr13dB_pink_v3_spectrogram.png,fence_cutting,1,False,516591__jameswrowles__large-bolt-cutter,,516591__jameswrowles__large-bolt-cutter,,516591__jameswrowles__large-bolt-cutter,1,13,pink,3
C:\Users\Cengiz\Desktop\inosens-internship\dataset\synthetic_dataset\fence_cutting\516591__jameswrowles__large-bolt-cutter_snr13dB_white_v13_spectrogram.png,516591__jameswrowles__large-bolt-cutter_snr13dB_white_v13_spectrogram.png,fence_cutting,1,False,516591__jameswrowles__large-bolt-cutter,,516591__jameswrowles__large-bolt-cutter,,516591__jameswrowles__large-bolt-cutter,1,13,white,13
C:\Users\Cengiz\Desktop\inosens-internship\dataset\synthetic_dataset\fence_cutting\516591__jameswrowles__large-bolt-cutter_snr14dB_white_v0_spectrogram.png,516591__jameswrowles__large-bolt-cutter_snr14dB_white_v0_spectrogram.png,fence_cutting,1,False,516591__jameswrowles__large-bolt-cutter,,516591__jameswrowles__large-bolt-cutter,,516591__jameswrowles__large-bolt-cutter,1,14,white,0
C:\Users\Cengiz\Desktop\inosens-internship\dataset\synthetic_dataset\fence_cutting\516591__jameswrowles__large-bolt-cutter_snr1dB_pink_v15_spectrogram.png,516591__jameswrowles__large-bolt-cutter_snr1dB_pink_v15_spectrogram.png,fence_cutting,1,False,516591__jameswrowles__large-bolt-cutter,,516591__jameswrowles__large-bolt-cutter,,516591__jameswrowles__large-bolt-cutter,1,1,pink,15
C:\Users\Cengiz\Desktop\inosens-internship\dataset\synthetic_dataset\fence_cutting\516591__jameswrowles__large-bolt-cutter_snr1dB_pink_v20_spectrogram.png,516591__jameswrowles__large-bolt-cutter_snr1dB_pink_v20_spectrogram.png,fence_cutting,1,False,516591__jameswrowles__large-bolt-cutter,,516591__jameswrowles__large-bolt-cutter,,516591__jameswrowles__large-bolt-cutter,1,1,pink,20
C:\Users\Cengiz\Desktop\inosens-internship\dataset\synthetic_dataset\fence_cutting\516591__jameswrowles__large-bolt-cutter_snr1dB_pink_v9_spectrogram.png,516591__jameswrowles__large-bolt-cutter_snr1dB_pink_v9_spectrogram.png,fence_cutting,1,False,516591__jameswrowles__large-bolt-cutter,,516591__jameswrowles__large-bolt-cutter,,516591__jameswrowles__large-bolt-cutter,1,1,pink,9
C:\Users\Cengiz\Desktop\inosens-internship\dataset\synthetic_dataset\fence_cutting\516591__jameswrowles__large-bolt-cutter_snr2dB_pink_v25_spectrogram.png,516591__jameswrowles__large-bolt-cutter_snr2dB_pink_v25_spectrogram.png,fence_cutting,1,False,516591__jameswrowles__large-bolt-cutter,,516591__jameswrowles__large-bolt-cutter,,516591__jameswrowles__large-bolt-cutter,1,2,pink,25
C:\Users\Cengiz\Desktop\inosens-internship\dataset\synthetic_dataset\fence_cutting\516591__jameswrowles__large-bolt-cutter_snr4dB_pink_v11_spectrogram.png,516591__jameswrowles__large-bolt-cutter_snr4dB_pink_v11_spectrogram.png,fence_cutting,1,False,516591__jameswrowles__large-bolt-cutter,,516591__jameswrowles__large-bolt-cutter,,516591__jameswrowles__large-bolt-cutter,1,4,pink,11
C:\Users\Cengiz\Desktop\inosens-internship\dataset\synthetic_dataset\fence_cutting\516591__jameswrowles__large-bolt-cutter_snr4dB_pink_v22_spectrogram.png,516591__jameswrowles__large-bolt-cutter_snr4dB_pink_v22_spectrogram.png,fence_cutting,1,False,516591__jameswrowles__large-bolt-cutter,,516591__jameswrowles__large-bolt-cutter,,516591__jameswrowles__large-bolt-cutter,1,4,pink,22
C:\Users\Cengiz\Desktop\inosens-internship\dataset\synthetic_dataset\fence_cutting\516591__jameswrowles__large-bolt-cutter_snr4dB_white_v14_spectrogram.png,516591__jameswrowles__large-bolt-cutter_snr4dB_white_v14_spectrogram.png,fence_cutting,1,False,516591__jameswrowles__large-bolt-cutter,,516591__jameswrowles__large-bolt-cutter,,516591__jameswrowles__large-bolt-cutter,1,4,white,14
C:\Users\Cengiz\Desktop\inosens-internship\dataset\synthetic_dataset\fence_cutting\516591__jameswrowles__large-bolt-cutter_snr5dB_pink_v24_spectrogram.png,516591__jameswrowles__large-bolt-cutter_snr5dB_pink_v24_spectrogram.png,fence_cutting,1,False,516591__jameswrowles__large-bolt-cutter,,516591__jameswrowles__large-bolt-cutter,,516591__jameswrowles__large-bolt-cutter,1,5,pink,24
C:\Users\Cengiz\Desktop\inosens-internship\dataset\synthetic_dataset\fence_cutting\516591__jameswrowles__large-bolt-cutter_snr5dB_white_v8_spectrogram.png,516591__jameswrowles__large-bolt-cutter_snr5dB_white_v8_spectrogram.png,fence_cutting,1,False,516591__jameswrowles__large-bolt-cutter,,516591__jameswrowles__large-bolt-cutter,,516591__jameswrowles__large-bolt-cutter,1,5,white,8
C:\Users\Cengiz\Desktop\inosens-internship\dataset\synthetic_dataset\fence_cutting\516591__jameswrowles__large-bolt-cutter_snr6dB_white_v4_spectrogram.png,516591__jameswrowles__large-bolt-cutter_snr6dB_white_v4_spectrogram.png,fence_cutting,1,False,516591__jameswrowles__large-bolt-cutter,,516591__jameswrowles__large-bolt-cutter,,516591__jameswrowles__large-bolt-cutter,1,6,white,4
C:\Users\Cengiz\Desktop\inosens-internship\dataset\synthetic_dataset\fence_cutting\516591__jameswrowles__large-bolt-cutter_snr7dB_pink_v16_spectrogram.png,516591__jameswrowles__large-bolt-cutter_snr7dB_pink_v16_spectrogram.png,fence_cutting,1,False,516591__jameswrowles__large-bolt-cutter,,516591__jameswrowles__large-bolt-cutter,,516591__jameswrowles__large-bolt-cutter,1,7,pink,16
C:\Users\Cengiz\Desktop\inosens-internship\dataset\synthetic_dataset\fence_cutting\516591__jameswrowles__large-bolt-cutter_snr7dB_pink_v1_spectrogram.png,516591__jameswrowles__large-bolt-cutter_snr7dB_pink_v1_spectrogram.png,fence_cutting,1,False,516591__jameswrowles__large-bolt-cutter,,516591__jameswrowles__large-bolt-cutter,,516591__jameswrowles__large-bolt-cutter,1,7,pink,1
C:\Users\Cengiz\Desktop\inosens-internship\dataset\synthetic_dataset\fence_cutting\516591__jameswrowles__large-bolt-cutter_snr7dB_white_v12_spectrogram.png,516591__jameswrowles__large-bolt-cutter_snr7dB_white_v12_spectrogram.png,fence_cutting,1,False,516591__jameswrowles__large-bolt-cutter,,516591__jameswrowles__large-bolt-cutter,,516591__jameswrowles__large-bolt-cutter,1,7,white,12
C:\Users\Cengiz\Desktop\inosens-internship\dataset\synthetic_dataset\fence_cutting\516591__jameswrowles__large-bolt-cutter_snr7dB_white_v18_spectrogram.png,516591__jameswrowles__large-bolt-cutter_snr7dB_white_v18_spectrogram.png,fence_cutting,1,False,516591__jameswrowles__large-bolt-cutter,,516591__jameswrowles__large-bolt-cutter,,516591__jameswrowles__large-bolt-cutter,1,7,white,18
C:\Users\Cengiz\Desktop\inosens-internship\dataset\synthetic_dataset\fence_cutting\516591__jameswrowles__large-bolt-cutter_snr9dB_pink_v21_spectrogram.png,516591__jameswrowles__large-bolt-cutter_snr9dB_pink_v21_spectrogram.png,fence_cutting,1,False,516591__jameswrowles__large-bolt-cutter,,516591__jameswrowles__large-bolt-cutter,,516591__jameswrowles__large-bolt-cutter,1,9,pink,21
C:\Users\Cengiz\Desktop\inosens-internship\dataset\synthetic_dataset\fence_cutting\516591__jameswrowles__large-bolt-cutter_snr9dB_pink_v6_spectrogram.png,516591__jameswrowles__large-bolt-cutter_snr9dB_pink_v6_spectrogram.png,fence_cutting,1,False,516591__jameswrowles__large-bolt-cutter,,516591__jameswrowles__large-bolt-cutter,,516591__jameswrowles__large-bolt-cutter,1,9,pink,6
C:\Users\Cengiz\Desktop\inosens-internship\dataset\synthetic_dataset\fence_cutting\516591__jameswrowles__large-bolt-cutter_snr9dB_white_v19_spectrogram.png,516591__jameswrowles__large-bolt-cutter_snr9dB_white_v19_spectrogram.png,fence_cutting,1,False,516591__jameswrowles__large-bolt-cutter,,516591__jameswrowles__large-bolt-cutter,,516591__jameswrowles__large-bolt-cutter,1,9,white,19
C:\Users\Cengiz\Desktop\inosens-internship\dataset\synthetic_dataset\fence_cutting\540187__iamdylanavery__bolt-cutters-on-lock-and-chain_snr10dB_pink_v21_spectrogram.png,540187__iamdylanavery__bolt-cutters-on-lock-and-chain_snr10dB_pink_v21_spectrogram.png,fence_cutting,1,False,540187__iamdylanavery__bolt-cutters-on-lock-and-chain,,540187__iamdylanavery__bolt-cutters-on-lock-and-chain,,540187__iamdylanavery__bolt-cutters-on-lock-and-chain,1,10,pink,21
C:\Users\Cengiz\Desktop\inosens-internship\dataset\synthetic_dataset\fence_cutting\540187__iamdylanavery__bolt-cutters-on-lock-and-chain_snr10dB_white_v11_spectrogram.png,540187__iamdylanavery__bolt-cutters-on-lock-and-chain_snr10dB_white_v11_spectrogram.png,fence_cutting,1,False,540187__iamdylanavery__bolt-cutters-on-lock-and-chain,,540187__iamdylanavery__bolt-cutters-on-lock-and-chain,,540187__iamdylanavery__bolt-cutters-on-lock-and-chain,1,10,white,11
C:\Users\Cengiz\Desktop\inosens-internship\dataset\synthetic_dataset\fence_cutting\540187__iamdylanavery__bolt-cutters-on-lock-and-chain_snr10dB_white_v23_spectrogram.png,540187__iamdylanavery__bolt-cutters-on-lock-and-chain_snr10dB_white_v23_spectrogram.png,fence_cutting,1,False,540187__iamdylanavery__bolt-cutters-on-lock-and-chain,,540187__iamdylanavery__bolt-cutters-on-lock-and-chain,,540187__iamdylanavery__bolt-cutters-on-lock-and-chain,1,10,white,23
C:\Users\Cengiz\Desktop\inosens-internship\dataset\synthetic_dataset\fence_cutting\540187__iamdylanavery__bolt-cutters-on-lock-and-chain_snr10dB_white_v5_spectrogram.png,540187__iamdylanavery__bolt-cutters-on-lock-and-chain_snr10dB_white_v5_spectrogram.png,fence_cutting,1,False,540187__iamdylanavery__bolt-cutters-on-lock-and-chain,,540187__iamdylanavery__bolt-cutters-on-lock-and-chain,,540187__iamdylanavery__bolt-cutters-on-lock-and-chain,1,10,white,5
C:\Users\Cengiz\Desktop\inosens-internship\dataset\synthetic_dataset\fence_cutting\540187__iamdylanavery__bolt-cutters-on-lock-and-chain_snr11dB_pink_v12_spectrogram.png,540187__iamdylanavery__bolt-cutters-on-lock-and-chain_snr11dB_pink_v12_spectrogram.png,fence_cutting,1,False,540187__iamdylanavery__bolt-cutters-on-lock-and-chain,,540187__iamdylanavery__bolt-cutters-on-lock-and-chain,,540187__iamdylanavery__bolt-cutters-on-lock-and-chain,1,11,pink,12
C:\Users\Cengiz\Desktop\inosens-internship\dataset\synthetic_dataset\fence_cutting\540187__iamdylanavery__bolt-cutters-on-lock-and-chain_snr11dB_white_v2_spectrogram.png,540187__iamdylanavery__bolt-cutters-on-lock-and-chain_snr11dB_white_v2_spectrogram.png,fence_cutting,1,False,540187__iamdylanavery__bolt-cutters-on-lock-and-chain,,540187__iamdylanavery__bolt-cutters-on-lock-and-chain,,540187__iamdylanavery__bolt-cutters-on-lock-and-chain,1,11,white,2
C:\Users\Cengiz\Desktop\inosens-internship\dataset\synthetic_dataset\fence_cutting\540187__iamdylanavery__bolt-cutters-on-lock-and-chain_snr11dB_white_v3_spectrogram.png,540187__iamdylanavery__bolt-cutters-on-lock-and-chain_snr11dB_white_v3_spectrogram.png,fence_cutting,1,False,540187__iamdylanavery__bolt-cutters-on-lock-and-chain,,540187__iamdylanavery__bolt-cutters-on-lock-and-chain,,540187__iamdylanavery__bolt-cutters-on-lock-and-chain,1,11,white,3
C:\Users\Cengiz\Desktop\inosens-internship\dataset\synthetic_dataset\fence_cutting\540187__iamdylanavery__bolt-cutters-on-lock-and-chain_snr12dB_white_v9_spectrogram.png,540187__iamdylanavery__bolt-cutters-on-lock-and-chain_snr12dB_white_v9_spectrogram.png,fence_cutting,1,False,540187__iamdylanavery__bolt-cutters-on-lock-and-chain,,540187__iamdylanavery__bolt-cutters-on-lock-and-chain,,540187__iamdylanavery__bolt-cutters-on-lock-and-chain,1,12,white,9
C:\Users\Cengiz\Desktop\inosens-internship\dataset\synthetic_dataset\fence_cutting\540187__iamdylanavery__bolt-cutters-on-lock-and-chain_snr14dB_pink_v19_spectrogram.png,540187__iamdylanavery__bolt-cutters-on-lock-and-chain_snr14dB_pink_v19_spectrogram.png,fence_cutting,1,False,540187__iamdylanavery__bolt-cutters-on-lock-and-chain,,540187__iamdylanavery__bolt-cutters-on-lock-and-chain,,540187__iamdylanavery__bolt-cutters-on-lock-and-chain,1,14,pink,19
C:\Users\Cengiz\Desktop\inosens-internship\dataset\synthetic_dataset\fence_cutting\540187__iamdylanavery__bolt-cutters-on-lock-and-chain_snr1dB_pink_v22_spectrogram.png,540187__iamdylanavery__bolt-cutters-on-lock-and-chain_snr1dB_pink_v22_spectrogram.png,fence_cutting,1,False,540187__iamdylanavery__bolt-cutters-on-lock-and-chain,,540187__iamdylanavery__bolt-cutters-on-lock-and-chain,,540187__iamdylanavery__bolt-cutters-on-lock-and-chain,1,1,pink,22
C:\Users\Cengiz\Desktop\inosens-internship\dataset\synthetic_dataset\fence_cutting\540187__iamdylanavery__bolt-cutters-on-lock-and-chain_snr1dB_pink_v24_spectrogram.png,540187__iamdylanavery__bolt-cutters-on-lock-and-chain_snr1dB_pink_v24_spectrogram.png,fence_cutting,1,False,540187__iamdylanavery__bolt-cutters-on-lock-and-chain,,540187__iamdylanavery__bolt-cutters-on-lock-and-chain,,540187__iamdylanavery__bolt-cutters-on-lock-and-chain,1,1,pink,24
C:\Users\Cengiz\Desktop\inosens-internship\dataset\synthetic_dataset\fence_cutting\540187__iamdylanavery__bolt-cutters-on-lock-and-chain_snr2dB_white_v10_spectrogram.png,540187__iamdylanavery__bolt-cutters-on-lock-and-chain_snr2dB_white_v10_spectrogram.png,fence_cutting,1,False,540187__iamdylanavery__bolt-cutters-on-lock-and-chain,,540187__iamdylanavery__bolt-cutters-on-lock-and-chain,,540187__iamdylanavery__bolt-cutters-on-lock-and-chain,1,2,white,10
C:\Users\Cengiz\Desktop\inosens-internship\dataset\synthetic_dataset\fence_cutting\540187__iamdylanavery__bolt-cutters-on-lock-and-chain_snr2dB_white_v6_spectrogram.png,540187__iamdylanavery__bolt-cutters-on-lock-and-chain_snr2dB_white_v6_spectrogram.png,fence_cutting,1,False,540187__iamdylanavery__bolt-cutters-on-lock-and-chain,,540187__iamdylanavery__bolt-cutters-on-lock-and-chain,,540187__iamdylanavery__bolt-cutters-on-lock-and-chain,1,2,white,6
C:\Users\Cengiz\Desktop\inosens-internship\dataset\synthetic_dataset\fence_cutting\540187__iamdylanavery__bolt-cutters-on-lock-and-chain_snr3dB_pink_v15_spectrogram.png,540187__iamdylanavery__bolt-cutters-on-lock-and-chain_snr3dB_pink_v15_spectrogram.png,fence_cutting,1,False,540187__iamdylanavery__bolt-cutters-on-lock-and-chain,,540187__iamdylanavery__bolt-cutters-on-lock-and-chain,,540187__iamdylanavery__bolt-cutters-on-lock-and-chain,1,3,pink,15
C:\Users\Cengiz\Desktop\inosens-internship\dataset\synthetic_dataset\fence_cutting\540187__iamdylanavery__bolt-cutters-on-lock-and-chain_snr3dB_pink_v1_spectrogram.png,540187__iamdylanavery__bolt-cutters-on-lock-and-chain_snr3dB_pink_v1_spectrogram.png,fence_cutting,1,False,540187__iamdylanavery__bolt-cutters-on-lock-and-chain,,540187__iamdylanavery__bolt-cutters-on-lock-and-chain,,540187__iamdylanavery__bolt-cutters-on-lock-and-chain,1,3,pink,1
C:\Users\Cengiz\Desktop\inosens-internship\dataset\synthetic_dataset\fence_cutting\540187__iamdylanavery__bolt-cutters-on-lock-and-chain_snr3dB_pink_v25_spectrogram.png,540187__iamdylanavery__bolt-cutters-on-lock-and-chain_snr3dB_pink_v25_spectrogram.png,fence_cutting,1,False,540187__iamdylanavery__bolt-cutters-on-lock-and-chain,,540187__iamdylanavery__bolt-cutters-on-lock-and-chain,,540187__iamdylanavery__bolt-cutters-on-lock-and-chain,1,3,pink,25
C:\Users\Cengiz\Desktop\inosens-internship\dataset\synthetic_dataset\fence_cutting\540187__iamdylanavery__bolt-cutters-on-lock-and-chain_snr3dB_white_v20_spectrogram.png,540187__iamdylanavery__bolt-cutters-on-lock-and-chain_snr3dB_white_v20_spectrogram.png,fence_cutting,1,False,540187__iamdylanavery__bolt-cutters-on-lock-and-chain,,540187__iamdylanavery__bolt-cutters-on-lock-and-chain,,540187__iamdylanavery__bolt-cutters-on-lock-and-chain,1,3,white,20
C:\Users\Cengiz\Desktop\inosens-internship\dataset\synthetic_dataset\fence_cutting\540187__iamdylanavery__bolt-cutters-on-lock-and-chain_snr4dB_white_v16_spectrogram.png,540187__iamdylanavery__bolt-cutters-on-lock-and-chain_snr4dB_white_v16_spectrogram.png,fence_cutting,1,False,540187__iamdylanavery__bolt-cutters-on-lock-and-chain,,540187__iamdylanavery__bolt-cutters-on-lock-and-chain,,540187__iamdylanavery__bolt-cutters-on-lock-and-chain,1,4,white,16
C:\Users\Cengiz\Desktop\inosens-internship\dataset\synthetic_dataset\fence_cutting\540187__iamdylanavery__bolt-cutters-on-lock-and-chain_snr5dB_white_v13_spectrogram.png,540187__iamdylanavery__bolt-cutters-on-lock-and-chain_snr5dB_white_v13_spectrogram.png,fence_cutting,1,False,540187__iamdylanavery__bolt-cutters-on-lock-and-chain,,540187__iamdylanavery__bolt-cutters-on-lock-and-chain,,540187__iamdylanavery__bolt-cutters-on-lock-and-chain,1,5,white,13
C:\Users\Cengiz\Desktop\inosens-internship\dataset\synthetic_dataset\fence_cutting\540187__iamdylanavery__bolt-cutters-on-lock-and-chain_snr5dB_white_v4_spectrogram.png,540187__iamdylanavery__bolt-cutters-on-lock-and-chain_snr5dB_white_v4_spectrogram.png,fence_cutting,1,False,540187__iamdylanavery__bolt-cutters-on-lock-and-chain,,540187__iamdylanavery__bolt-cutters-on-lock-and-chain,,540187__iamdylanavery__bolt-cutters-on-lock-and-chain,1,5,white,4
C:\Users\Cengiz\Desktop\inosens-internship\dataset\synthetic_dataset\fence_cutting\540187__iamdylanavery__bolt-cutters-on-lock-and-chain_snr6dB_white_v17_spectrogram.png,540187__iamdylanavery__bolt-cutters-on-lock-and-chain_snr6dB_white_v17_spectrogram.png,fence_cutting,1,False,540187__iamdylanavery__bolt-cutters-on-lock-and-chain,,540187__iamdylanavery__bolt-cutters-on-lock-and-chain,,540187__iamdylanavery__bolt-cutters-on-lock-and-chain,1,6,white,17
C:\Users\Cengiz\Desktop\inosens-internship\dataset\synthetic_dataset\fence_cutting\540187__iamdylanavery__bolt-cutters-on-lock-and-chain_snr8dB_pink_v0_spectrogram.png,540187__iamdylanavery__bolt-cutters-on-lock-and-chain_snr8dB_pink_v0_spectrogram.png,fence_cutting,1,False,540187__iamdylanavery__bolt-cutters-on-lock-and-chain,,540187__iamdylanavery__bolt-cutters-on-lock-and-chain,,540187__iamdylanavery__bolt-cutters-on-lock-and-chain,1,8,pink,0
C:\Users\Cengiz\Desktop\inosens-internship\dataset\synthetic_dataset\fence_cutting\540187__iamdylanavery__bolt-cutters-on-lock-and-chain_snr8dB_white_v14_spectrogram.png,540187__iamdylanavery__bolt-cutters-on-lock-and-chain_snr8dB_white_v14_spectrogram.png,fence_cutting,1,False,540187__iamdylanavery__bolt-cutters-on-lock-and-chain,,540187__iamdylanavery__bolt-cutters-on-lock-and-chain,,540187__iamdylanavery__bolt-cutters-on-lock-and-chain,1,8,white,14
C:\Users\Cengiz\Desktop\inosens-internship\dataset\synthetic_dataset\fence_cutting\540187__iamdylanavery__bolt-cutters-on-lock-and-chain_snr9dB_pink_v18_spectrogram.png,540187__iamdylanavery__bolt-cutters-on-lock-and-chain_snr9dB_pink_v18_spectrogram.png,fence_cutting,1,False,540187__iamdylanavery__bolt-cutters-on-lock-and-chain,,540187__iamdylanavery__bolt-cutters-on-lock-and-chain,,540187__iamdylanavery__bolt-cutters-on-lock-and-chain,1,9,pink,18
C:\Users\Cengiz\Desktop\inosens-internship\dataset\synthetic_dataset\fence_cutting\540187__iamdylanavery__bolt-cutters-on-lock-and-chain_snr9dB_pink_v7_spectrogram.png,540187__iamdylanavery__bolt-cutters-on-lock-and-chain_snr9dB_pink_v7_spectrogram.png,fence_cutting,1,False,540187__iamdylanavery__bolt-cutters-on-lock-and-chain,,540187__iamdylanavery__bolt-cutters-on-lock-and-chain,,540187__iamdylanavery__bolt-cutters-on-lock-and-chain,1,9,pink,7
C:\Users\Cengiz\Desktop\inosens-internship\dataset\synthetic_dataset\fence_cutting\540187__iamdylanavery__bolt-cutters-on-lock-and-chain_snr9dB_white_v8_spectrogram.png,540187__iamdylanavery__bolt-cutters-on-lock-and-chain_snr9dB_white_v8_spectrogram.png,fence_cutting,1,False,540187__iamdylanavery__bolt-cutters-on-lock-and-chain,,540187__iamdylanavery__bolt-cutters-on-lock-and-chain,,540187__iamdylanavery__bolt-cutters-on-lock-and-chain,1,9,white,8
C:\Users\Cengiz\Desktop\inosens-internship\dataset\synthetic_dataset\fence_cutting\799499__anielanielaniel__cutting-noise_snr10dB_pink_v8_spectrogram.png,799499__anielanielaniel__cutting-noise_snr10dB_pink_v8_spectrogram.png,fence_cutting,1,False,799499__anielanielaniel__cutting-noise,,799499__anielanielaniel__cutting-noise,,799499__anielanielaniel__cutting-noise,1,10,pink,8
C:\Users\Cengiz\Desktop\inosens-internship\dataset\synthetic_dataset\fence_cutting\799499__anielanielaniel__cutting-noise_snr10dB_white_v10_spectrogram.png,799499__anielanielaniel__cutting-noise_snr10dB_white_v10_spectrogram.png,fence_cutting,1,False,799499__anielanielaniel__cutting-noise,,799499__anielanielaniel__cutting-noise,,799499__anielanielaniel__cutting-noise,1,10,white,10
C:\Users\Cengiz\Desktop\inosens-internship\dataset\synthetic_dataset\fence_cutting\799499__anielanielaniel__cutting-noise_snr10dB_white_v3_spectrogram.png,799499__anielanielaniel__cutting-noise_snr10dB_white_v3_spectrogram.png,fence_cutting,1,False,799499__anielanielaniel__cutting-noise,,799499__anielanielaniel__cutting-noise,,799499__anielanielaniel__cutting-noise,1,10,white,3
C:\Users\Cengiz\Desktop\inosens-internship\dataset\synthetic_dataset\fence_cutting\799499__anielanielaniel__cutting-noise_snr12dB_white_v13_spectrogram.png,799499__anielanielaniel__cutting-noise_snr12dB_white_v13_spectrogram.png,fence_cutting,1,False,799499__anielanielaniel__cutting-noise,,799499__anielanielaniel__cutting-noise,,799499__anielanielaniel__cutting-noise,1,12,white,13
C:\Users\Cengiz\Desktop\inosens-internship\dataset\synthetic_dataset\fence_cutting\799499__anielanielaniel__cutting-noise_snr12dB_white_v2_spectrogram.png,799499__anielanielaniel__cutting-noise_snr12dB_white_v2_spectrogram.png,fence_cutting,1,False,799499__anielanielaniel__cutting-noise,,799499__anielanielaniel__cutting-noise,,799499__anielanielaniel__cutting-noise,1,12,white,2
C:\Users\Cengiz\Desktop\inosens-internship\dataset\synthetic_dataset\fence_cutting\799499__anielanielaniel__cutting-noise_snr12dB_white_v4_spectrogram.png,799499__anielanielaniel__cutting-noise_snr12dB_white_v4_spectrogram.png,fence_cutting,1,False,799499__anielanielaniel__cutting-noise,,799499__anielanielaniel__cutting-noise,,799499__anielanielaniel__cutting-noise,1,12,white,4
C:\Users\Cengiz\Desktop\inosens-internship\dataset\synthetic_dataset\fence_cutting\799499__anielanielaniel__cutting-noise_snr13dB_pink_v15_spectrogram.png,799499__anielanielaniel__cutting-noise_snr13dB_pink_v15_spectrogram.png,fence_cutting,1,False,799499__anielanielaniel__cutting-noise,,799499__anielanielaniel__cutting-noise,,799499__anielanielaniel__cutting-noise,1,13,pink,15
C:\Users\Cengiz\Desktop\inosens-internship\dataset\synthetic_dataset\fence_cutting\799499__anielanielaniel__cutting-noise_snr13dB_pink_v22_spectrogram.png,799499__anielanielaniel__cutting-noise_snr13dB_pink_v22_spectrogram.png,fence_cutting,1,False,799499__anielanielaniel__cutting-noise,,799499__anielanielaniel__cutting-noise,,799499__anielanielaniel__cutting-noise,1,13,pink,22
C:\Users\Cengiz\Desktop\inosens-internship\dataset\synthetic_dataset\fence_cutting\799499__anielanielaniel__cutting-noise_snr13dB_white_v14_spectrogram.png,799499__anielanielaniel__cutting-noise_snr13dB_white_v14_spectrogram.png,fence_cutting,1,False,799499__anielanielaniel__cutting-noise,,799499__anielanielaniel__cutting-noise,,799499__anielanielaniel__cutting-noise,1,13,white,14
C:\Users\Cengiz\Desktop\inosens-internship\dataset\synthetic_dataset\fence_cutting\799499__anielanielaniel__cutting-noise_snr14dB_white_v24_spectrogram.png,799499__anielanielaniel__cutting-noise_snr14dB_white_v24_spectrogram.png,fence_cutting,1,False,799499__anielanielaniel__cutting-noise,,799499__anielanielaniel__cutting-noise,,799499__anielanielaniel__cutting-noise,1,14,white,24
C:\Users\Cengiz\Desktop\inosens-internship\dataset\synthetic_dataset\fence_cutting\799499__anielanielaniel__cutting-noise_snr15dB_white_v12_spectrogram.png,799499__anielanielaniel__cutting-noise_snr15dB_white_v12_spectrogram.png,fence_cutting,1,False,799499__anielanielaniel__cutting-noise,,799499__anielanielaniel__cutting-noise,,799499__anielanielaniel__cutting-noise,1,15,white,12
C:\Users\Cengiz\Desktop\inosens-internship\dataset\synthetic_dataset\fence_cutting\799499__anielanielaniel__cutting-noise_snr2dB_white_v18_spectrogram.png,799499__anielanielaniel__cutting-noise_snr2dB_white_v18_spectrogram.png,fence_cutting,1,False,799499__anielanielaniel__cutting-noise,,799499__anielanielaniel__cutting-noise,,799499__anielanielaniel__cutting-noise,1,2,white,18
C:\Users\Cengiz\Desktop\inosens-internship\dataset\synthetic_dataset\fence_cutting\799499__anielanielaniel__cutting-noise_snr3dB_white_v0_spectrogram.png,799499__anielanielaniel__cutting-noise_snr3dB_white_v0_spectrogram.png,fence_cutting,1,False,799499__anielanielaniel__cutting-noise,,799499__anielanielaniel__cutting-noise,,799499__anielanielaniel__cutting-noise,1,3,white,0
C:\Users\Cengiz\Desktop\inosens-internship\dataset\synthetic_dataset\fence_cutting\799499__anielanielaniel__cutting-noise_snr4dB_pink_v9_spectrogram.png,799499__anielanielaniel__cutting-noise_snr4dB_pink_v9_spectrogram.png,fence_cutting,1,False,799499__anielanielaniel__cutting-noise,,799499__anielanielaniel__cutting-noise,,799499__anielanielaniel__cutting-noise,1,4,pink,9
C:\Users\Cengiz\Desktop\inosens-internship\dataset\synthetic_dataset\fence_cutting\799499__anielanielaniel__cutting-noise_snr5dB_pink_v7_spectrogram.png,799499__anielanielaniel__cutting-noise_snr5dB_pink_v7_spectrogram.png,fence_cutting,1,False,799499__anielanielaniel__cutting-noise,,799499__anielanielaniel__cutting-noise,,799499__anielanielaniel__cutting-noise,1,5,pink,7
C:\Users\Cengiz\Desktop\inosens-internship\dataset\synthetic_dataset\fence_cutting\799499__anielanielaniel__cutting-noise_snr6dB_pink_v17_spectrogram.png,799499__anielanielaniel__cutting-noise_snr6dB_pink_v17_spectrogram.png,fence_cutting,1,False,799499__anielanielaniel__cutting-noise,,799499__anielanielaniel__cutting-noise,,799499__anielanielaniel__cutting-noise,1,6,pink,17
C:\Users\Cengiz\Desktop\inosens-internship\dataset\synthetic_dataset\fence_cutting\799499__anielanielaniel__cutting-noise_snr6dB_pink_v19_spectrogram.png,799499__anielanielaniel__cutting-noise_snr6dB_pink_v19_spectrogram.png,fence_cutting,1,False,799499__anielanielaniel__cutting-noise,,799499__anielanielaniel__cutting-noise,,799499__anielanielaniel__cutting-noise,1,6,pink,19
C:\Users\Cengiz\Desktop\inosens-internship\dataset\synthetic_dataset\fence_cutting\799499__anielanielaniel__cutting-noise_snr6dB_white_v11_spectrogram.png,799499__anielanielaniel__cutting-noise_snr6dB_white_v11_spectrogram.png,fence_cutting,1,False,799499__anielanielaniel__cutting-noise,,799499__anielanielaniel__cutting-noise,,799499__anielanielaniel__cutting-noise,1,6,white,11
C:\Users\Cengiz\Desktop\inosens-internship\dataset\synthetic_dataset\fence_cutting\799499__anielanielaniel__cutting-noise_snr7dB_pink_v16_spectrogram.png,799499__anielanielaniel__cutting-noise_snr7dB_pink_v16_spectrogram.png,fence_cutting,1,False,799499__anielanielaniel__cutting-noise,,799499__anielanielaniel__cutting-noise,,799499__anielanielaniel__cutting-noise,1,7,pink,16
C:\Users\Cengiz\Desktop\inosens-internship\dataset\synthetic_dataset\fence_cutting\799499__anielanielaniel__cutting-noise_snr7dB_pink_v23_spectrogram.png,799499__anielanielaniel__cutting-noise_snr7dB_pink_v23_spectrogram.png,fence_cutting,1,False,799499__anielanielaniel__cutting-noise,,799499__anielanielaniel__cutting-noise,,799499__anielanielaniel__cutting-noise,1,7,pink,23
C:\Users\Cengiz\Desktop\inosens-internship\dataset\synthetic_dataset\fence_cutting\799499__anielanielaniel__cutting-noise_snr7dB_white_v20_spectrogram.png,799499__anielanielaniel__cutting-noise_snr7dB_white_v20_spectrogram.png,fence_cutting,1,False,799499__anielanielaniel__cutting-noise,,799499__anielanielaniel__cutting-noise,,799499__anielanielaniel__cutting-noise,1,7,white,20
C:\Users\Cengiz\Desktop\inosens-internship\dataset\synthetic_dataset\fence_cutting\799499__anielanielaniel__cutting-noise_snr8dB_pink_v6_spectrogram.png,799499__anielanielaniel__cutting-noise_snr8dB_pink_v6_spectrogram.png,fence_cutting,1,False,799499__anielanielaniel__cutting-noise,,799499__anielanielaniel__cutting-noise,,799499__anielanielaniel__cutting-noise,1,8,pink,6
C:\Users\Cengiz\Desktop\inosens-internship\dataset\synthetic_dataset\fence_cutting\799499__anielanielaniel__cutting-noise_snr8dB_white_v5_spectrogram.png,799499__anielanielaniel__cutting-noise_snr8dB_white_v5_spectrogram.png,fence_cutting,1,False,799499__anielanielaniel__cutting-noise,,799499__anielanielaniel__cutting-noise,,799499__anielanielaniel__cutting-noise,1,8,white,5
C:\Users\Cengiz\Desktop\inosens-internship\dataset\synthetic_dataset\fence_cutting\799499__anielanielaniel__cutting-noise_snr9dB_pink_v1_spectrogram.png,799499__anielanielaniel__cutting-noise_snr9dB_pink_v1_spectrogram.png,fence_cutting,1,False,799499__anielanielaniel__cutting-noise,,799499__anielanielaniel__cutting-noise,,799499__anielanielaniel__cutting-noise,1,9,pink,1
C:\Users\Cengiz\Desktop\inosens-internship\dataset\synthetic_dataset\fence_cutting\799499__anielanielaniel__cutting-noise_snr9dB_pink_v21_spectrogram.png,799499__anielanielaniel__cutting-noise_snr9dB_pink_v21_spectrogram.png,fence_cutting,1,False,799499__anielanielaniel__cutting-noise,,799499__anielanielaniel__cutting-noise,,799499__anielanielaniel__cutting-noise,1,9,pink,21
C:\Users\Cengiz\Desktop\inosens-internship\dataset\synthetic_dataset\fence_cutting\799499__anielanielaniel__cutting-noise_snr9dB_pink_v25_spectrogram.png,799499__anielanielaniel__cutting-noise_snr9dB_pink_v25_spectrogram.png,fence_cutting,1,False,799499__anielanielaniel__cutting-noise,,799499__anielanielaniel__cutting-noise,,799499__anielanielaniel__cutting-noise,1,9,pink,25
C:\Users\Cengiz\Desktop\inosens-internship\dataset\synthetic_dataset\fence_cutting\mixup_185611__kubawolanin__metal-tick-1_x_345070__metrostock99__chain-lock-on-fence-sound_snr10dB_white_16_spectrogram.png,mixup_185611__kubawolanin__metal-tick-1_x_345070__metrostock99__chain-lock-on-fence-sound_snr10dB_white_16_spectrogram.png,fence_cutting,1,True,185611__kubawolanin__metal-tick-1,345070__metrostock99__chain-lock-on-fence-sound,185611__kubawolanin__metal-tick-1,345070__metrostock99__chain-lock-on-fence-sound,185611__kubawolanin__metal-tick-1|345070__metrostock99__chain-lock-on-fence-sound,2,10,white,16
C:\Users\Cengiz\Desktop\inosens-internship\dataset\synthetic_dataset\fence_cutting\mixup_185611__kubawolanin__metal-tick-1_x_345070__metrostock99__chain-lock-on-fence-sound_snr10dB_white_34_spectrogram.png,mixup_185611__kubawolanin__metal-tick-1_x_345070__metrostock99__chain-lock-on-fence-sound_snr10dB_white_34_spectrogram.png,fence_cutting,1,True,185611__kubawolanin__metal-tick-1,345070__metrostock99__chain-lock-on-fence-sound,185611__kubawolanin__metal-tick-1,345070__metrostock99__chain-lock-on-fence-sound,185611__kubawolanin__metal-tick-1|345070__metrostock99__chain-lock-on-fence-sound,2,10,white,34
C:\Users\Cengiz\Desktop\inosens-internship\dataset\synthetic_dataset\fence_cutting\mixup_185611__kubawolanin__metal-tick-1_x_345070__metrostock99__chain-lock-on-fence-sound_snr13dB_pink_29_spectrogram.png,mixup_185611__kubawolanin__metal-tick-1_x_345070__metrostock99__chain-lock-on-fence-sound_snr13dB_pink_29_spectrogram.png,fence_cutting,1,True,185611__kubawolanin__metal-tick-1,345070__metrostock99__chain-lock-on-fence-sound,185611__kubawolanin__metal-tick-1,345070__metrostock99__chain-lock-on-fence-sound,185611__kubawolanin__metal-tick-1|345070__metrostock99__chain-lock-on-fence-sound,2,13,pink,29
C:\Users\Cengiz\Desktop\inosens-internship\dataset\synthetic_dataset\fence_cutting\mixup_185611__kubawolanin__metal-tick-1_x_345070__metrostock99__chain-lock-on-fence-sound_snr4dB_white_44_spectrogram.png,mixup_185611__kubawolanin__metal-tick-1_x_345070__metrostock99__chain-lock-on-fence-sound_snr4dB_white_44_spectrogram.png,fence_cutting,1,True,185611__kubawolanin__metal-tick-1,345070__metrostock99__chain-lock-on-fence-sound,185611__kubawolanin__metal-tick-1,345070__metrostock99__chain-lock-on-fence-sound,185611__kubawolanin__metal-tick-1|345070__metrostock99__chain-lock-on-fence-sound,2,4,white,44
C:\Users\Cengiz\Desktop\inosens-internship\dataset\synthetic_dataset\fence_cutting\mixup_185611__kubawolanin__metal-tick-1_x_366292__lostmaiden__metal-coat-hanger-on-steel-hook_snr10dB_white_30_spectrogram.png,mixup_185611__kubawolanin__metal-tick-1_x_366292__lostmaiden__metal-coat-hanger-on-steel-hook_snr10dB_white_30_spectrogram.png,fence_cutting,1,True,185611__kubawolanin__metal-tick-1,366292__lostmaiden__metal-coat-hanger-on-steel-hook,185611__kubawolanin__metal-tick-1,366292__lostmaiden__metal-coat-hanger-on-steel-hook,185611__kubawolanin__metal-tick-1|366292__lostmaiden__metal-coat-hanger-on-steel-hook,2,10,white,30
C:\Users\Cengiz\Desktop\inosens-internship\dataset\synthetic_dataset\fence_cutting\mixup_185611__kubawolanin__metal-tick-1_x_366292__lostmaiden__metal-coat-hanger-on-steel-hook_snr15dB_pink_97_spectrogram.png,mixup_185611__kubawolanin__metal-tick-1_x_366292__lostmaiden__metal-coat-hanger-on-steel-hook_snr15dB_pink_97_spectrogram.png,fence_cutting,1,True,185611__kubawolanin__metal-tick-1,366292__lostmaiden__metal-coat-hanger-on-steel-hook,185611__kubawolanin__metal-tick-1,366292__lostmaiden__metal-coat-hanger-on-steel-hook,185611__kubawolanin__metal-tick-1|366292__lostmaiden__metal-coat-hanger-on-steel-hook,2,15,pink,97
C:\Users\Cengiz\Desktop\inosens-internship\dataset\synthetic_dataset\fence_cutting\mixup_185611__kubawolanin__metal-tick-1_x_366292__lostmaiden__metal-coat-hanger-on-steel-hook_snr8dB_pink_67_spectrogram.png,mixup_185611__kubawolanin__metal-tick-1_x_366292__lostmaiden__metal-coat-hanger-on-steel-hook_snr8dB_pink_67_spectrogram.png,fence_cutting,1,True,185611__kubawolanin__metal-tick-1,366292__lostmaiden__metal-coat-hanger-on-steel-hook,185611__kubawolanin__metal-tick-1,366292__lostmaiden__metal-coat-hanger-on-steel-hook,185611__kubawolanin__metal-tick-1|366292__lostmaiden__metal-coat-hanger-on-steel-hook,2,8,pink,67
C:\Users\Cengiz\Desktop\inosens-internship\dataset\synthetic_dataset\fence_cutting\mixup_185611__kubawolanin__metal-tick-1_x_445967__breviceps__sawing-filing-metal_snr15dB_white_74_spectrogram.png,mixup_185611__kubawolanin__metal-tick-1_x_445967__breviceps__sawing-filing-metal_snr15dB_white_74_spectrogram.png,fence_cutting,1,True,185611__kubawolanin__metal-tick-1,445967__breviceps__sawing-filing-metal,185611__kubawolanin__metal-tick-1,445967__breviceps__sawing-filing-metal,185611__kubawolanin__metal-tick-1|445967__breviceps__sawing-filing-metal,2,15,white,74
C:\Users\Cengiz\Desktop\inosens-internship\dataset\synthetic_dataset\fence_cutting\mixup_185611__kubawolanin__metal-tick-1_x_445967__breviceps__sawing-filing-metal_snr3dB_white_36_spectrogram.png,mixup_185611__kubawolanin__metal-tick-1_x_445967__breviceps__sawing-filing-metal_snr3dB_white_36_spectrogram.png,fence_cutting,1,True,185611__kubawolanin__metal-tick-1,445967__breviceps__sawing-filing-metal,185611__kubawolanin__metal-tick-1,445967__breviceps__sawing-filing-metal,185611__kubawolanin__metal-tick-1|445967__breviceps__sawing-filing-metal,2,3,white,36
C:\Users\Cengiz\Desktop\inosens-internship\dataset\synthetic_dataset\fence_cutting\mixup_185611__kubawolanin__metal-tick-1_x_445967__breviceps__sawing-filing-metal_snr4dB_pink_89_spectrogram.png,mixup_185611__kubawolanin__metal-tick-1_x_445967__breviceps__sawing-filing-metal_snr4dB_pink_89_spectrogram.png,fence_cutting,1,True,185611__kubawolanin__metal-tick-1,445967__breviceps__sawing-filing-metal,185611__kubawolanin__metal-tick-1,445967__breviceps__sawing-filing-metal,185611__kubawolanin__metal-tick-1|445967__breviceps__sawing-filing-metal,2,4,pink,89
C:\Users\Cengiz\Desktop\inosens-internship\dataset\synthetic_dataset\fence_cutting\mixup_185611__kubawolanin__metal-tick-1_x_445967__breviceps__sawing-filing-metal_snr4dB_pink_91_spectrogram.png,mixup_185611__kubawolanin__metal-tick-1_x_445967__breviceps__sawing-filing-metal_snr4dB_pink_91_spectrogram.png,fence_cutting,1,True,185611__kubawolanin__metal-tick-1,445967__breviceps__sawing-filing-metal,185611__kubawolanin__metal-tick-1,445967__breviceps__sawing-filing-metal,185611__kubawolanin__metal-tick-1|445967__breviceps__sawing-filing-metal,2,4,pink,91
C:\Users\Cengiz\Desktop\inosens-internship\dataset\synthetic_dataset\fence_cutting\mixup_185611__kubawolanin__metal-tick-1_x_445967__breviceps__sawing-filing-metal_snr6dB_white_56_spectrogram.png,mixup_185611__kubawolanin__metal-tick-1_x_445967__breviceps__sawing-filing-metal_snr6dB_white_56_spectrogram.png,fence_cutting,1,True,185611__kubawolanin__metal-tick-1,445967__breviceps__sawing-filing-metal,185611__kubawolanin__metal-tick-1,445967__breviceps__sawing-filing-metal,185611__kubawolanin__metal-tick-1|445967__breviceps__sawing-filing-metal,2,6,white,56
C:\Users\Cengiz\Desktop\inosens-internship\dataset\synthetic_dataset\fence_cutting\mixup_185611__kubawolanin__metal-tick-1_x_445967__breviceps__sawing-filing-metal_snr9dB_white_64_spectrogram.png,mixup_185611__kubawolanin__metal-tick-1_x_445967__breviceps__sawing-filing-metal_snr9dB_white_64_spectrogram.png,fence_cutting,1,True,185611__kubawolanin__metal-tick-1,445967__breviceps__sawing-filing-metal,185611__kubawolanin__metal-tick-1,445967__breviceps__sawing-filing-metal,185611__kubawolanin__metal-tick-1|445967__breviceps__sawing-filing-metal,2,9,white,64
C:\Users\Cengiz\Desktop\inosens-internship\dataset\synthetic_dataset\fence_cutting\mixup_185611__kubawolanin__metal-tick-1_x_516591__jameswrowles__large-bolt-cutter_snr10dB_pink_43_spectrogram.png,mixup_185611__kubawolanin__metal-tick-1_x_516591__jameswrowles__large-bolt-cutter_snr10dB_pink_43_spectrogram.png,fence_cutting,1,True,185611__kubawolanin__metal-tick-1,516591__jameswrowles__large-bolt-cutter,185611__kubawolanin__metal-tick-1,516591__jameswrowles__large-bolt-cutter,185611__kubawolanin__metal-tick-1|516591__jameswrowles__large-bolt-cutter,2,10,pink,43
C:\Users\Cengiz\Desktop\inosens-internship\dataset\synthetic_dataset\fence_cutting\mixup_185611__kubawolanin__metal-tick-1_x_516591__jameswrowles__large-bolt-cutter_snr8dB_white_20_spectrogram.png,mixup_185611__kubawolanin__metal-tick-1_x_516591__jameswrowles__large-bolt-cutter_snr8dB_white_20_spectrogram.png,fence_cutting,1,True,185611__kubawolanin__metal-tick-1,516591__jameswrowles__large-bolt-cutter,185611__kubawolanin__metal-tick-1,516591__jameswrowles__large-bolt-cutter,185611__kubawolanin__metal-tick-1|516591__jameswrowles__large-bolt-cutter,2,8,white,20
C:\Users\Cengiz\Desktop\inosens-internship\dataset\synthetic_dataset\fence_cutting\mixup_185611__kubawolanin__metal-tick-1_x_540187__iamdylanavery__bolt-cutters-on-lock-and-chain_snr2dB_pink_82_spectrogram.png,mixup_185611__kubawolanin__metal-tick-1_x_540187__iamdylanavery__bolt-cutters-on-lock-and-chain_snr2dB_pink_82_spectrogram.png,fence_cutting,1,True,185611__kubawolanin__metal-tick-1,540187__iamdylanavery__bolt-cutters-on-lock-and-chain,185611__kubawolanin__metal-tick-1,540187__iamdylanavery__bolt-cutters-on-lock-and-chain,185611__kubawolanin__metal-tick-1|540187__iamdylanavery__bolt-cutters-on-lock-and-chain,2,2,pink,82
C:\Users\Cengiz\Desktop\inosens-internship\dataset\synthetic_dataset\fence_cutting\mixup_185611__kubawolanin__metal-tick-1_x_799499__anielanielaniel__cutting-noise_snr11dB_white_3_spectrogram.png,mixup_185611__kubawolanin__metal-tick-1_x_799499__anielanielaniel__cutting-noise_snr11dB_white_3_spectrogram.png,fence_cutting,1,True,185611__kubawolanin__metal-tick-1,799499__anielanielaniel__cutting-noise,185611__kubawolanin__metal-tick-1,799499__anielanielaniel__cutting-noise,185611__kubawolanin__metal-tick-1|799499__anielanielaniel__cutting-noise,2,11,white,3
C:\Users\Cengiz\Desktop\inosens-internship\dataset\synthetic_dataset\fence_cutting\mixup_185611__kubawolanin__metal-tick-1_x_799499__anielanielaniel__cutting-noise_snr8dB_white_59_spectrogram.png,mixup_185611__kubawolanin__metal-tick-1_x_799499__anielanielaniel__cutting-noise_snr8dB_white_59_spectrogram.png,fence_cutting,1,True,185611__kubawolanin__metal-tick-1,799499__anielanielaniel__cutting-noise,185611__kubawolanin__metal-tick-1,799499__anielanielaniel__cutting-noise,185611__kubawolanin__metal-tick-1|799499__anielanielaniel__cutting-noise,2,8,white,59
C:\Users\Cengiz\Desktop\inosens-internship\dataset\synthetic_dataset\fence_cutting\mixup_345070__metrostock99__chain-lock-on-fence-sound_x_366292__lostmaiden__metal-coat-hanger-on-steel-hook_snr14dB_white_76_spectrogram.png,mixup_345070__metrostock99__chain-lock-on-fence-sound_x_366292__lostmaiden__metal-coat-hanger-on-steel-hook_snr14dB_white_76_spectrogram.png,fence_cutting,1,True,345070__metrostock99__chain-lock-on-fence-sound,366292__lostmaiden__metal-coat-hanger-on-steel-hook,345070__metrostock99__chain-lock-on-fence-sound,366292__lostmaiden__metal-coat-hanger-on-steel-hook,345070__metrostock99__chain-lock-on-fence-sound|366292__lostmaiden__metal-coat-hanger-on-steel-hook,2,14,white,76
C:\Users\Cengiz\Desktop\inosens-internship\dataset\synthetic_dataset\fence_cutting\mixup_345070__metrostock99__chain-lock-on-fence-sound_x_366292__lostmaiden__metal-coat-hanger-on-steel-hook_snr2dB_pink_65_spectrogram.png,mixup_345070__metrostock99__chain-lock-on-fence-sound_x_366292__lostmaiden__metal-coat-hanger-on-steel-hook_snr2dB_pink_65_spectrogram.png,fence_cutting,1,True,345070__metrostock99__chain-lock-on-fence-sound,366292__lostmaiden__metal-coat-hanger-on-steel-hook,345070__metrostock99__chain-lock-on-fence-sound,366292__lostmaiden__metal-coat-hanger-on-steel-hook,345070__metrostock99__chain-lock-on-fence-sound|366292__lostmaiden__metal-coat-hanger-on-steel-hook,2,2,pink,65
C:\Users\Cengiz\Desktop\inosens-internship\dataset\synthetic_dataset\fence_cutting\mixup_345070__metrostock99__chain-lock-on-fence-sound_x_366292__lostmaiden__metal-coat-hanger-on-steel-hook_snr3dB_pink_51_spectrogram.png,mixup_345070__metrostock99__chain-lock-on-fence-sound_x_366292__lostmaiden__metal-coat-hanger-on-steel-hook_snr3dB_pink_51_spectrogram.png,fence_cutting,1,True,345070__metrostock99__chain-lock-on-fence-sound,366292__lostmaiden__metal-coat-hanger-on-steel-hook,345070__metrostock99__chain-lock-on-fence-sound,366292__lostmaiden__metal-coat-hanger-on-steel-hook,345070__metrostock99__chain-lock-on-fence-sound|366292__lostmaiden__metal-coat-hanger-on-steel-hook,2,3,pink,51
C:\Users\Cengiz\Desktop\inosens-internship\dataset\synthetic_dataset\fence_cutting\mixup_345070__metrostock99__chain-lock-on-fence-sound_x_366292__lostmaiden__metal-coat-hanger-on-steel-hook_snr4dB_white_0_spectrogram.png,mixup_345070__metrostock99__chain-lock-on-fence-sound_x_366292__lostmaiden__metal-coat-hanger-on-steel-hook_snr4dB_white_0_spectrogram.png,fence_cutting,1,True,345070__metrostock99__chain-lock-on-fence-sound,366292__lostmaiden__metal-coat-hanger-on-steel-hook,345070__metrostock99__chain-lock-on-fence-sound,366292__lostmaiden__metal-coat-hanger-on-steel-hook,345070__metrostock99__chain-lock-on-fence-sound|366292__lostmaiden__metal-coat-hanger-on-steel-hook,2,4,white,0
C:\Users\Cengiz\Desktop\inosens-internship\dataset\synthetic_dataset\fence_cutting\mixup_345070__metrostock99__chain-lock-on-fence-sound_x_445967__breviceps__sawing-filing-metal_snr2dB_white_58_spectrogram.png,mixup_345070__metrostock99__chain-lock-on-fence-sound_x_445967__breviceps__sawing-filing-metal_snr2dB_white_58_spectrogram.png,fence_cutting,1,True,345070__metrostock99__chain-lock-on-fence-sound,445967__breviceps__sawing-filing-metal,345070__metrostock99__chain-lock-on-fence-sound,445967__breviceps__sawing-filing-metal,345070__metrostock99__chain-lock-on-fence-sound|445967__breviceps__sawing-filing-metal,2,2,white,58
C:\Users\Cengiz\Desktop\inosens-internship\dataset\synthetic_dataset\fence_cutting\mixup_345070__metrostock99__chain-lock-on-fence-sound_x_445967__breviceps__sawing-filing-metal_snr3dB_white_18_spectrogram.png,mixup_345070__metrostock99__chain-lock-on-fence-sound_x_445967__breviceps__sawing-filing-metal_snr3dB_white_18_spectrogram.png,fence_cutting,1,True,345070__metrostock99__chain-lock-on-fence-sound,445967__breviceps__sawing-filing-metal,345070__metrostock99__chain-lock-on-fence-sound,445967__breviceps__sawing-filing-metal,345070__metrostock99__chain-lock-on-fence-sound|445967__breviceps__sawing-filing-metal,2,3,white,18
C:\Users\Cengiz\Desktop\inosens-internship\dataset\synthetic_dataset\fence_cutting\mixup_345070__metrostock99__chain-lock-on-fence-sound_x_445967__breviceps__sawing-filing-metal_snr5dB_white_55_spectrogram.png,mixup_345070__metrostock99__chain-lock-on-fence-sound_x_445967__breviceps__sawing-filing-metal_snr5dB_white_55_spectrogram.png,fence_cutting,1,True,345070__metrostock99__chain-lock-on-fence-sound,445967__breviceps__sawing-filing-metal,345070__metrostock99__chain-lock-on-fence-sound,445967__breviceps__sawing-filing-metal,345070__metrostock99__chain-lock-on-fence-sound|445967__breviceps__sawing-filing-metal,2,5,white,55
C:\Users\Cengiz\Desktop\inosens-internship\dataset\synthetic_dataset\fence_cutting\mixup_345070__metrostock99__chain-lock-on-fence-sound_x_445967__breviceps__sawing-filing-metal_snr6dB_pink_9_spectrogram.png,mixup_345070__metrostock99__chain-lock-on-fence-sound_x_445967__breviceps__sawing-filing-metal_snr6dB_pink_9_spectrogram.png,fence_cutting,1,True,345070__metrostock99__chain-lock-on-fence-sound,445967__breviceps__sawing-filing-metal,345070__metrostock99__chain-lock-on-fence-sound,445967__breviceps__sawing-filing-metal,345070__metrostock99__chain-lock-on-fence-sound|445967__breviceps__sawing-filing-metal,2,6,pink,9
C:\Users\Cengiz\Desktop\inosens-internship\dataset\synthetic_dataset\fence_cutting\mixup_345070__metrostock99__chain-lock-on-fence-sound_x_445967__breviceps__sawing-filing-metal_snr7dB_white_10_spectrogram.png,mixup_345070__metrostock99__chain-lock-on-fence-sound_x_445967__breviceps__sawing-filing-metal_snr7dB_white_10_spectrogram.png,fence_cutting,1,True,345070__metrostock99__chain-lock-on-fence-sound,445967__breviceps__sawing-filing-metal,345070__metrostock99__chain-lock-on-fence-sound,445967__breviceps__sawing-filing-metal,345070__metrostock99__chain-lock-on-fence-sound|445967__breviceps__sawing-filing-metal,2,7,white,10
C:\Users\Cengiz\Desktop\inosens-internship\dataset\synthetic_dataset\fence_cutting\mixup_345070__metrostock99__chain-lock-on-fence-sound_x_447607__ayubwaguma__metal-cutting_snr15dB_white_88_spectrogram.png,mixup_345070__metrostock99__chain-lock-on-fence-sound_x_447607__ayubwaguma__metal-cutting_snr15dB_white_88_spectrogram.png,fence_cutting,1,True,345070__metrostock99__chain-lock-on-fence-sound,447607__ayubwaguma__metal-cutting,345070__metrostock99__chain-lock-on-fence-sound,447607__ayubwaguma__metal-cutting,345070__metrostock99__chain-lock-on-fence-sound|447607__ayubwaguma__metal-cutting,2,15,white,88
C:\Users\Cengiz\Desktop\inosens-internship\dataset\synthetic_dataset\fence_cutting\mixup_345070__metrostock99__chain-lock-on-fence-sound_x_447607__ayubwaguma__metal-cutting_snr2dB_pink_41_spectrogram.png,mixup_345070__metrostock99__chain-lock-on-fence-sound_x_447607__ayubwaguma__metal-cutting_snr2dB_pink_41_spectrogram.png,fence_cutting,1,True,345070__metrostock99__chain-lock-on-fence-sound,447607__ayubwaguma__metal-cutting,345070__metrostock99__chain-lock-on-fence-sound,447607__ayubwaguma__metal-cutting,345070__metrostock99__chain-lock-on-fence-sound|447607__ayubwaguma__metal-cutting,2,2,pink,41
C:\Users\Cengiz\Desktop\inosens-internship\dataset\synthetic_dataset\fence_cutting\mixup_345070__metrostock99__chain-lock-on-fence-sound_x_516591__jameswrowles__large-bolt-cutter_snr13dB_pink_14_spectrogram.png,mixup_345070__metrostock99__chain-lock-on-fence-sound_x_516591__jameswrowles__large-bolt-cutter_snr13dB_pink_14_spectrogram.png,fence_cutting,1,True,345070__metrostock99__chain-lock-on-fence-sound,516591__jameswrowles__large-bolt-cutter,345070__metrostock99__chain-lock-on-fence-sound,516591__jameswrowles__large-bolt-cutter,345070__metrostock99__chain-lock-on-fence-sound|516591__jameswrowles__large-bolt-cutter,2,13,pink,14
C:\Users\Cengiz\Desktop\inosens-internship\dataset\synthetic_dataset\fence_cutting\mixup_345070__metrostock99__chain-lock-on-fence-sound_x_516591__jameswrowles__large-bolt-cutter_snr2dB_white_35_spectrogram.png,mixup_345070__metrostock99__chain-lock-on-fence-sound_x_516591__jameswrowles__large-bolt-cutter_snr2dB_white_35_spectrogram.png,fence_cutting,1,True,345070__metrostock99__chain-lock-on-fence-sound,516591__jameswrowles__large-bolt-cutter,345070__metrostock99__chain-lock-on-fence-sound,516591__jameswrowles__large-bolt-cutter,345070__metrostock99__chain-lock-on-fence-sound|516591__jameswrowles__large-bolt-cutter,2,2,white,35
C:\Users\Cengiz\Desktop\inosens-internship\dataset\synthetic_dataset\fence_cutting\mixup_345070__metrostock99__chain-lock-on-fence-sound_x_540187__iamdylanavery__bolt-cutters-on-lock-and-chain_snr11dB_pink_17_spectrogram.png,mixup_345070__metrostock99__chain-lock-on-fence-sound_x_540187__iamdylanavery__bolt-cutters-on-lock-and-chain_snr11dB_pink_17_spectrogram.png,fence_cutting,1,True,345070__metrostock99__chain-lock-on-fence-sound,540187__iamdylanavery__bolt-cutters-on-lock-and-chain,345070__metrostock99__chain-lock-on-fence-sound,540187__iamdylanavery__bolt-cutters-on-lock-and-chain,345070__metrostock99__chain-lock-on-fence-sound|540187__iamdylanavery__bolt-cutters-on-lock-and-chain,2,11,pink,17
C:\Users\Cengiz\Desktop\inosens-internship\dataset\synthetic_dataset\fence_cutting\mixup_345070__metrostock99__chain-lock-on-fence-sound_x_540187__iamdylanavery__bolt-cutters-on-lock-and-chain_snr12dB_white_86_spectrogram.png,mixup_345070__metrostock99__chain-lock-on-fence-sound_x_540187__iamdylanavery__bolt-cutters-on-lock-and-chain_snr12dB_white_86_spectrogram.png,fence_cutting,1,True,345070__metrostock99__chain-lock-on-fence-sound,540187__iamdylanavery__bolt-cutters-on-lock-and-chain,345070__metrostock99__chain-lock-on-fence-sound,540187__iamdylanavery__bolt-cutters-on-lock-and-chain,345070__metrostock99__chain-lock-on-fence-sound|540187__iamdylanavery__bolt-cutters-on-lock-and-chain,2,12,white,86
C:\Users\Cengiz\Desktop\inosens-internship\dataset\synthetic_dataset\fence_cutting\mixup_345070__metrostock99__chain-lock-on-fence-sound_x_540187__iamdylanavery__bolt-cutters-on-lock-and-chain_snr1dB_pink_26_spectrogram.png,mixup_345070__metrostock99__chain-lock-on-fence-sound_x_540187__iamdylanavery__bolt-cutters-on-lock-and-chain_snr1dB_pink_26_spectrogram.png,fence_cutting,1,True,345070__metrostock99__chain-lock-on-fence-sound,540187__iamdylanavery__bolt-cutters-on-lock-and-chain,345070__metrostock99__chain-lock-on-fence-sound,540187__iamdylanavery__bolt-cutters-on-lock-and-chain,345070__metrostock99__chain-lock-on-fence-sound|540187__iamdylanavery__bolt-cutters-on-lock-and-chain,2,1,pink,26
C:\Users\Cengiz\Desktop\inosens-internship\dataset\synthetic_dataset\fence_cutting\mixup_345070__metrostock99__chain-lock-on-fence-sound_x_540187__iamdylanavery__bolt-cutters-on-lock-and-chain_snr9dB_white_81_spectrogram.png,mixup_345070__metrostock99__chain-lock-on-fence-sound_x_540187__iamdylanavery__bolt-cutters-on-lock-and-chain_snr9dB_white_81_spectrogram.png,fence_cutting,1,True,345070__metrostock99__chain-lock-on-fence-sound,540187__iamdylanavery__bolt-cutters-on-lock-and-chain,345070__metrostock99__chain-lock-on-fence-sound,540187__iamdylanavery__bolt-cutters-on-lock-and-chain,345070__metrostock99__chain-lock-on-fence-sound|540187__iamdylanavery__bolt-cutters-on-lock-and-chain,2,9,white,81
C:\Users\Cengiz\Desktop\inosens-internship\dataset\synthetic_dataset\fence_cutting\mixup_345070__metrostock99__chain-lock-on-fence-sound_x_799499__anielanielaniel__cutting-noise_snr13dB_white_6_spectrogram.png,mixup_345070__metrostock99__chain-lock-on-fence-sound_x_799499__anielanielaniel__cutting-noise_snr13dB_white_6_spectrogram.png,fence_cutting,1,True,345070__metrostock99__chain-lock-on-fence-sound,799499__anielanielaniel__cutting-noise,345070__metrostock99__chain-lock-on-fence-sound,799499__anielanielaniel__cutting-noise,345070__metrostock99__chain-lock-on-fence-sound|799499__anielanielaniel__cutting-noise,2,13,white,6
C:\Users\Cengiz\Desktop\inosens-internship\dataset\synthetic_dataset\fence_cutting\mixup_345070__metrostock99__chain-lock-on-fence-sound_x_799499__anielanielaniel__cutting-noise_snr4dB_white_95_spectrogram.png,mixup_345070__metrostock99__chain-lock-on-fence-sound_x_799499__anielanielaniel__cutting-noise_snr4dB_white_95_spectrogram.png,fence_cutting,1,True,345070__metrostock99__chain-lock-on-fence-sound,799499__anielanielaniel__cutting-noise,345070__metrostock99__chain-lock-on-fence-sound,799499__anielanielaniel__cutting-noise,345070__metrostock99__chain-lock-on-fence-sound|799499__anielanielaniel__cutting-noise,2,4,white,95
C:\Users\Cengiz\Desktop\inosens-internship\dataset\synthetic_dataset\fence_cutting\mixup_345070__metrostock99__chain-lock-on-fence-sound_x_799499__anielanielaniel__cutting-noise_snr9dB_white_57_spectrogram.png,mixup_345070__metrostock99__chain-lock-on-fence-sound_x_799499__anielanielaniel__cutting-noise_snr9dB_white_57_spectrogram.png,fence_cutting,1,True,345070__metrostock99__chain-lock-on-fence-sound,799499__anielanielaniel__cutting-noise,345070__metrostock99__chain-lock-on-fence-sound,799499__anielanielaniel__cutting-noise,345070__metrostock99__chain-lock-on-fence-sound|799499__anielanielaniel__cutting-noise,2,9,white,57
C:\Users\Cengiz\Desktop\inosens-internship\dataset\synthetic_dataset\fence_cutting\mixup_366292__lostmaiden__metal-coat-hanger-on-steel-hook_x_445967__breviceps__sawing-filing-metal_snr12dB_white_52_spectrogram.png,mixup_366292__lostmaiden__metal-coat-hanger-on-steel-hook_x_445967__breviceps__sawing-filing-metal_snr12dB_white_52_spectrogram.png,fence_cutting,1,True,366292__lostmaiden__metal-coat-hanger-on-steel-hook,445967__breviceps__sawing-filing-metal,366292__lostmaiden__metal-coat-hanger-on-steel-hook,445967__breviceps__sawing-filing-metal,366292__lostmaiden__metal-coat-hanger-on-steel-hook|445967__breviceps__sawing-filing-metal,2,12,white,52
C:\Users\Cengiz\Desktop\inosens-internship\dataset\synthetic_dataset\fence_cutting\mixup_366292__lostmaiden__metal-coat-hanger-on-steel-hook_x_445967__breviceps__sawing-filing-metal_snr1dB_white_85_spectrogram.png,mixup_366292__lostmaiden__metal-coat-hanger-on-steel-hook_x_445967__breviceps__sawing-filing-metal_snr1dB_white_85_spectrogram.png,fence_cutting,1,True,366292__lostmaiden__metal-coat-hanger-on-steel-hook,445967__breviceps__sawing-filing-metal,366292__lostmaiden__metal-coat-hanger-on-steel-hook,445967__breviceps__sawing-filing-metal,366292__lostmaiden__metal-coat-hanger-on-steel-hook|445967__breviceps__sawing-filing-metal,2,1,white,85
C:\Users\Cengiz\Desktop\inosens-internship\dataset\synthetic_dataset\fence_cutting\mixup_366292__lostmaiden__metal-coat-hanger-on-steel-hook_x_445967__breviceps__sawing-filing-metal_snr4dB_white_45_spectrogram.png,mixup_366292__lostmaiden__metal-coat-hanger-on-steel-hook_x_445967__breviceps__sawing-filing-metal_snr4dB_white_45_spectrogram.png,fence_cutting,1,True,366292__lostmaiden__metal-coat-hanger-on-steel-hook,445967__breviceps__sawing-filing-metal,366292__lostmaiden__metal-coat-hanger-on-steel-hook,445967__breviceps__sawing-filing-metal,366292__lostmaiden__metal-coat-hanger-on-steel-hook|445967__breviceps__sawing-filing-metal,2,4,white,45
C:\Users\Cengiz\Desktop\inosens-internship\dataset\synthetic_dataset\fence_cutting\mixup_366292__lostmaiden__metal-coat-hanger-on-steel-hook_x_445967__breviceps__sawing-filing-metal_snr5dB_pink_71_spectrogram.png,mixup_366292__lostmaiden__metal-coat-hanger-on-steel-hook_x_445967__breviceps__sawing-filing-metal_snr5dB_pink_71_spectrogram.png,fence_cutting,1,True,366292__lostmaiden__metal-coat-hanger-on-steel-hook,445967__breviceps__sawing-filing-metal,366292__lostmaiden__metal-coat-hanger-on-steel-hook,445967__breviceps__sawing-filing-metal,366292__lostmaiden__metal-coat-hanger-on-steel-hook|445967__breviceps__sawing-filing-metal,2,5,pink,71
C:\Users\Cengiz\Desktop\inosens-internship\dataset\synthetic_dataset\fence_cutting\mixup_366292__lostmaiden__metal-coat-hanger-on-steel-hook_x_447607__ayubwaguma__metal-cutting_snr11dB_pink_99_spectrogram.png,mixup_366292__lostmaiden__metal-coat-hanger-on-steel-hook_x_447607__ayubwaguma__metal-cutting_snr11dB_pink_99_spectrogram.png,fence_cutting,1,True,366292__lostmaiden__metal-coat-hanger-on-steel-hook,447607__ayubwaguma__metal-cutting,366292__lostmaiden__metal-coat-hanger-on-steel-hook,447607__ayubwaguma__metal-cutting,366292__lostmaiden__metal-coat-hanger-on-steel-hook|447607__ayubwaguma__metal-cutting,2,11,pink,99
C:\Users\Cengiz\Desktop\inosens-internship\dataset\synthetic_dataset\fence_cutting\mixup_366292__lostmaiden__metal-coat-hanger-on-steel-hook_x_447607__ayubwaguma__metal-cutting_snr7dB_white_2_spectrogram.png,mixup_366292__lostmaiden__metal-coat-hanger-on-steel-hook_x_447607__ayubwaguma__metal-cutting_snr7dB_white_2_spectrogram.png,fence_cutting,1,True,366292__lostmaiden__metal-coat-hanger-on-steel-hook,447607__ayubwaguma__metal-cutting,366292__lostmaiden__metal-coat-hanger-on-steel-hook,447607__ayubwaguma__metal-cutting,366292__lostmaiden__metal-coat-hanger-on-steel-hook|447607__ayubwaguma__metal-cutting,2,7,white,2
C:\Users\Cengiz\Desktop\inosens-internship\dataset\synthetic_dataset\fence_cutting\mixup_366292__lostmaiden__metal-coat-hanger-on-steel-hook_x_516591__jameswrowles__large-bolt-cutter_snr4dB_white_19_spectrogram.png,mixup_366292__lostmaiden__metal-coat-hanger-on-steel-hook_x_516591__jameswrowles__large-bolt-cutter_snr4dB_white_19_spectrogram.png,fence_cutting,1,True,366292__lostmaiden__metal-coat-hanger-on-steel-hook,516591__jameswrowles__large-bolt-cutter,366292__lostmaiden__metal-coat-hanger-on-steel-hook,516591__jameswrowles__large-bolt-cutter,366292__lostmaiden__metal-coat-hanger-on-steel-hook|516591__jameswrowles__large-bolt-cutter,2,4,white,19
C:\Users\Cengiz\Desktop\inosens-internship\dataset\synthetic_dataset\fence_cutting\mixup_366292__lostmaiden__metal-coat-hanger-on-steel-hook_x_540187__iamdylanavery__bolt-cutters-on-lock-and-chain_snr14dB_pink_37_spectrogram.png,mixup_366292__lostmaiden__metal-coat-hanger-on-steel-hook_x_540187__iamdylanavery__bolt-cutters-on-lock-and-chain_snr14dB_pink_37_spectrogram.png,fence_cutting,1,True,366292__lostmaiden__metal-coat-hanger-on-steel-hook,540187__iamdylanavery__bolt-cutters-on-lock-and-chain,366292__lostmaiden__metal-coat-hanger-on-steel-hook,540187__iamdylanavery__bolt-cutters-on-lock-and-chain,366292__lostmaiden__metal-coat-hanger-on-steel-hook|540187__iamdylanavery__bolt-cutters-on-lock-and-chain,2,14,pink,37
C:\Users\Cengiz\Desktop\inosens-internship\dataset\synthetic_dataset\fence_cutting\mixup_366292__lostmaiden__metal-coat-hanger-on-steel-hook_x_540187__iamdylanavery__bolt-cutters-on-lock-and-chain_snr15dB_white_46_spectrogram.png,mixup_366292__lostmaiden__metal-coat-hanger-on-steel-hook_x_540187__iamdylanavery__bolt-cutters-on-lock-and-chain_snr15dB_white_46_spectrogram.png,fence_cutting,1,True,366292__lostmaiden__metal-coat-hanger-on-steel-hook,540187__iamdylanavery__bolt-cutters-on-lock-and-chain,366292__lostmaiden__metal-coat-hanger-on-steel-hook,540187__iamdylanavery__bolt-cutters-on-lock-and-chain,366292__lostmaiden__metal-coat-hanger-on-steel-hook|540187__iamdylanavery__bolt-cutters-on-lock-and-chain,2,15,white,46
C:\Users\Cengiz\Desktop\inosens-internship\dataset\synthetic_dataset\fence_cutting\mixup_366292__lostmaiden__metal-coat-hanger-on-steel-hook_x_540187__iamdylanavery__bolt-cutters-on-lock-and-chain_snr4dB_pink_68_spectrogram.png,mixup_366292__lostmaiden__metal-coat-hanger-on-steel-hook_x_540187__iamdylanavery__bolt-cutters-on-lock-and-chain_snr4dB_pink_68_spectrogram.png,fence_cutting,1,True,366292__lostmaiden__metal-coat-hanger-on-steel-hook,540187__iamdylanavery__bolt-cutters-on-lock-and-chain,366292__lostmaiden__metal-coat-hanger-on-steel-hook,540187__iamdylanavery__bolt-cutters-on-lock-and-chain,366292__lostmaiden__metal-coat-hanger-on-steel-hook|540187__iamdylanavery__bolt-cutters-on-lock-and-chain,2,4,pink,68
C:\Users\Cengiz\Desktop\inosens-internship\dataset\synthetic_dataset\fence_cutting\mixup_366292__lostmaiden__metal-coat-hanger-on-steel-hook_x_799499__anielanielaniel__cutting-noise_snr1dB_white_84_spectrogram.png,mixup_366292__lostmaiden__metal-coat-hanger-on-steel-hook_x_799499__anielanielaniel__cutting-noise_snr1dB_white_84_spectrogram.png,fence_cutting,1,True,366292__lostmaiden__metal-coat-hanger-on-steel-hook,799499__anielanielaniel__cutting-noise,366292__lostmaiden__metal-coat-hanger-on-steel-hook,799499__anielanielaniel__cutting-noise,366292__lostmaiden__metal-coat-hanger-on-steel-hook|799499__anielanielaniel__cutting-noise,2,1,white,84
C:\Users\Cengiz\Desktop\inosens-internship\dataset\synthetic_dataset\fence_cutting\mixup_366292__lostmaiden__metal-coat-hanger-on-steel-hook_x_799499__anielanielaniel__cutting-noise_snr3dB_white_98_spectrogram.png,mixup_366292__lostmaiden__metal-coat-hanger-on-steel-hook_x_799499__anielanielaniel__cutting-noise_snr3dB_white_98_spectrogram.png,fence_cutting,1,True,366292__lostmaiden__metal-coat-hanger-on-steel-hook,799499__anielanielaniel__cutting-noise,366292__lostmaiden__metal-coat-hanger-on-steel-hook,799499__anielanielaniel__cutting-noise,366292__lostmaiden__metal-coat-hanger-on-steel-hook|799499__anielanielaniel__cutting-noise,2,3,white,98
C:\Users\Cengiz\Desktop\inosens-internship\dataset\synthetic_dataset\fence_cutting\mixup_366292__lostmaiden__metal-coat-hanger-on-steel-hook_x_799499__anielanielaniel__cutting-noise_snr5dB_pink_93_spectrogram.png,mixup_366292__lostmaiden__metal-coat-hanger-on-steel-hook_x_799499__anielanielaniel__cutting-noise_snr5dB_pink_93_spectrogram.png,fence_cutting,1,True,366292__lostmaiden__metal-coat-hanger-on-steel-hook,799499__anielanielaniel__cutting-noise,366292__lostmaiden__metal-coat-hanger-on-steel-hook,799499__anielanielaniel__cutting-noise,366292__lostmaiden__metal-coat-hanger-on-steel-hook|799499__anielanielaniel__cutting-noise,2,5,pink,93
C:\Users\Cengiz\Desktop\inosens-internship\dataset\synthetic_dataset\fence_cutting\mixup_366292__lostmaiden__metal-coat-hanger-on-steel-hook_x_799499__anielanielaniel__cutting-noise_snr8dB_white_72_spectrogram.png,mixup_366292__lostmaiden__metal-coat-hanger-on-steel-hook_x_799499__anielanielaniel__cutting-noise_snr8dB_white_72_spectrogram.png,fence_cutting,1,True,366292__lostmaiden__metal-coat-hanger-on-steel-hook,799499__anielanielaniel__cutting-noise,366292__lostmaiden__metal-coat-hanger-on-steel-hook,799499__anielanielaniel__cutting-noise,366292__lostmaiden__metal-coat-hanger-on-steel-hook|799499__anielanielaniel__cutting-noise,2,8,white,72
C:\Users\Cengiz\Desktop\inosens-internship\dataset\synthetic_dataset\fence_cutting\mixup_445967__breviceps__sawing-filing-metal_x_447607__ayubwaguma__metal-cutting_snr12dB_white_47_spectrogram.png,mixup_445967__breviceps__sawing-filing-metal_x_447607__ayubwaguma__metal-cutting_snr12dB_white_47_spectrogram.png,fence_cutting,1,True,445967__breviceps__sawing-filing-metal,447607__ayubwaguma__metal-cutting,445967__breviceps__sawing-filing-metal,447607__ayubwaguma__metal-cutting,445967__breviceps__sawing-filing-metal|447607__ayubwaguma__metal-cutting,2,12,white,47
C:\Users\Cengiz\Desktop\inosens-internship\dataset\synthetic_dataset\fence_cutting\mixup_445967__breviceps__sawing-filing-metal_x_447607__ayubwaguma__metal-cutting_snr4dB_pink_13_spectrogram.png,mixup_445967__breviceps__sawing-filing-metal_x_447607__ayubwaguma__metal-cutting_snr4dB_pink_13_spectrogram.png,fence_cutting,1,True,445967__breviceps__sawing-filing-metal,447607__ayubwaguma__metal-cutting,445967__breviceps__sawing-filing-metal,447607__ayubwaguma__metal-cutting,445967__breviceps__sawing-filing-metal|447607__ayubwaguma__metal-cutting,2,4,pink,13
C:\Users\Cengiz\Desktop\inosens-internship\dataset\synthetic_dataset\fence_cutting\mixup_445967__breviceps__sawing-filing-metal_x_447607__ayubwaguma__metal-cutting_snr6dB_white_23_spectrogram.png,mixup_445967__breviceps__sawing-filing-metal_x_447607__ayubwaguma__metal-cutting_snr6dB_white_23_spectrogram.png,fence_cutting,1,True,445967__breviceps__sawing-filing-metal,447607__ayubwaguma__metal-cutting,445967__breviceps__sawing-filing-metal,447607__ayubwaguma__metal-cutting,445967__breviceps__sawing-filing-metal|447607__ayubwaguma__metal-cutting,2,6,white,23
C:\Users\Cengiz\Desktop\inosens-internship\dataset\synthetic_dataset\fence_cutting\mixup_445967__breviceps__sawing-filing-metal_x_447607__ayubwaguma__metal-cutting_snr7dB_pink_48_spectrogram.png,mixup_445967__breviceps__sawing-filing-metal_x_447607__ayubwaguma__metal-cutting_snr7dB_pink_48_spectrogram.png,fence_cutting,1,True,445967__breviceps__sawing-filing-metal,447607__ayubwaguma__metal-cutting,445967__breviceps__sawing-filing-metal,447607__ayubwaguma__metal-cutting,445967__breviceps__sawing-filing-metal|447607__ayubwaguma__metal-cutting,2,7,pink,48
C:\Users\Cengiz\Desktop\inosens-internship\dataset\synthetic_dataset\fence_cutting\mixup_445967__breviceps__sawing-filing-metal_x_447607__ayubwaguma__metal-cutting_snr9dB_white_90_spectrogram.png,mixup_445967__breviceps__sawing-filing-metal_x_447607__ayubwaguma__metal-cutting_snr9dB_white_90_spectrogram.png,fence_cutting,1,True,445967__breviceps__sawing-filing-metal,447607__ayubwaguma__metal-cutting,445967__breviceps__sawing-filing-metal,447607__ayubwaguma__metal-cutting,445967__breviceps__sawing-filing-metal|447607__ayubwaguma__metal-cutting,2,9,white,90
C:\Users\Cengiz\Desktop\inosens-internship\dataset\synthetic_dataset\fence_cutting\mixup_445967__breviceps__sawing-filing-metal_x_516591__jameswrowles__large-bolt-cutter_snr4dB_white_4_spectrogram.png,mixup_445967__breviceps__sawing-filing-metal_x_516591__jameswrowles__large-bolt-cutter_snr4dB_white_4_spectrogram.png,fence_cutting,1,True,445967__breviceps__sawing-filing-metal,516591__jameswrowles__large-bolt-cutter,445967__breviceps__sawing-filing-metal,516591__jameswrowles__large-bolt-cutter,445967__breviceps__sawing-filing-metal|516591__jameswrowles__large-bolt-cutter,2,4,white,4
C:\Users\Cengiz\Desktop\inosens-internship\dataset\synthetic_dataset\fence_cutting\mixup_445967__breviceps__sawing-filing-metal_x_540187__iamdylanavery__bolt-cutters-on-lock-and-chain_snr7dB_white_28_spectrogram.png,mixup_445967__breviceps__sawing-filing-metal_x_540187__iamdylanavery__bolt-cutters-on-lock-and-chain_snr7dB_white_28_spectrogram.png,fence_cutting,1,True,445967__breviceps__sawing-filing-metal,540187__iamdylanavery__bolt-cutters-on-lock-and-chain,445967__breviceps__sawing-filing-metal,540187__iamdylanavery__bolt-cutters-on-lock-and-chain,445967__breviceps__sawing-filing-metal|540187__iamdylanavery__bolt-cutters-on-lock-and-chain,2,7,white,28
C:\Users\Cengiz\Desktop\inosens-internship\dataset\synthetic_dataset\fence_cutting\mixup_445967__breviceps__sawing-filing-metal_x_799499__anielanielaniel__cutting-noise_snr10dB_pink_49_spectrogram.png,mixup_445967__breviceps__sawing-filing-metal_x_799499__anielanielaniel__cutting-noise_snr10dB_pink_49_spectrogram.png,fence_cutting,1,True,445967__breviceps__sawing-filing-metal,799499__anielanielaniel__cutting-noise,445967__breviceps__sawing-filing-metal,799499__anielanielaniel__cutting-noise,445967__breviceps__sawing-filing-metal|799499__anielanielaniel__cutting-noise,2,10,pink,49
C:\Users\Cengiz\Desktop\inosens-internship\dataset\synthetic_dataset\fence_cutting\mixup_445967__breviceps__sawing-filing-metal_x_799499__anielanielaniel__cutting-noise_snr12dB_white_11_spectrogram.png,mixup_445967__breviceps__sawing-filing-metal_x_799499__anielanielaniel__cutting-noise_snr12dB_white_11_spectrogram.png,fence_cutting,1,True,445967__breviceps__sawing-filing-metal,799499__anielanielaniel__cutting-noise,445967__breviceps__sawing-filing-metal,799499__anielanielaniel__cutting-noise,445967__breviceps__sawing-filing-metal|799499__anielanielaniel__cutting-noise,2,12,white,11
C:\Users\Cengiz\Desktop\inosens-internship\dataset\synthetic_dataset\fence_cutting\mixup_445967__breviceps__sawing-filing-metal_x_799499__anielanielaniel__cutting-noise_snr3dB_pink_22_spectrogram.png,mixup_445967__breviceps__sawing-filing-metal_x_799499__anielanielaniel__cutting-noise_snr3dB_pink_22_spectrogram.png,fence_cutting,1,True,445967__breviceps__sawing-filing-metal,799499__anielanielaniel__cutting-noise,445967__breviceps__sawing-filing-metal,799499__anielanielaniel__cutting-noise,445967__breviceps__sawing-filing-metal|799499__anielanielaniel__cutting-noise,2,3,pink,22
C:\Users\Cengiz\Desktop\inosens-internship\dataset\synthetic_dataset\fence_cutting\mixup_445967__breviceps__sawing-filing-metal_x_799499__anielanielaniel__cutting-noise_snr8dB_pink_87_spectrogram.png,mixup_445967__breviceps__sawing-filing-metal_x_799499__anielanielaniel__cutting-noise_snr8dB_pink_87_spectrogram.png,fence_cutting,1,True,445967__breviceps__sawing-filing-metal,799499__anielanielaniel__cutting-noise,445967__breviceps__sawing-filing-metal,799499__anielanielaniel__cutting-noise,445967__breviceps__sawing-filing-metal|799499__anielanielaniel__cutting-noise,2,8,pink,87
C:\Users\Cengiz\Desktop\inosens-internship\dataset\synthetic_dataset\fence_cutting\mixup_445967__breviceps__sawing-filing-metal_x_799499__anielanielaniel__cutting-noise_snr9dB_pink_8_spectrogram.png,mixup_445967__breviceps__sawing-filing-metal_x_799499__anielanielaniel__cutting-noise_snr9dB_pink_8_spectrogram.png,fence_cutting,1,True,445967__breviceps__sawing-filing-metal,799499__anielanielaniel__cutting-noise,445967__breviceps__sawing-filing-metal,799499__anielanielaniel__cutting-noise,445967__breviceps__sawing-filing-metal|799499__anielanielaniel__cutting-noise,2,9,pink,8
C:\Users\Cengiz\Desktop\inosens-internship\dataset\synthetic_dataset\fence_cutting\mixup_447607__ayubwaguma__metal-cutting_x_516591__jameswrowles__large-bolt-cutter_snr12dB_pink_96_spectrogram.png,mixup_447607__ayubwaguma__metal-cutting_x_516591__jameswrowles__large-bolt-cutter_snr12dB_pink_96_spectrogram.png,fence_cutting,1,True,447607__ayubwaguma__metal-cutting,516591__jameswrowles__large-bolt-cutter,447607__ayubwaguma__metal-cutting,516591__jameswrowles__large-bolt-cutter,447607__ayubwaguma__metal-cutting|516591__jameswrowles__large-bolt-cutter,2,12,pink,96
C:\Users\Cengiz\Desktop\inosens-internship\dataset\synthetic_dataset\fence_cutting\mixup_447607__ayubwaguma__metal-cutting_x_516591__jameswrowles__large-bolt-cutter_snr15dB_white_69_spectrogram.png,mixup_447607__ayubwaguma__metal-cutting_x_516591__jameswrowles__large-bolt-cutter_snr15dB_white_69_spectrogram.png,fence_cutting,1,True,447607__ayubwaguma__metal-cutting,516591__jameswrowles__large-bolt-cutter,447607__ayubwaguma__metal-cutting,516591__jameswrowles__large-bolt-cutter,447607__ayubwaguma__metal-cutting|516591__jameswrowles__large-bolt-cutter,2,15,white,69
C:\Users\Cengiz\Desktop\inosens-internship\dataset\synthetic_dataset\fence_cutting\mixup_447607__ayubwaguma__metal-cutting_x_516591__jameswrowles__large-bolt-cutter_snr4dB_white_12_spectrogram.png,mixup_447607__ayubwaguma__metal-cutting_x_516591__jameswrowles__large-bolt-cutter_snr4dB_white_12_spectrogram.png,fence_cutting,1,True,447607__ayubwaguma__metal-cutting,516591__jameswrowles__large-bolt-cutter,447607__ayubwaguma__metal-cutting,516591__jameswrowles__large-bolt-cutter,447607__ayubwaguma__metal-cutting|516591__jameswrowles__large-bolt-cutter,2,4,white,12
C:\Users\Cengiz\Desktop\inosens-internship\dataset\synthetic_dataset\fence_cutting\mixup_447607__ayubwaguma__metal-cutting_x_516591__jameswrowles__large-bolt-cutter_snr5dB_pink_27_spectrogram.png,mixup_447607__ayubwaguma__metal-cutting_x_516591__jameswrowles__large-bolt-cutter_snr5dB_pink_27_spectrogram.png,fence_cutting,1,True,447607__ayubwaguma__metal-cutting,516591__jameswrowles__large-bolt-cutter,447607__ayubwaguma__metal-cutting,516591__jameswrowles__large-bolt-cutter,447607__ayubwaguma__metal-cutting|516591__jameswrowles__large-bolt-cutter,2,5,pink,27
C:\Users\Cengiz\Desktop\inosens-internship\dataset\synthetic_dataset\fence_cutting\mixup_447607__ayubwaguma__metal-cutting_x_540187__iamdylanavery__bolt-cutters-on-lock-and-chain_snr2dB_pink_77_spectrogram.png,mixup_447607__ayubwaguma__metal-cutting_x_540187__iamdylanavery__bolt-cutters-on-lock-and-chain_snr2dB_pink_77_spectrogram.png,fence_cutting,1,True,447607__ayubwaguma__metal-cutting,540187__iamdylanavery__bolt-cutters-on-lock-and-chain,447607__ayubwaguma__metal-cutting,540187__iamdylanavery__bolt-cutters-on-lock-and-chain,447607__ayubwaguma__metal-cutting|540187__iamdylanavery__bolt-cutters-on-lock-and-chain,2,2,pink,77
C:\Users\Cengiz\Desktop\inosens-internship\dataset\synthetic_dataset\fence_cutting\mixup_447607__ayubwaguma__metal-cutting_x_540187__iamdylanavery__bolt-cutters-on-lock-and-chain_snr5dB_white_73_spectrogram.png,mixup_447607__ayubwaguma__metal-cutting_x_540187__iamdylanavery__bolt-cutters-on-lock-and-chain_snr5dB_white_73_spectrogram.png,fence_cutting,1,True,447607__ayubwaguma__metal-cutting,540187__iamdylanavery__bolt-cutters-on-lock-and-chain,447607__ayubwaguma__metal-cutting,540187__iamdylanavery__bolt-cutters-on-lock-and-chain,447607__ayubwaguma__metal-cutting|540187__iamdylanavery__bolt-cutters-on-lock-and-chain,2,5,white,73
C:\Users\Cengiz\Desktop\inosens-internship\dataset\synthetic_dataset\fence_cutting\mixup_447607__ayubwaguma__metal-cutting_x_540187__iamdylanavery__bolt-cutters-on-lock-and-chain_snr6dB_pink_5_spectrogram.png,mixup_447607__ayubwaguma__metal-cutting_x_540187__iamdylanavery__bolt-cutters-on-lock-and-chain_snr6dB_pink_5_spectrogram.png,fence_cutting,1,True,447607__ayubwaguma__metal-cutting,540187__iamdylanavery__bolt-cutters-on-lock-and-chain,447607__ayubwaguma__metal-cutting,540187__iamdylanavery__bolt-cutters-on-lock-and-chain,447607__ayubwaguma__metal-cutting|540187__iamdylanavery__bolt-cutters-on-lock-and-chain,2,6,pink,5
C:\Users\Cengiz\Desktop\inosens-internship\dataset\synthetic_dataset\fence_cutting\mixup_447607__ayubwaguma__metal-cutting_x_799499__anielanielaniel__cutting-noise_snr2dB_white_78_spectrogram.png,mixup_447607__ayubwaguma__metal-cutting_x_799499__anielanielaniel__cutting-noise_snr2dB_white_78_spectrogram.png,fence_cutting,1,True,447607__ayubwaguma__metal-cutting,799499__anielanielaniel__cutting-noise,447607__ayubwaguma__metal-cutting,799499__anielanielaniel__cutting-noise,447607__ayubwaguma__metal-cutting|799499__anielanielaniel__cutting-noise,2,2,white,78
C:\Users\Cengiz\Desktop\inosens-internship\dataset\synthetic_dataset\fence_cutting\mixup_447607__ayubwaguma__metal-cutting_x_799499__anielanielaniel__cutting-noise_snr4dB_white_92_spectrogram.png,mixup_447607__ayubwaguma__metal-cutting_x_799499__anielanielaniel__cutting-noise_snr4dB_white_92_spectrogram.png,fence_cutting,1,True,447607__ayubwaguma__metal-cutting,799499__anielanielaniel__cutting-noise,447607__ayubwaguma__metal-cutting,799499__anielanielaniel__cutting-noise,447607__ayubwaguma__metal-cutting|799499__anielanielaniel__cutting-noise,2,4,white,92
C:\Users\Cengiz\Desktop\inosens-internship\dataset\synthetic_dataset\fence_cutting\mixup_447607__ayubwaguma__metal-cutting_x_799499__anielanielaniel__cutting-noise_snr8dB_pink_24_spectrogram.png,mixup_447607__ayubwaguma__metal-cutting_x_799499__anielanielaniel__cutting-noise_snr8dB_pink_24_spectrogram.png,fence_cutting,1,True,447607__ayubwaguma__metal-cutting,799499__anielanielaniel__cutting-noise,447607__ayubwaguma__metal-cutting,799499__anielanielaniel__cutting-noise,447607__ayubwaguma__metal-cutting|799499__anielanielaniel__cutting-noise,2,8,pink,24
C:\Users\Cengiz\Desktop\inosens-internship\dataset\synthetic_dataset\fence_cutting\mixup_516591__jameswrowles__large-bolt-cutter_x_540187__iamdylanavery__bolt-cutters-on-lock-and-chain_snr10dB_white_83_spectrogram.png,mixup_516591__jameswrowles__large-bolt-cutter_x_540187__iamdylanavery__bolt-cutters-on-lock-and-chain_snr10dB_white_83_spectrogram.png,fence_cutting,1,True,516591__jameswrowles__large-bolt-cutter,540187__iamdylanavery__bolt-cutters-on-lock-and-chain,516591__jameswrowles__large-bolt-cutter,540187__iamdylanavery__bolt-cutters-on-lock-and-chain,516591__jameswrowles__large-bolt-cutter|540187__iamdylanavery__bolt-cutters-on-lock-and-chain,2,10,white,83
C:\Users\Cengiz\Desktop\inosens-internship\dataset\synthetic_dataset\fence_cutting\mixup_516591__jameswrowles__large-bolt-cutter_x_540187__iamdylanavery__bolt-cutters-on-lock-and-chain_snr1dB_white_31_spectrogram.png,mixup_516591__jameswrowles__large-bolt-cutter_x_540187__iamdylanavery__bolt-cutters-on-lock-and-chain_snr1dB_white_31_spectrogram.png,fence_cutting,1,True,516591__jameswrowles__large-bolt-cutter,540187__iamdylanavery__bolt-cutters-on-lock-and-chain,516591__jameswrowles__large-bolt-cutter,540187__iamdylanavery__bolt-cutters-on-lock-and-chain,516591__jameswrowles__large-bolt-cutter|540187__iamdylanavery__bolt-cutters-on-lock-and-chain,2,1,white,31
C:\Users\Cengiz\Desktop\inosens-internship\dataset\synthetic_dataset\fence_cutting\mixup_516591__jameswrowles__large-bolt-cutter_x_540187__iamdylanavery__bolt-cutters-on-lock-and-chain_snr2dB_white_62_spectrogram.png,mixup_516591__jameswrowles__large-bolt-cutter_x_540187__iamdylanavery__bolt-cutters-on-lock-and-chain_snr2dB_white_62_spectrogram.png,fence_cutting,1,True,516591__jameswrowles__large-bolt-cutter,540187__iamdylanavery__bolt-cutters-on-lock-and-chain,516591__jameswrowles__large-bolt-cutter,540187__iamdylanavery__bolt-cutters-on-lock-and-chain,516591__jameswrowles__large-bolt-cutter|540187__iamdylanavery__bolt-cutters-on-lock-and-chain,2,2,white,62
C:\Users\Cengiz\Desktop\inosens-internship\dataset\synthetic_dataset\fence_cutting\mixup_516591__jameswrowles__large-bolt-cutter_x_799499__anielanielaniel__cutting-noise_snr13dB_white_32_spectrogram.png,mixup_516591__jameswrowles__large-bolt-cutter_x_799499__anielanielaniel__cutting-noise_snr13dB_white_32_spectrogram.png,fence_cutting,1,True,516591__jameswrowles__large-bolt-cutter,799499__anielanielaniel__cutting-noise,516591__jameswrowles__large-bolt-cutter,799499__anielanielaniel__cutting-noise,516591__jameswrowles__large-bolt-cutter|799499__anielanielaniel__cutting-noise,2,13,white,32
C:\Users\Cengiz\Desktop\inosens-internship\dataset\synthetic_dataset\fence_cutting\mixup_516591__jameswrowles__large-bolt-cutter_x_799499__anielanielaniel__cutting-noise_snr4dB_white_80_spectrogram.png,mixup_516591__jameswrowles__large-bolt-cutter_x_799499__anielanielaniel__cutting-noise_snr4dB_white_80_spectrogram.png,fence_cutting,1,True,516591__jameswrowles__large-bolt-cutter,799499__anielanielaniel__cutting-noise,516591__jameswrowles__large-bolt-cutter,799499__anielanielaniel__cutting-noise,516591__jameswrowles__large-bolt-cutter|799499__anielanielaniel__cutting-noise,2,4,white,80
C:\Users\Cengiz\Desktop\inosens-internship\dataset\synthetic_dataset\fence_cutting\mixup_540187__iamdylanavery__bolt-cutters-on-lock-and-chain_x_799499__anielanielaniel__cutting-noise_snr12dB_white_15_spectrogram.png,mixup_540187__iamdylanavery__bolt-cutters-on-lock-and-chain_x_799499__anielanielaniel__cutting-noise_snr12dB_white_15_spectrogram.png,fence_cutting,1,True,540187__iamdylanavery__bolt-cutters-on-lock-and-chain,799499__anielanielaniel__cutting-noise,540187__iamdylanavery__bolt-cutters-on-lock-and-chain,799499__anielanielaniel__cutting-noise,540187__iamdylanavery__bolt-cutters-on-lock-and-chain|799499__anielanielaniel__cutting-noise,2,12,white,15
C:\Users\Cengiz\Desktop\inosens-internship\dataset\synthetic_dataset\fence_cutting\mixup_540187__iamdylanavery__bolt-cutters-on-lock-and-chain_x_799499__anielanielaniel__cutting-noise_snr13dB_pink_33_spectrogram.png,mixup_540187__iamdylanavery__bolt-cutters-on-lock-and-chain_x_799499__anielanielaniel__cutting-noise_snr13dB_pink_33_spectrogram.png,fence_cutting,1,True,540187__iamdylanavery__bolt-cutters-on-lock-and-chain,799499__anielanielaniel__cutting-noise,540187__iamdylanavery__bolt-cutters-on-lock-and-chain,799499__anielanielaniel__cutting-noise,540187__iamdylanavery__bolt-cutters-on-lock-and-chain|799499__anielanielaniel__cutting-noise,2,13,pink,33
C:\Users\Cengiz\Desktop\inosens-internship\dataset\synthetic_dataset\fence_cutting\mixup_540187__iamdylanavery__bolt-cutters-on-lock-and-chain_x_799499__anielanielaniel__cutting-noise_snr15dB_white_63_spectrogram.png,mixup_540187__iamdylanavery__bolt-cutters-on-lock-and-chain_x_799499__anielanielaniel__cutting-noise_snr15dB_white_63_spectrogram.png,fence_cutting,1,True,540187__iamdylanavery__bolt-cutters-on-lock-and-chain,799499__anielanielaniel__cutting-noise,540187__iamdylanavery__bolt-cutters-on-lock-and-chain,799499__anielanielaniel__cutting-noise,540187__iamdylanavery__bolt-cutters-on-lock-and-chain|799499__anielanielaniel__cutting-noise,2,15,white,63
C:\Users\Cengiz\Desktop\inosens-internship\dataset\synthetic_dataset\fence_cutting\mixup_540187__iamdylanavery__bolt-cutters-on-lock-and-chain_x_799499__anielanielaniel__cutting-noise_snr15dB_white_66_spectrogram.png,mixup_540187__iamdylanavery__bolt-cutters-on-lock-and-chain_x_799499__anielanielaniel__cutting-noise_snr15dB_white_66_spectrogram.png,fence_cutting,1,True,540187__iamdylanavery__bolt-cutters-on-lock-and-chain,799499__anielanielaniel__cutting-noise,540187__iamdylanavery__bolt-cutters-on-lock-and-chain,799499__anielanielaniel__cutting-noise,540187__iamdylanavery__bolt-cutters-on-lock-and-chain|799499__anielanielaniel__cutting-noise,2,15,white,66
C:\Users\Cengiz\Desktop\inosens-internship\dataset\synthetic_dataset\fence_cutting\mixup_540187__iamdylanavery__bolt-cutters-on-lock-and-chain_x_799499__anielanielaniel__cutting-noise_snr8dB_white_21_spectrogram.png,mixup_540187__iamdylanavery__bolt-cutters-on-lock-and-chain_x_799499__anielanielaniel__cutting-noise_snr8dB_white_21_spectrogram.png,fence_cutting,1,True,540187__iamdylanavery__bolt-cutters-on-lock-and-chain,799499__anielanielaniel__cutting-noise,540187__iamdylanavery__bolt-cutters-on-lock-and-chain,799499__anielanielaniel__cutting-noise,540187__iamdylanavery__bolt-cutters-on-lock-and-chain|799499__anielanielaniel__cutting-noise,2,8,white,21
C:\Users\Cengiz\Desktop\inosens-internship\dataset\synthetic_dataset\fence_cutting\mixup_540187__iamdylanavery__bolt-cutters-on-lock-and-chain_x_799499__anielanielaniel__cutting-noise_snr9dB_white_39_spectrogram.png,mixup_540187__iamdylanavery__bolt-cutters-on-lock-and-chain_x_799499__anielanielaniel__cutting-noise_snr9dB_white_39_spectrogram.png,fence_cutting,1,True,540187__iamdylanavery__bolt-cutters-on-lock-and-chain,799499__anielanielaniel__cutting-noise,540187__iamdylanavery__bolt-cutters-on-lock-and-chain,799499__anielanielaniel__cutting-noise,540187__iamdylanavery__bolt-cutters-on-lock-and-chain|799499__anielanielaniel__cutting-noise,2,9,white,39
C:\Users\Cengiz\Desktop\inosens-internship\dataset\synthetic_dataset\metal_bending\561043__nox_sound__foley_impact_metal_fence_mono_snr10dB_pink_v15_spectrogram.png,561043__nox_sound__foley_impact_metal_fence_mono_snr10dB_pink_v15_spectrogram.png,metal_bending,2,False,561043__nox_sound__foley_impact_metal_fence_mono,,561043__nox_sound__foley_impact_metal_fence_mono,,561043__nox_sound__foley_impact_metal_fence_mono,1,10,pink,15
C:\Users\Cengiz\Desktop\inosens-internship\dataset\synthetic_dataset\metal_bending\561043__nox_sound__foley_impact_metal_fence_mono_snr10dB_pink_v2_spectrogram.png,561043__nox_sound__foley_impact_metal_fence_mono_snr10dB_pink_v2_spectrogram.png,metal_bending,2,False,561043__nox_sound__foley_impact_metal_fence_mono,,561043__nox_sound__foley_impact_metal_fence_mono,,561043__nox_sound__foley_impact_metal_fence_mono,1,10,pink,2
C:\Users\Cengiz\Desktop\inosens-internship\dataset\synthetic_dataset\metal_bending\561043__nox_sound__foley_impact_metal_fence_mono_snr10dB_pink_v46_spectrogram.png,561043__nox_sound__foley_impact_metal_fence_mono_snr10dB_pink_v46_spectrogram.png,metal_bending,2,False,561043__nox_sound__foley_impact_metal_fence_mono,,561043__nox_sound__foley_impact_metal_fence_mono,,561043__nox_sound__foley_impact_metal_fence_mono,1,10,pink,46
C:\Users\Cengiz\Desktop\inosens-internship\dataset\synthetic_dataset\metal_bending\561043__nox_sound__foley_impact_metal_fence_mono_snr10dB_white_v21_spectrogram.png,561043__nox_sound__foley_impact_metal_fence_mono_snr10dB_white_v21_spectrogram.png,metal_bending,2,False,561043__nox_sound__foley_impact_metal_fence_mono,,561043__nox_sound__foley_impact_metal_fence_mono,,561043__nox_sound__foley_impact_metal_fence_mono,1,10,white,21
C:\Users\Cengiz\Desktop\inosens-internship\dataset\synthetic_dataset\metal_bending\561043__nox_sound__foley_impact_metal_fence_mono_snr10dB_white_v57_spectrogram.png,561043__nox_sound__foley_impact_metal_fence_mono_snr10dB_white_v57_spectrogram.png,metal_bending,2,False,561043__nox_sound__foley_impact_metal_fence_mono,,561043__nox_sound__foley_impact_metal_fence_mono,,561043__nox_sound__foley_impact_metal_fence_mono,1,10,white,57
C:\Users\Cengiz\Desktop\inosens-internship\dataset\synthetic_dataset\metal_bending\561043__nox_sound__foley_impact_metal_fence_mono_snr11dB_pink_v0_spectrogram.png,561043__nox_sound__foley_impact_metal_fence_mono_snr11dB_pink_v0_spectrogram.png,metal_bending,2,False,561043__nox_sound__foley_impact_metal_fence_mono,,561043__nox_sound__foley_impact_metal_fence_mono,,561043__nox_sound__foley_impact_metal_fence_mono,1,11,pink,0
C:\Users\Cengiz\Desktop\inosens-internship\dataset\synthetic_dataset\metal_bending\561043__nox_sound__foley_impact_metal_fence_mono_snr11dB_pink_v39_spectrogram.png,561043__nox_sound__foley_impact_metal_fence_mono_snr11dB_pink_v39_spectrogram.png,metal_bending,2,False,561043__nox_sound__foley_impact_metal_fence_mono,,561043__nox_sound__foley_impact_metal_fence_mono,,561043__nox_sound__foley_impact_metal_fence_mono,1,11,pink,39
C:\Users\Cengiz\Desktop\inosens-internship\dataset\synthetic_dataset\metal_bending\561043__nox_sound__foley_impact_metal_fence_mono_snr11dB_pink_v6_spectrogram.png,561043__nox_sound__foley_impact_metal_fence_mono_snr11dB_pink_v6_spectrogram.png,metal_bending,2,False,561043__nox_sound__foley_impact_metal_fence_mono,,561043__nox_sound__foley_impact_metal_fence_mono,,561043__nox_sound__foley_impact_metal_fence_mono,1,11,pink,6
C:\Users\Cengiz\Desktop\inosens-internship\dataset\synthetic_dataset\metal_bending\561043__nox_sound__foley_impact_metal_fence_mono_snr11dB_white_v10_spectrogram.png,561043__nox_sound__foley_impact_metal_fence_mono_snr11dB_white_v10_spectrogram.png,metal_bending,2,False,561043__nox_sound__foley_impact_metal_fence_mono,,561043__nox_sound__foley_impact_metal_fence_mono,,561043__nox_sound__foley_impact_metal_fence_mono,1,11,white,10
C:\Users\Cengiz\Desktop\inosens-internship\dataset\synthetic_dataset\metal_bending\561043__nox_sound__foley_impact_metal_fence_mono_snr11dB_white_v17_spectrogram.png,561043__nox_sound__foley_impact_metal_fence_mono_snr11dB_white_v17_spectrogram.png,metal_bending,2,False,561043__nox_sound__foley_impact_metal_fence_mono,,561043__nox_sound__foley_impact_metal_fence_mono,,561043__nox_sound__foley_impact_metal_fence_mono,1,11,white,17
C:\Users\Cengiz\Desktop\inosens-internship\dataset\synthetic_dataset\metal_bending\561043__nox_sound__foley_impact_metal_fence_mono_snr11dB_white_v32_spectrogram.png,561043__nox_sound__foley_impact_metal_fence_mono_snr11dB_white_v32_spectrogram.png,metal_bending,2,False,561043__nox_sound__foley_impact_metal_fence_mono,,561043__nox_sound__foley_impact_metal_fence_mono,,561043__nox_sound__foley_impact_metal_fence_mono,1,11,white,32
C:\Users\Cengiz\Desktop\inosens-internship\dataset\synthetic_dataset\metal_bending\561043__nox_sound__foley_impact_metal_fence_mono_snr12dB_pink_v25_spectrogram.png,561043__nox_sound__foley_impact_metal_fence_mono_snr12dB_pink_v25_spectrogram.png,metal_bending,2,False,561043__nox_sound__foley_impact_metal_fence_mono,,561043__nox_sound__foley_impact_metal_fence_mono,,561043__nox_sound__foley_impact_metal_fence_mono,1,12,pink,25
C:\Users\Cengiz\Desktop\inosens-internship\dataset\synthetic_dataset\metal_bending\561043__nox_sound__foley_impact_metal_fence_mono_snr12dB_white_v42_spectrogram.png,561043__nox_sound__foley_impact_metal_fence_mono_snr12dB_white_v42_spectrogram.png,metal_bending,2,False,561043__nox_sound__foley_impact_metal_fence_mono,,561043__nox_sound__foley_impact_metal_fence_mono,,561043__nox_sound__foley_impact_metal_fence_mono,1,12,white,42
C:\Users\Cengiz\Desktop\inosens-internship\dataset\synthetic_dataset\metal_bending\561043__nox_sound__foley_impact_metal_fence_mono_snr12dB_white_v7_spectrogram.png,561043__nox_sound__foley_impact_metal_fence_mono_snr12dB_white_v7_spectrogram.png,metal_bending,2,False,561043__nox_sound__foley_impact_metal_fence_mono,,561043__nox_sound__foley_impact_metal_fence_mono,,561043__nox_sound__foley_impact_metal_fence_mono,1,12,white,7
C:\Users\Cengiz\Desktop\inosens-internship\dataset\synthetic_dataset\metal_bending\561043__nox_sound__foley_impact_metal_fence_mono_snr13dB_pink_v12_spectrogram.png,561043__nox_sound__foley_impact_metal_fence_mono_snr13dB_pink_v12_spectrogram.png,metal_bending,2,False,561043__nox_sound__foley_impact_metal_fence_mono,,561043__nox_sound__foley_impact_metal_fence_mono,,561043__nox_sound__foley_impact_metal_fence_mono,1,13,pink,12
C:\Users\Cengiz\Desktop\inosens-internship\dataset\synthetic_dataset\metal_bending\561043__nox_sound__foley_impact_metal_fence_mono_snr13dB_pink_v26_spectrogram.png,561043__nox_sound__foley_impact_metal_fence_mono_snr13dB_pink_v26_spectrogram.png,metal_bending,2,False,561043__nox_sound__foley_impact_metal_fence_mono,,561043__nox_sound__foley_impact_metal_fence_mono,,561043__nox_sound__foley_impact_metal_fence_mono,1,13,pink,26
C:\Users\Cengiz\Desktop\inosens-internship\dataset\synthetic_dataset\metal_bending\561043__nox_sound__foley_impact_metal_fence_mono_snr13dB_pink_v51_spectrogram.png,561043__nox_sound__foley_impact_metal_fence_mono_snr13dB_pink_v51_spectrogram.png,metal_bending,2,False,561043__nox_sound__foley_impact_metal_fence_mono,,561043__nox_sound__foley_impact_metal_fence_mono,,561043__nox_sound__foley_impact_metal_fence_mono,1,13,pink,51
C:\Users\Cengiz\Desktop\inosens-internship\dataset\synthetic_dataset\metal_bending\561043__nox_sound__foley_impact_metal_fence_mono_snr13dB_white_v23_spectrogram.png,561043__nox_sound__foley_impact_metal_fence_mono_snr13dB_white_v23_spectrogram.png,metal_bending,2,False,561043__nox_sound__foley_impact_metal_fence_mono,,561043__nox_sound__foley_impact_metal_fence_mono,,561043__nox_sound__foley_impact_metal_fence_mono,1,13,white,23
C:\Users\Cengiz\Desktop\inosens-internship\dataset\synthetic_dataset\metal_bending\561043__nox_sound__foley_impact_metal_fence_mono_snr13dB_white_v33_spectrogram.png,561043__nox_sound__foley_impact_metal_fence_mono_snr13dB_white_v33_spectrogram.png,metal_bending,2,False,561043__nox_sound__foley_impact_metal_fence_mono,,561043__nox_sound__foley_impact_metal_fence_mono,,561043__nox_sound__foley_impact_metal_fence_mono,1,13,white,33
C:\Users\Cengiz\Desktop\inosens-internship\dataset\synthetic_dataset\metal_bending\561043__nox_sound__foley_impact_metal_fence_mono_snr13dB_white_v49_spectrogram.png,561043__nox_sound__foley_impact_metal_fence_mono_snr13dB_white_v49_spectrogram.png,metal_bending,2,False,561043__nox_sound__foley_impact_metal_fence_mono,,561043__nox_sound__foley_impact_metal_fence_mono,,561043__nox_sound__foley_impact_metal_fence_mono,1,13,white,49
C:\Users\Cengiz\Desktop\inosens-internship\dataset\synthetic_dataset\metal_bending\561043__nox_sound__foley_impact_metal_fence_mono_snr14dB_pink_v14_spectrogram.png,561043__nox_sound__foley_impact_metal_fence_mono_snr14dB_pink_v14_spectrogram.png,metal_bending,2,False,561043__nox_sound__foley_impact_metal_fence_mono,,561043__nox_sound__foley_impact_metal_fence_mono,,561043__nox_sound__foley_impact_metal_fence_mono,1,14,pink,14
C:\Users\Cengiz\Desktop\inosens-internship\dataset\synthetic_dataset\metal_bending\561043__nox_sound__foley_impact_metal_fence_mono_snr14dB_pink_v48_spectrogram.png,561043__nox_sound__foley_impact_metal_fence_mono_snr14dB_pink_v48_spectrogram.png,metal_bending,2,False,561043__nox_sound__foley_impact_metal_fence_mono,,561043__nox_sound__foley_impact_metal_fence_mono,,561043__nox_sound__foley_impact_metal_fence_mono,1,14,pink,48
C:\Users\Cengiz\Desktop\inosens-internship\dataset\synthetic_dataset\metal_bending\561043__nox_sound__foley_impact_metal_fence_mono_snr14dB_pink_v56_spectrogram.png,561043__nox_sound__foley_impact_metal_fence_mono_snr14dB_pink_v56_spectrogram.png,metal_bending,2,False,561043__nox_sound__foley_impact_metal_fence_mono,,561043__nox_sound__foley_impact_metal_fence_mono,,561043__nox_sound__foley_impact_metal_fence_mono,1,14,pink,56
C:\Users\Cengiz\Desktop\inosens-internship\dataset\synthetic_dataset\metal_bending\561043__nox_sound__foley_impact_metal_fence_mono_snr14dB_white_v1_spectrogram.png,561043__nox_sound__foley_impact_metal_fence_mono_snr14dB_white_v1_spectrogram.png,metal_bending,2,False,561043__nox_sound__foley_impact_metal_fence_mono,,561043__nox_sound__foley_impact_metal_fence_mono,,561043__nox_sound__foley_impact_metal_fence_mono,1,14,white,1
C:\Users\Cengiz\Desktop\inosens-internship\dataset\synthetic_dataset\metal_bending\561043__nox_sound__foley_impact_metal_fence_mono_snr14dB_white_v34_spectrogram.png,561043__nox_sound__foley_impact_metal_fence_mono_snr14dB_white_v34_spectrogram.png,metal_bending,2,False,561043__nox_sound__foley_impact_metal_fence_mono,,561043__nox_sound__foley_impact_metal_fence_mono,,561043__nox_sound__foley_impact_metal_fence_mono,1,14,white,34
C:\Users\Cengiz\Desktop\inosens-internship\dataset\synthetic_dataset\metal_bending\561043__nox_sound__foley_impact_metal_fence_mono_snr14dB_white_v40_spectrogram.png,561043__nox_sound__foley_impact_metal_fence_mono_snr14dB_white_v40_spectrogram.png,metal_bending,2,False,561043__nox_sound__foley_impact_metal_fence_mono,,561043__nox_sound__foley_impact_metal_fence_mono,,561043__nox_sound__foley_impact_metal_fence_mono,1,14,white,40
C:\Users\Cengiz\Desktop\inosens-internship\dataset\synthetic_dataset\metal_bending\561043__nox_sound__foley_impact_metal_fence_mono_snr15dB_pink_v29_spectrogram.png,561043__nox_sound__foley_impact_metal_fence_mono_snr15dB_pink_v29_spectrogram.png,metal_bending,2,False,561043__nox_sound__foley_impact_metal_fence_mono,,561043__nox_sound__foley_impact_metal_fence_mono,,561043__nox_sound__foley_impact_metal_fence_mono,1,15,pink,29
C:\Users\Cengiz\Desktop\inosens-internship\dataset\synthetic_dataset\metal_bending\561043__nox_sound__foley_impact_metal_fence_mono_snr1dB_pink_v13_spectrogram.png,561043__nox_sound__foley_impact_metal_fence_mono_snr1dB_pink_v13_spectrogram.png,metal_bending,2,False,561043__nox_sound__foley_impact_metal_fence_mono,,561043__nox_sound__foley_impact_metal_fence_mono,,561043__nox_sound__foley_impact_metal_fence_mono,1,1,pink,13
C:\Users\Cengiz\Desktop\inosens-internship\dataset\synthetic_dataset\metal_bending\561043__nox_sound__foley_impact_metal_fence_mono_snr1dB_pink_v54_spectrogram.png,561043__nox_sound__foley_impact_metal_fence_mono_snr1dB_pink_v54_spectrogram.png,metal_bending,2,False,561043__nox_sound__foley_impact_metal_fence_mono,,561043__nox_sound__foley_impact_metal_fence_mono,,561043__nox_sound__foley_impact_metal_fence_mono,1,1,pink,54
C:\Users\Cengiz\Desktop\inosens-internship\dataset\synthetic_dataset\metal_bending\561043__nox_sound__foley_impact_metal_fence_mono_snr1dB_white_v22_spectrogram.png,561043__nox_sound__foley_impact_metal_fence_mono_snr1dB_white_v22_spectrogram.png,metal_bending,2,False,561043__nox_sound__foley_impact_metal_fence_mono,,561043__nox_sound__foley_impact_metal_fence_mono,,561043__nox_sound__foley_impact_metal_fence_mono,1,1,white,22
C:\Users\Cengiz\Desktop\inosens-internship\dataset\synthetic_dataset\metal_bending\561043__nox_sound__foley_impact_metal_fence_mono_snr1dB_white_v28_spectrogram.png,561043__nox_sound__foley_impact_metal_fence_mono_snr1dB_white_v28_spectrogram.png,metal_bending,2,False,561043__nox_sound__foley_impact_metal_fence_mono,,561043__nox_sound__foley_impact_metal_fence_mono,,561043__nox_sound__foley_impact_metal_fence_mono,1,1,white,28
C:\Users\Cengiz\Desktop\inosens-internship\dataset\synthetic_dataset\metal_bending\561043__nox_sound__foley_impact_metal_fence_mono_snr1dB_white_v31_spectrogram.png,561043__nox_sound__foley_impact_metal_fence_mono_snr1dB_white_v31_spectrogram.png,metal_bending,2,False,561043__nox_sound__foley_impact_metal_fence_mono,,561043__nox_sound__foley_impact_metal_fence_mono,,561043__nox_sound__foley_impact_metal_fence_mono,1,1,white,31
C:\Users\Cengiz\Desktop\inosens-internship\dataset\synthetic_dataset\metal_bending\561043__nox_sound__foley_impact_metal_fence_mono_snr1dB_white_v35_spectrogram.png,561043__nox_sound__foley_impact_metal_fence_mono_snr1dB_white_v35_spectrogram.png,metal_bending,2,False,561043__nox_sound__foley_impact_metal_fence_mono,,561043__nox_sound__foley_impact_metal_fence_mono,,561043__nox_sound__foley_impact_metal_fence_mono,1,1,white,35
C:\Users\Cengiz\Desktop\inosens-internship\dataset\synthetic_dataset\metal_bending\561043__nox_sound__foley_impact_metal_fence_mono_snr2dB_white_v18_spectrogram.png,561043__nox_sound__foley_impact_metal_fence_mono_snr2dB_white_v18_spectrogram.png,metal_bending,2,False,561043__nox_sound__foley_impact_metal_fence_mono,,561043__nox_sound__foley_impact_metal_fence_mono,,561043__nox_sound__foley_impact_metal_fence_mono,1,2,white,18
C:\Users\Cengiz\Desktop\inosens-internship\dataset\synthetic_dataset\metal_bending\561043__nox_sound__foley_impact_metal_fence_mono_snr2dB_white_v19_spectrogram.png,561043__nox_sound__foley_impact_metal_fence_mono_snr2dB_white_v19_spectrogram.png,metal_bending,2,False,561043__nox_sound__foley_impact_metal_fence_mono,,561043__nox_sound__foley_impact_metal_fence_mono,,561043__nox_sound__foley_impact_metal_fence_mono,1,2,white,19
C:\Users\Cengiz\Desktop\inosens-internship\dataset\synthetic_dataset\metal_bending\561043__nox_sound__foley_impact_metal_fence_mono_snr2dB_white_v36_spectrogram.png,561043__nox_sound__foley_impact_metal_fence_mono_snr2dB_white_v36_spectrogram.png,metal_bending,2,False,561043__nox_sound__foley_impact_metal_fence_mono,,561043__nox_sound__foley_impact_metal_fence_mono,,561043__nox_sound__foley_impact_metal_fence_mono,1,2,white,36
C:\Users\Cengiz\Desktop\inosens-internship\dataset\synthetic_dataset\metal_bending\561043__nox_sound__foley_impact_metal_fence_mono_snr2dB_white_v41_spectrogram.png,561043__nox_sound__foley_impact_metal_fence_mono_snr2dB_white_v41_spectrogram.png,metal_bending,2,False,561043__nox_sound__foley_impact_metal_fence_mono,,561043__nox_sound__foley_impact_metal_fence_mono,,561043__nox_sound__foley_impact_metal_fence_mono,1,2,white,41
C:\Users\Cengiz\Desktop\inosens-internship\dataset\synthetic_dataset\metal_bending\561043__nox_sound__foley_impact_metal_fence_mono_snr2dB_white_v45_spectrogram.png,561043__nox_sound__foley_impact_metal_fence_mono_snr2dB_white_v45_spectrogram.png,metal_bending,2,False,561043__nox_sound__foley_impact_metal_fence_mono,,561043__nox_sound__foley_impact_metal_fence_mono,,561043__nox_sound__foley_impact_metal_fence_mono,1,2,white,45
C:\Users\Cengiz\Desktop\inosens-internship\dataset\synthetic_dataset\metal_bending\561043__nox_sound__foley_impact_metal_fence_mono_snr2dB_white_v50_spectrogram.png,561043__nox_sound__foley_impact_metal_fence_mono_snr2dB_white_v50_spectrogram.png,metal_bending,2,False,561043__nox_sound__foley_impact_metal_fence_mono,,561043__nox_sound__foley_impact_metal_fence_mono,,561043__nox_sound__foley_impact_metal_fence_mono,1,2,white,50
C:\Users\Cengiz\Desktop\inosens-internship\dataset\synthetic_dataset\metal_bending\561043__nox_sound__foley_impact_metal_fence_mono_snr2dB_white_v53_spectrogram.png,561043__nox_sound__foley_impact_metal_fence_mono_snr2dB_white_v53_spectrogram.png,metal_bending,2,False,561043__nox_sound__foley_impact_metal_fence_mono,,561043__nox_sound__foley_impact_metal_fence_mono,,561043__nox_sound__foley_impact_metal_fence_mono,1,2,white,53
C:\Users\Cengiz\Desktop\inosens-internship\dataset\synthetic_dataset\metal_bending\561043__nox_sound__foley_impact_metal_fence_mono_snr3dB_pink_v16_spectrogram.png,561043__nox_sound__foley_impact_metal_fence_mono_snr3dB_pink_v16_spectrogram.png,metal_bending,2,False,561043__nox_sound__foley_impact_metal_fence_mono,,561043__nox_sound__foley_impact_metal_fence_mono,,561043__nox_sound__foley_impact_metal_fence_mono,1,3,pink,16
C:\Users\Cengiz\Desktop\inosens-internship\dataset\synthetic_dataset\metal_bending\561043__nox_sound__foley_impact_metal_fence_mono_snr3dB_pink_v9_spectrogram.png,561043__nox_sound__foley_impact_metal_fence_mono_snr3dB_pink_v9_spectrogram.png,metal_bending,2,False,561043__nox_sound__foley_impact_metal_fence_mono,,561043__nox_sound__foley_impact_metal_fence_mono,,561043__nox_sound__foley_impact_metal_fence_mono,1,3,pink,9
C:\Users\Cengiz\Desktop\inosens-internship\dataset\synthetic_dataset\metal_bending\561043__nox_sound__foley_impact_metal_fence_mono_snr3dB_white_v20_spectrogram.png,561043__nox_sound__foley_impact_metal_fence_mono_snr3dB_white_v20_spectrogram.png,metal_bending,2,False,561043__nox_sound__foley_impact_metal_fence_mono,,561043__nox_sound__foley_impact_metal_fence_mono,,561043__nox_sound__foley_impact_metal_fence_mono,1,3,white,20
C:\Users\Cengiz\Desktop\inosens-internship\dataset\synthetic_dataset\metal_bending\561043__nox_sound__foley_impact_metal_fence_mono_snr4dB_white_v44_spectrogram.png,561043__nox_sound__foley_impact_metal_fence_mono_snr4dB_white_v44_spectrogram.png,metal_bending,2,False,561043__nox_sound__foley_impact_metal_fence_mono,,561043__nox_sound__foley_impact_metal_fence_mono,,561043__nox_sound__foley_impact_metal_fence_mono,1,4,white,44
C:\Users\Cengiz\Desktop\inosens-internship\dataset\synthetic_dataset\metal_bending\561043__nox_sound__foley_impact_metal_fence_mono_snr4dB_white_v52_spectrogram.png,561043__nox_sound__foley_impact_metal_fence_mono_snr4dB_white_v52_spectrogram.png,metal_bending,2,False,561043__nox_sound__foley_impact_metal_fence_mono,,561043__nox_sound__foley_impact_metal_fence_mono,,561043__nox_sound__foley_impact_metal_fence_mono,1,4,white,52
C:\Users\Cengiz\Desktop\inosens-internship\dataset\synthetic_dataset\metal_bending\561043__nox_sound__foley_impact_metal_fence_mono_snr5dB_pink_v55_spectrogram.png,561043__nox_sound__foley_impact_metal_fence_mono_snr5dB_pink_v55_spectrogram.png,metal_bending,2,False,561043__nox_sound__foley_impact_metal_fence_mono,,561043__nox_sound__foley_impact_metal_fence_mono,,561043__nox_sound__foley_impact_metal_fence_mono,1,5,pink,55
C:\Users\Cengiz\Desktop\inosens-internship\dataset\synthetic_dataset\metal_bending\561043__nox_sound__foley_impact_metal_fence_mono_snr5dB_pink_v8_spectrogram.png,561043__nox_sound__foley_impact_metal_fence_mono_snr5dB_pink_v8_spectrogram.png,metal_bending,2,False,561043__nox_sound__foley_impact_metal_fence_mono,,561043__nox_sound__foley_impact_metal_fence_mono,,561043__nox_sound__foley_impact_metal_fence_mono,1,5,pink,8
C:\Users\Cengiz\Desktop\inosens-internship\dataset\synthetic_dataset\metal_bending\561043__nox_sound__foley_impact_metal_fence_mono_snr5dB_white_v24_spectrogram.png,561043__nox_sound__foley_impact_metal_fence_mono_snr5dB_white_v24_spectrogram.png,metal_bending,2,False,561043__nox_sound__foley_impact_metal_fence_mono,,561043__nox_sound__foley_impact_metal_fence_mono,,561043__nox_sound__foley_impact_metal_fence_mono,1,5,white,24
C:\Users\Cengiz\Desktop\inosens-internship\dataset\synthetic_dataset\metal_bending\561043__nox_sound__foley_impact_metal_fence_mono_snr5dB_white_v27_spectrogram.png,561043__nox_sound__foley_impact_metal_fence_mono_snr5dB_white_v27_spectrogram.png,metal_bending,2,False,561043__nox_sound__foley_impact_metal_fence_mono,,561043__nox_sound__foley_impact_metal_fence_mono,,561043__nox_sound__foley_impact_metal_fence_mono,1,5,white,27
C:\Users\Cengiz\Desktop\inosens-internship\dataset\synthetic_dataset\metal_bending\561043__nox_sound__foley_impact_metal_fence_mono_snr5dB_white_v43_spectrogram.png,561043__nox_sound__foley_impact_metal_fence_mono_snr5dB_white_v43_spectrogram.png,metal_bending,2,False,561043__nox_sound__foley_impact_metal_fence_mono,,561043__nox_sound__foley_impact_metal_fence_mono,,561043__nox_sound__foley_impact_metal_fence_mono,1,5,white,43
C:\Users\Cengiz\Desktop\inosens-internship\dataset\synthetic_dataset\metal_bending\561043__nox_sound__foley_impact_metal_fence_mono_snr6dB_pink_v5_spectrogram.png,561043__nox_sound__foley_impact_metal_fence_mono_snr6dB_pink_v5_spectrogram.png,metal_bending,2,False,561043__nox_sound__foley_impact_metal_fence_mono,,561043__nox_sound__foley_impact_metal_fence_mono,,561043__nox_sound__foley_impact_metal_fence_mono,1,6,pink,5
C:\Users\Cengiz\Desktop\inosens-internship\dataset\synthetic_dataset\metal_bending\561043__nox_sound__foley_impact_metal_fence_mono_snr8dB_pink_v37_spectrogram.png,561043__nox_sound__foley_impact_metal_fence_mono_snr8dB_pink_v37_spectrogram.png,metal_bending,2,False,561043__nox_sound__foley_impact_metal_fence_mono,,561043__nox_sound__foley_impact_metal_fence_mono,,561043__nox_sound__foley_impact_metal_fence_mono,1,8,pink,37
C:\Users\Cengiz\Desktop\inosens-internship\dataset\synthetic_dataset\metal_bending\561043__nox_sound__foley_impact_metal_fence_mono_snr8dB_pink_v47_spectrogram.png,561043__nox_sound__foley_impact_metal_fence_mono_snr8dB_pink_v47_spectrogram.png,metal_bending,2,False,561043__nox_sound__foley_impact_metal_fence_mono,,561043__nox_sound__foley_impact_metal_fence_mono,,561043__nox_sound__foley_impact_metal_fence_mono,1,8,pink,47
C:\Users\Cengiz\Desktop\inosens-internship\dataset\synthetic_dataset\metal_bending\561043__nox_sound__foley_impact_metal_fence_mono_snr8dB_white_v11_spectrogram.png,561043__nox_sound__foley_impact_metal_fence_mono_snr8dB_white_v11_spectrogram.png,metal_bending,2,False,561043__nox_sound__foley_impact_metal_fence_mono,,561043__nox_sound__foley_impact_metal_fence_mono,,561043__nox_sound__foley_impact_metal_fence_mono,1,8,white,11
C:\Users\Cengiz\Desktop\inosens-internship\dataset\synthetic_dataset\metal_bending\561043__nox_sound__foley_impact_metal_fence_mono_snr8dB_white_v38_spectrogram.png,561043__nox_sound__foley_impact_metal_fence_mono_snr8dB_white_v38_spectrogram.png,metal_bending,2,False,561043__nox_sound__foley_impact_metal_fence_mono,,561043__nox_sound__foley_impact_metal_fence_mono,,561043__nox_sound__foley_impact_metal_fence_mono,1,8,white,38
C:\Users\Cengiz\Desktop\inosens-internship\dataset\synthetic_dataset\metal_bending\561043__nox_sound__foley_impact_metal_fence_mono_snr9dB_pink_v30_spectrogram.png,561043__nox_sound__foley_impact_metal_fence_mono_snr9dB_pink_v30_spectrogram.png,metal_bending,2,False,561043__nox_sound__foley_impact_metal_fence_mono,,561043__nox_sound__foley_impact_metal_fence_mono,,561043__nox_sound__foley_impact_metal_fence_mono,1,9,pink,30
C:\Users\Cengiz\Desktop\inosens-internship\dataset\synthetic_dataset\metal_bending\561043__nox_sound__foley_impact_metal_fence_mono_snr9dB_pink_v3_spectrogram.png,561043__nox_sound__foley_impact_metal_fence_mono_snr9dB_pink_v3_spectrogram.png,metal_bending,2,False,561043__nox_sound__foley_impact_metal_fence_mono,,561043__nox_sound__foley_impact_metal_fence_mono,,561043__nox_sound__foley_impact_metal_fence_mono,1,9,pink,3
C:\Users\Cengiz\Desktop\inosens-internship\dataset\synthetic_dataset\metal_bending\561043__nox_sound__foley_impact_metal_fence_mono_snr9dB_white_v4_spectrogram.png,561043__nox_sound__foley_impact_metal_fence_mono_snr9dB_white_v4_spectrogram.png,metal_bending,2,False,561043__nox_sound__foley_impact_metal_fence_mono,,561043__nox_sound__foley_impact_metal_fence_mono,,561043__nox_sound__foley_impact_metal_fence_mono,1,9,white,4
C:\Users\Cengiz\Desktop\inosens-internship\dataset\synthetic_dataset\metal_bending\7148__rhumphries__rbh_chain-link-fence-01_snr0dB_pink_v17_spectrogram.png,7148__rhumphries__rbh_chain-link-fence-01_snr0dB_pink_v17_spectrogram.png,metal_bending,2,False,7148__rhumphries__rbh_chain-link-fence-01,,7148__rhumphries__rbh_chain-link-fence-01,,7148__rhumphries__rbh_chain-link-fence-01,1,0,pink,17
C:\Users\Cengiz\Desktop\inosens-internship\dataset\synthetic_dataset\metal_bending\7148__rhumphries__rbh_chain-link-fence-01_snr0dB_pink_v20_spectrogram.png,7148__rhumphries__rbh_chain-link-fence-01_snr0dB_pink_v20_spectrogram.png,metal_bending,2,False,7148__rhumphries__rbh_chain-link-fence-01,,7148__rhumphries__rbh_chain-link-fence-01,,7148__rhumphries__rbh_chain-link-fence-01,1,0,pink,20
C:\Users\Cengiz\Desktop\inosens-internship\dataset\synthetic_dataset\metal_bending\7148__rhumphries__rbh_chain-link-fence-01_snr0dB_white_v30_spectrogram.png,7148__rhumphries__rbh_chain-link-fence-01_snr0dB_white_v30_spectrogram.png,metal_bending,2,False,7148__rhumphries__rbh_chain-link-fence-01,,7148__rhumphries__rbh_chain-link-fence-01,,7148__rhumphries__rbh_chain-link-fence-01,1,0,white,30
C:\Users\Cengiz\Desktop\inosens-internship\dataset\synthetic_dataset\metal_bending\7148__rhumphries__rbh_chain-link-fence-01_snr10dB_pink_v25_spectrogram.png,7148__rhumphries__rbh_chain-link-fence-01_snr10dB_pink_v25_spectrogram.png,metal_bending,2,False,7148__rhumphries__rbh_chain-link-fence-01,,7148__rhumphries__rbh_chain-link-fence-01,,7148__rhumphries__rbh_chain-link-fence-01,1,10,pink,25
C:\Users\Cengiz\Desktop\inosens-internship\dataset\synthetic_dataset\metal_bending\7148__rhumphries__rbh_chain-link-fence-01_snr10dB_pink_v29_spectrogram.png,7148__rhumphries__rbh_chain-link-fence-01_snr10dB_pink_v29_spectrogram.png,metal_bending,2,False,7148__rhumphries__rbh_chain-link-fence-01,,7148__rhumphries__rbh_chain-link-fence-01,,7148__rhumphries__rbh_chain-link-fence-01,1,10,pink,29
C:\Users\Cengiz\Desktop\inosens-internship\dataset\synthetic_dataset\metal_bending\7148__rhumphries__rbh_chain-link-fence-01_snr10dB_pink_v36_spectrogram.png,7148__rhumphries__rbh_chain-link-fence-01_snr10dB_pink_v36_spectrogram.png,metal_bending,2,False,7148__rhumphries__rbh_chain-link-fence-01,,7148__rhumphries__rbh_chain-link-fence-01,,7148__rhumphries__rbh_chain-link-fence-01,1,10,pink,36
C:\Users\Cengiz\Desktop\inosens-internship\dataset\synthetic_dataset\metal_bending\7148__rhumphries__rbh_chain-link-fence-01_snr10dB_white_v14_spectrogram.png,7148__rhumphries__rbh_chain-link-fence-01_snr10dB_white_v14_spectrogram.png,metal_bending,2,False,7148__rhumphries__rbh_chain-link-fence-01,,7148__rhumphries__rbh_chain-link-fence-01,,7148__rhumphries__rbh_chain-link-fence-01,1,10,white,14
C:\Users\Cengiz\Desktop\inosens-internship\dataset\synthetic_dataset\metal_bending\7148__rhumphries__rbh_chain-link-fence-01_snr10dB_white_v21_spectrogram.png,7148__rhumphries__rbh_chain-link-fence-01_snr10dB_white_v21_spectrogram.png,metal_bending,2,False,7148__rhumphries__rbh_chain-link-fence-01,,7148__rhumphries__rbh_chain-link-fence-01,,7148__rhumphries__rbh_chain-link-fence-01,1,10,white,21
C:\Users\Cengiz\Desktop\inosens-internship\dataset\synthetic_dataset\metal_bending\7148__rhumphries__rbh_chain-link-fence-01_snr11dB_pink_v52_spectrogram.png,7148__rhumphries__rbh_chain-link-fence-01_snr11dB_pink_v52_spectrogram.png,metal_bending,2,False,7148__rhumphries__rbh_chain-link-fence-01,,7148__rhumphries__rbh_chain-link-fence-01,,7148__rhumphries__rbh_chain-link-fence-01,1,11,pink,52
C:\Users\Cengiz\Desktop\inosens-internship\dataset\synthetic_dataset\metal_bending\7148__rhumphries__rbh_chain-link-fence-01_snr11dB_white_v39_spectrogram.png,7148__rhumphries__rbh_chain-link-fence-01_snr11dB_white_v39_spectrogram.png,metal_bending,2,False,7148__rhumphries__rbh_chain-link-fence-01,,7148__rhumphries__rbh_chain-link-fence-01,,7148__rhumphries__rbh_chain-link-fence-01,1,11,white,39
C:\Users\Cengiz\Desktop\inosens-internship\dataset\synthetic_dataset\metal_bending\7148__rhumphries__rbh_chain-link-fence-01_snr11dB_white_v41_spectrogram.png,7148__rhumphries__rbh_chain-link-fence-01_snr11dB_white_v41_spectrogram.png,metal_bending,2,False,7148__rhumphries__rbh_chain-link-fence-01,,7148__rhumphries__rbh_chain-link-fence-01,,7148__rhumphries__rbh_chain-link-fence-01,1,11,white,41
C:\Users\Cengiz\Desktop\inosens-internship\dataset\synthetic_dataset\metal_bending\7148__rhumphries__rbh_chain-link-fence-01_snr12dB_pink_v11_spectrogram.png,7148__rhumphries__rbh_chain-link-fence-01_snr12dB_pink_v11_spectrogram.png,metal_bending,2,False,7148__rhumphries__rbh_chain-link-fence-01,,7148__rhumphries__rbh_chain-link-fence-01,,7148__rhumphries__rbh_chain-link-fence-01,1,12,pink,11
C:\Users\Cengiz\Desktop\inosens-internship\dataset\synthetic_dataset\metal_bending\7148__rhumphries__rbh_chain-link-fence-01_snr12dB_pink_v48_spectrogram.png,7148__rhumphries__rbh_chain-link-fence-01_snr12dB_pink_v48_spectrogram.png,metal_bending,2,False,7148__rhumphries__rbh_chain-link-fence-01,,7148__rhumphries__rbh_chain-link-fence-01,,7148__rhumphries__rbh_chain-link-fence-01,1,12,pink,48
C:\Users\Cengiz\Desktop\inosens-internship\dataset\synthetic_dataset\metal_bending\7148__rhumphries__rbh_chain-link-fence-01_snr12dB_white_v22_spectrogram.png,7148__rhumphries__rbh_chain-link-fence-01_snr12dB_white_v22_spectrogram.png,metal_bending,2,False,7148__rhumphries__rbh_chain-link-fence-01,,7148__rhumphries__rbh_chain-link-fence-01,,7148__rhumphries__rbh_chain-link-fence-01,1,12,white,22
C:\Users\Cengiz\Desktop\inosens-internship\dataset\synthetic_dataset\metal_bending\7148__rhumphries__rbh_chain-link-fence-01_snr12dB_white_v24_spectrogram.png,7148__rhumphries__rbh_chain-link-fence-01_snr12dB_white_v24_spectrogram.png,metal_bending,2,False,7148__rhumphries__rbh_chain-link-fence-01,,7148__rhumphries__rbh_chain-link-fence-01,,7148__rhumphries__rbh_chain-link-fence-01,1,12,white,24
C:\Users\Cengiz\Desktop\inosens-internship\dataset\synthetic_dataset\metal_bending\7148__rhumphries__rbh_chain-link-fence-01_snr13dB_pink_v37_spectrogram.png,7148__rhumphries__rbh_chain-link-fence-01_snr13dB_pink_v37_spectrogram.png,metal_bending,2,False,7148__rhumphries__rbh_chain-link-fence-01,,7148__rhumphries__rbh_chain-link-fence-01,,7148__rhumphries__rbh_chain-link-fence-01,1,13,pink,37
C:\Users\Cengiz\Desktop\inosens-internship\dataset\synthetic_dataset\metal_bending\7148__rhumphries__rbh_chain-link-fence-01_snr13dB_white_v16_spectrogram.png,7148__rhumphries__rbh_chain-link-fence-01_snr13dB_white_v16_spectrogram.png,metal_bending,2,False,7148__rhumphries__rbh_chain-link-fence-01,,7148__rhumphries__rbh_chain-link-fence-01,,7148__rhumphries__rbh_chain-link-fence-01,1,13,white,16
C:\Users\Cengiz\Desktop\inosens-internship\dataset\synthetic_dataset\metal_bending\7148__rhumphries__rbh_chain-link-fence-01_snr13dB_white_v42_spectrogram.png,7148__rhumphries__rbh_chain-link-fence-01_snr13dB_white_v42_spectrogram.png,metal_bending,2,False,7148__rhumphries__rbh_chain-link-fence-01,,7148__rhumphries__rbh_chain-link-fence-01,,7148__rhumphries__rbh_chain-link-fence-01,1,13,white,42
C:\Users\Cengiz\Desktop\inosens-internship\dataset\synthetic_dataset\metal_bending\7148__rhumphries__rbh_chain-link-fence-01_snr14dB_pink_v26_spectrogram.png,7148__rhumphries__rbh_chain-link-fence-01_snr14dB_pink_v26_spectrogram.png,metal_bending,2,False,7148__rhumphries__rbh_chain-link-fence-01,,7148__rhumphries__rbh_chain-link-fence-01,,7148__rhumphries__rbh_chain-link-fence-01,1,14,pink,26
C:\Users\Cengiz\Desktop\inosens-internship\dataset\synthetic_dataset\metal_bending\7148__rhumphries__rbh_chain-link-fence-01_snr14dB_pink_v31_spectrogram.png,7148__rhumphries__rbh_chain-link-fence-01_snr14dB_pink_v31_spectrogram.png,metal_bending,2,False,7148__rhumphries__rbh_chain-link-fence-01,,7148__rhumphries__rbh_chain-link-fence-01,,7148__rhumphries__rbh_chain-link-fence-01,1,14,pink,31
C:\Users\Cengiz\Desktop\inosens-internship\dataset\synthetic_dataset\metal_bending\7148__rhumphries__rbh_chain-link-fence-01_snr14dB_pink_v40_spectrogram.png,7148__rhumphries__rbh_chain-link-fence-01_snr14dB_pink_v40_spectrogram.png,metal_bending,2,False,7148__rhumphries__rbh_chain-link-fence-01,,7148__rhumphries__rbh_chain-link-fence-01,,7148__rhumphries__rbh_chain-link-fence-01,1,14,pink,40
C:\Users\Cengiz\Desktop\inosens-internship\dataset\synthetic_dataset\metal_bending\7148__rhumphries__rbh_chain-link-fence-01_snr14dB_pink_v4_spectrogram.png,7148__rhumphries__rbh_chain-link-fence-01_snr14dB_pink_v4_spectrogram.png,metal_bending,2,False,7148__rhumphries__rbh_chain-link-fence-01,,7148__rhumphries__rbh_chain-link-fence-01,,7148__rhumphries__rbh_chain-link-fence-01,1,14,pink,4
C:\Users\Cengiz\Desktop\inosens-internship\dataset\synthetic_dataset\metal_bending\7148__rhumphries__rbh_chain-link-fence-01_snr14dB_white_v18_spectrogram.png,7148__rhumphries__rbh_chain-link-fence-01_snr14dB_white_v18_spectrogram.png,metal_bending,2,False,7148__rhumphries__rbh_chain-link-fence-01,,7148__rhumphries__rbh_chain-link-fence-01,,7148__rhumphries__rbh_chain-link-fence-01,1,14,white,18
C:\Users\Cengiz\Desktop\inosens-internship\dataset\synthetic_dataset\metal_bending\7148__rhumphries__rbh_chain-link-fence-01_snr14dB_white_v19_spectrogram.png,7148__rhumphries__rbh_chain-link-fence-01_snr14dB_white_v19_spectrogram.png,metal_bending,2,False,7148__rhumphries__rbh_chain-link-fence-01,,7148__rhumphries__rbh_chain-link-fence-01,,7148__rhumphries__rbh_chain-link-fence-01,1,14,white,19
C:\Users\Cengiz\Desktop\inosens-internship\dataset\synthetic_dataset\metal_bending\7148__rhumphries__rbh_chain-link-fence-01_snr14dB_white_v53_spectrogram.png,7148__rhumphries__rbh_chain-link-fence-01_snr14dB_white_v53_spectrogram.png,metal_bending,2,False,7148__rhumphries__rbh_chain-link-fence-01,,7148__rhumphries__rbh_chain-link-fence-01,,7148__rhumphries__rbh_chain-link-fence-01,1,14,white,53
C:\Users\Cengiz\Desktop\inosens-internship\dataset\synthetic_dataset\metal_bending\7148__rhumphries__rbh_chain-link-fence-01_snr15dB_white_v55_spectrogram.png,7148__rhumphries__rbh_chain-link-fence-01_snr15dB_white_v55_spectrogram.png,metal_bending,2,False,7148__rhumphries__rbh_chain-link-fence-01,,7148__rhumphries__rbh_chain-link-fence-01,,7148__rhumphries__rbh_chain-link-fence-01,1,15,white,55
C:\Users\Cengiz\Desktop\inosens-internship\dataset\synthetic_dataset\metal_bending\7148__rhumphries__rbh_chain-link-fence-01_snr1dB_pink_v27_spectrogram.png,7148__rhumphries__rbh_chain-link-fence-01_snr1dB_pink_v27_spectrogram.png,metal_bending,2,False,7148__rhumphries__rbh_chain-link-fence-01,,7148__rhumphries__rbh_chain-link-fence-01,,7148__rhumphries__rbh_chain-link-fence-01,1,1,pink,27
C:\Users\Cengiz\Desktop\inosens-internship\dataset\synthetic_dataset\metal_bending\7148__rhumphries__rbh_chain-link-fence-01_snr1dB_pink_v2_spectrogram.png,7148__rhumphries__rbh_chain-link-fence-01_snr1dB_pink_v2_spectrogram.png,metal_bending,2,False,7148__rhumphries__rbh_chain-link-fence-01,,7148__rhumphries__rbh_chain-link-fence-01,,7148__rhumphries__rbh_chain-link-fence-01,1,1,pink,2
C:\Users\Cengiz\Desktop\inosens-internship\dataset\synthetic_dataset\metal_bending\7148__rhumphries__rbh_chain-link-fence-01_snr1dB_pink_v5_spectrogram.png,7148__rhumphries__rbh_chain-link-fence-01_snr1dB_pink_v5_spectrogram.png,metal_bending,2,False,7148__rhumphries__rbh_chain-link-fence-01,,7148__rhumphries__rbh_chain-link-fence-01,,7148__rhumphries__rbh_chain-link-fence-01,1,1,pink,5
C:\Users\Cengiz\Desktop\inosens-internship\dataset\synthetic_dataset\metal_bending\7148__rhumphries__rbh_chain-link-fence-01_snr1dB_pink_v7_spectrogram.png,7148__rhumphries__rbh_chain-link-fence-01_snr1dB_pink_v7_spectrogram.png,metal_bending,2,False,7148__rhumphries__rbh_chain-link-fence-01,,7148__rhumphries__rbh_chain-link-fence-01,,7148__rhumphries__rbh_chain-link-fence-01,1,1,pink,7
C:\Users\Cengiz\Desktop\inosens-internship\dataset\synthetic_dataset\metal_bending\7148__rhumphries__rbh_chain-link-fence-01_snr2dB_pink_v47_spectrogram.png,7148__rhumphries__rbh_chain-link-fence-01_snr2dB_pink_v47_spectrogram.png,metal_bending,2,False,7148__rhumphries__rbh_chain-link-fence-01,,7148__rhumphries__rbh_chain-link-fence-01,,7148__rhumphries__rbh_chain-link-fence-01,1,2,pink,47
C:\Users\Cengiz\Desktop\inosens-internship\dataset\synthetic_dataset\metal_bending\7148__rhumphries__rbh_chain-link-fence-01_snr2dB_pink_v56_spectrogram.png,7148__rhumphries__rbh_chain-link-fence-01_snr2dB_pink_v56_spectrogram.png,metal_bending,2,False,7148__rhumphries__rbh_chain-link-fence-01,,7148__rhumphries__rbh_chain-link-fence-01,,7148__rhumphries__rbh_chain-link-fence-01,1,2,pink,56
C:\Users\Cengiz\Desktop\inosens-internship\dataset\synthetic_dataset\metal_bending\7148__rhumphries__rbh_chain-link-fence-01_snr2dB_white_v23_spectrogram.png,7148__rhumphries__rbh_chain-link-fence-01_snr2dB_white_v23_spectrogram.png,metal_bending,2,False,7148__rhumphries__rbh_chain-link-fence-01,,7148__rhumphries__rbh_chain-link-fence-01,,7148__rhumphries__rbh_chain-link-fence-01,1,2,white,23
C:\Users\Cengiz\Desktop\inosens-internship\dataset\synthetic_dataset\metal_bending\7148__rhumphries__rbh_chain-link-fence-01_snr2dB_white_v43_spectrogram.png,7148__rhumphries__rbh_chain-link-fence-01_snr2dB_white_v43_spectrogram.png,metal_bending,2,False,7148__rhumphries__rbh_chain-link-fence-01,,7148__rhumphries__rbh_chain-link-fence-01,,7148__rhumphries__rbh_chain-link-fence-01,1,2,white,43
C:\Users\Cengiz\Desktop\inosens-internship\dataset\synthetic_dataset\metal_bending\7148__rhumphries__rbh_chain-link-fence-01_snr3dB_pink_v9_spectrogram.png,7148__rhumphries__rbh_chain-link-fence-01_snr3dB_pink_v9_spectrogram.png,metal_bending,2,False,7148__rhumphries__rbh_chain-link-fence-01,,7148__rhumphries__rbh_chain-link-fence-01,,7148__rhumphries__rbh_chain-link-fence-01,1,3,pink,9
C:\Users\Cengiz\Desktop\inosens-internship\dataset\synthetic_dataset\metal_bending\7148__rhumphries__rbh_chain-link-fence-01_snr3dB_white_v46_spectrogram.png,7148__rhumphries__rbh_chain-link-fence-01_snr3dB_white_v46_spectrogram.png,metal_bending,2,False,7148__rhumphries__rbh_chain-link-fence-01,,7148__rhumphries__rbh_chain-link-fence-01,,7148__rhumphries__rbh_chain-link-fence-01,1,3,white,46
C:\Users\Cengiz\Desktop\inosens-internship\dataset\synthetic_dataset\metal_bending\7148__rhumphries__rbh_chain-link-fence-01_snr4dB_pink_v1_spectrogram.png,7148__rhumphries__rbh_chain-link-fence-01_snr4dB_pink_v1_spectrogram.png,metal_bending,2,False,7148__rhumphries__rbh_chain-link-fence-01,,7148__rhumphries__rbh_chain-link-fence-01,,7148__rhumphries__rbh_chain-link-fence-01,1,4,pink,1
C:\Users\Cengiz\Desktop\inosens-internship\dataset\synthetic_dataset\metal_bending\7148__rhumphries__rbh_chain-link-fence-01_snr4dB_pink_v32_spectrogram.png,7148__rhumphries__rbh_chain-link-fence-01_snr4dB_pink_v32_spectrogram.png,metal_bending,2,False,7148__rhumphries__rbh_chain-link-fence-01,,7148__rhumphries__rbh_chain-link-fence-01,,7148__rhumphries__rbh_chain-link-fence-01,1,4,pink,32
C:\Users\Cengiz\Desktop\inosens-internship\dataset\synthetic_dataset\metal_bending\7148__rhumphries__rbh_chain-link-fence-01_snr4dB_pink_v54_spectrogram.png,7148__rhumphries__rbh_chain-link-fence-01_snr4dB_pink_v54_spectrogram.png,metal_bending,2,False,7148__rhumphries__rbh_chain-link-fence-01,,7148__rhumphries__rbh_chain-link-fence-01,,7148__rhumphries__rbh_chain-link-fence-01,1,4,pink,54
C:\Users\Cengiz\Desktop\inosens-internship\dataset\synthetic_dataset\metal_bending\7148__rhumphries__rbh_chain-link-fence-01_snr4dB_white_v28_spectrogram.png,7148__rhumphries__rbh_chain-link-fence-01_snr4dB_white_v28_spectrogram.png,metal_bending,2,False,7148__rhumphries__rbh_chain-link-fence-01,,7148__rhumphries__rbh_chain-link-fence-01,,7148__rhumphries__rbh_chain-link-fence-01,1,4,white,28
C:\Users\Cengiz\Desktop\inosens-internship\dataset\synthetic_dataset\metal_bending\7148__rhumphries__rbh_chain-link-fence-01_snr4dB_white_v57_spectrogram.png,7148__rhumphries__rbh_chain-link-fence-01_snr4dB_white_v57_spectrogram.png,metal_bending,2,False,7148__rhumphries__rbh_chain-link-fence-01,,7148__rhumphries__rbh_chain-link-fence-01,,7148__rhumphries__rbh_chain-link-fence-01,1,4,white,57
C:\Users\Cengiz\Desktop\inosens-internship\dataset\synthetic_dataset\metal_bending\7148__rhumphries__rbh_chain-link-fence-01_snr5dB_pink_v10_spectrogram.png,7148__rhumphries__rbh_chain-link-fence-01_snr5dB_pink_v10_spectrogram.png,metal_bending,2,False,7148__rhumphries__rbh_chain-link-fence-01,,7148__rhumphries__rbh_chain-link-fence-01,,7148__rhumphries__rbh_chain-link-fence-01,1,5,pink,10
C:\Users\Cengiz\Desktop\inosens-internship\dataset\synthetic_dataset\metal_bending\7148__rhumphries__rbh_chain-link-fence-01_snr5dB_pink_v13_spectrogram.png,7148__rhumphries__rbh_chain-link-fence-01_snr5dB_pink_v13_spectrogram.png,metal_bending,2,False,7148__rhumphries__rbh_chain-link-fence-01,,7148__rhumphries__rbh_chain-link-fence-01,,7148__rhumphries__rbh_chain-link-fence-01,1,5,pink,13
C:\Users\Cengiz\Desktop\inosens-internship\dataset\synthetic_dataset\metal_bending\7148__rhumphries__rbh_chain-link-fence-01_snr5dB_white_v15_spectrogram.png,7148__rhumphries__rbh_chain-link-fence-01_snr5dB_white_v15_spectrogram.png,metal_bending,2,False,7148__rhumphries__rbh_chain-link-fence-01,,7148__rhumphries__rbh_chain-link-fence-01,,7148__rhumphries__rbh_chain-link-fence-01,1,5,white,15
C:\Users\Cengiz\Desktop\inosens-internship\dataset\synthetic_dataset\metal_bending\7148__rhumphries__rbh_chain-link-fence-01_snr5dB_white_v33_spectrogram.png,7148__rhumphries__rbh_chain-link-fence-01_snr5dB_white_v33_spectrogram.png,metal_bending,2,False,7148__rhumphries__rbh_chain-link-fence-01,,7148__rhumphries__rbh_chain-link-fence-01,,7148__rhumphries__rbh_chain-link-fence-01,1,5,white,33
C:\Users\Cengiz\Desktop\inosens-internship\dataset\synthetic_dataset\metal_bending\7148__rhumphries__rbh_chain-link-fence-01_snr5dB_white_v51_spectrogram.png,7148__rhumphries__rbh_chain-link-fence-01_snr5dB_white_v51_spectrogram.png,metal_bending,2,False,7148__rhumphries__rbh_chain-link-fence-01,,7148__rhumphries__rbh_chain-link-fence-01,,7148__rhumphries__rbh_chain-link-fence-01,1,5,white,51
C:\Users\Cengiz\Desktop\inosens-internship\dataset\synthetic_dataset\metal_bending\7148__rhumphries__rbh_chain-link-fence-01_snr6dB_white_v38_spectrogram.png,7148__rhumphries__rbh_chain-link-fence-01_snr6dB_white_v38_spectrogram.png,metal_bending,2,False,7148__rhumphries__rbh_chain-link-fence-01,,7148__rhumphries__rbh_chain-link-fence-01,,7148__rhumphries__rbh_chain-link-fence-01,1,6,white,38
C:\Users\Cengiz\Desktop\inosens-internship\dataset\synthetic_dataset\metal_bending\7148__rhumphries__rbh_chain-link-fence-01_snr7dB_pink_v0_spectrogram.png,7148__rhumphries__rbh_chain-link-fence-01_snr7dB_pink_v0_spectrogram.png,metal_bending,2,False,7148__rhumphries__rbh_chain-link-fence-01,,7148__rhumphries__rbh_chain-link-fence-01,,7148__rhumphries__rbh_chain-link-fence-01,1,7,pink,0
C:\Users\Cengiz\Desktop\inosens-internship\dataset\synthetic_dataset\metal_bending\7148__rhumphries__rbh_chain-link-fence-01_snr7dB_pink_v35_spectrogram.png,7148__rhumphries__rbh_chain-link-fence-01_snr7dB_pink_v35_spectrogram.png,metal_bending,2,False,7148__rhumphries__rbh_chain-link-fence-01,,7148__rhumphries__rbh_chain-link-fence-01,,7148__rhumphries__rbh_chain-link-fence-01,1,7,pink,35
C:\Users\Cengiz\Desktop\inosens-internship\dataset\synthetic_dataset\metal_bending\7148__rhumphries__rbh_chain-link-fence-01_snr7dB_pink_v3_spectrogram.png,7148__rhumphries__rbh_chain-link-fence-01_snr7dB_pink_v3_spectrogram.png,metal_bending,2,False,7148__rhumphries__rbh_chain-link-fence-01,,7148__rhumphries__rbh_chain-link-fence-01,,7148__rhumphries__rbh_chain-link-fence-01,1,7,pink,3
C:\Users\Cengiz\Desktop\inosens-internship\dataset\synthetic_dataset\metal_bending\7148__rhumphries__rbh_chain-link-fence-01_snr7dB_pink_v44_spectrogram.png,7148__rhumphries__rbh_chain-link-fence-01_snr7dB_pink_v44_spectrogram.png,metal_bending,2,False,7148__rhumphries__rbh_chain-link-fence-01,,7148__rhumphries__rbh_chain-link-fence-01,,7148__rhumphries__rbh_chain-link-fence-01,1,7,pink,44
C:\Users\Cengiz\Desktop\inosens-internship\dataset\synthetic_dataset\metal_bending\7148__rhumphries__rbh_chain-link-fence-01_snr7dB_white_v50_spectrogram.png,7148__rhumphries__rbh_chain-link-fence-01_snr7dB_white_v50_spectrogram.png,metal_bending,2,False,7148__rhumphries__rbh_chain-link-fence-01,,7148__rhumphries__rbh_chain-link-fence-01,,7148__rhumphries__rbh_chain-link-fence-01,1,7,white,50
C:\Users\Cengiz\Desktop\inosens-internship\dataset\synthetic_dataset\metal_bending\7148__rhumphries__rbh_chain-link-fence-01_snr8dB_white_v34_spectrogram.png,7148__rhumphries__rbh_chain-link-fence-01_snr8dB_white_v34_spectrogram.png,metal_bending,2,False,7148__rhumphries__rbh_chain-link-fence-01,,7148__rhumphries__rbh_chain-link-fence-01,,7148__rhumphries__rbh_chain-link-fence-01,1,8,white,34
C:\Users\Cengiz\Desktop\inosens-internship\dataset\synthetic_dataset\metal_bending\7148__rhumphries__rbh_chain-link-fence-01_snr8dB_white_v49_spectrogram.png,7148__rhumphries__rbh_chain-link-fence-01_snr8dB_white_v49_spectrogram.png,metal_bending,2,False,7148__rhumphries__rbh_chain-link-fence-01,,7148__rhumphries__rbh_chain-link-fence-01,,7148__rhumphries__rbh_chain-link-fence-01,1,8,white,49
C:\Users\Cengiz\Desktop\inosens-internship\dataset\synthetic_dataset\metal_bending\7148__rhumphries__rbh_chain-link-fence-01_snr8dB_white_v6_spectrogram.png,7148__rhumphries__rbh_chain-link-fence-01_snr8dB_white_v6_spectrogram.png,metal_bending,2,False,7148__rhumphries__rbh_chain-link-fence-01,,7148__rhumphries__rbh_chain-link-fence-01,,7148__rhumphries__rbh_chain-link-fence-01,1,8,white,6
C:\Users\Cengiz\Desktop\inosens-internship\dataset\synthetic_dataset\metal_bending\7148__rhumphries__rbh_chain-link-fence-01_snr9dB_white_v12_spectrogram.png,7148__rhumphries__rbh_chain-link-fence-01_snr9dB_white_v12_spectrogram.png,metal_bending,2,False,7148__rhumphries__rbh_chain-link-fence-01,,7148__rhumphries__rbh_chain-link-fence-01,,7148__rhumphries__rbh_chain-link-fence-01,1,9,white,12
C:\Users\Cengiz\Desktop\inosens-internship\dataset\synthetic_dataset\metal_bending\7148__rhumphries__rbh_chain-link-fence-01_snr9dB_white_v45_spectrogram.png,7148__rhumphries__rbh_chain-link-fence-01_snr9dB_white_v45_spectrogram.png,metal_bending,2,False,7148__rhumphries__rbh_chain-link-fence-01,,7148__rhumphries__rbh_chain-link-fence-01,,7148__rhumphries__rbh_chain-link-fence-01,1,9,white,45
C:\Users\Cengiz\Desktop\inosens-internship\dataset\synthetic_dataset\metal_bending\7148__rhumphries__rbh_chain-link-fence-01_snr9dB_white_v8_spectrogram.png,7148__rhumphries__rbh_chain-link-fence-01_snr9dB_white_v8_spectrogram.png,metal_bending,2,False,7148__rhumphries__rbh_chain-link-fence-01,,7148__rhumphries__rbh_chain-link-fence-01,,7148__rhumphries__rbh_chain-link-fence-01,1,9,white,8
C:\Users\Cengiz\Desktop\inosens-internship\dataset\synthetic_dataset\metal_bending\7149__rhumphries__rbh_chain-link-fence-02_snr0dB_pink_v15_spectrogram.png,7149__rhumphries__rbh_chain-link-fence-02_snr0dB_pink_v15_spectrogram.png,metal_bending,2,False,7149__rhumphries__rbh_chain-link-fence-02,,7149__rhumphries__rbh_chain-link-fence-02,,7149__rhumphries__rbh_chain-link-fence-02,1,0,pink,15
C:\Users\Cengiz\Desktop\inosens-internship\dataset\synthetic_dataset\metal_bending\7149__rhumphries__rbh_chain-link-fence-02_snr0dB_white_v43_spectrogram.png,7149__rhumphries__rbh_chain-link-fence-02_snr0dB_white_v43_spectrogram.png,metal_bending,2,False,7149__rhumphries__rbh_chain-link-fence-02,,7149__rhumphries__rbh_chain-link-fence-02,,7149__rhumphries__rbh_chain-link-fence-02,1,0,white,43
C:\Users\Cengiz\Desktop\inosens-internship\dataset\synthetic_dataset\metal_bending\7149__rhumphries__rbh_chain-link-fence-02_snr10dB_pink_v27_spectrogram.png,7149__rhumphries__rbh_chain-link-fence-02_snr10dB_pink_v27_spectrogram.png,metal_bending,2,False,7149__rhumphries__rbh_chain-link-fence-02,,7149__rhumphries__rbh_chain-link-fence-02,,7149__rhumphries__rbh_chain-link-fence-02,1,10,pink,27
C:\Users\Cengiz\Desktop\inosens-internship\dataset\synthetic_dataset\metal_bending\7149__rhumphries__rbh_chain-link-fence-02_snr10dB_pink_v32_spectrogram.png,7149__rhumphries__rbh_chain-link-fence-02_snr10dB_pink_v32_spectrogram.png,metal_bending,2,False,7149__rhumphries__rbh_chain-link-fence-02,,7149__rhumphries__rbh_chain-link-fence-02,,7149__rhumphries__rbh_chain-link-fence-02,1,10,pink,32
C:\Users\Cengiz\Desktop\inosens-internship\dataset\synthetic_dataset\metal_bending\7149__rhumphries__rbh_chain-link-fence-02_snr10dB_pink_v48_spectrogram.png,7149__rhumphries__rbh_chain-link-fence-02_snr10dB_pink_v48_spectrogram.png,metal_bending,2,False,7149__rhumphries__rbh_chain-link-fence-02,,7149__rhumphries__rbh_chain-link-fence-02,,7149__rhumphries__rbh_chain-link-fence-02,1,10,pink,48
C:\Users\Cengiz\Desktop\inosens-internship\dataset\synthetic_dataset\metal_bending\7149__rhumphries__rbh_chain-link-fence-02_snr10dB_pink_v56_spectrogram.png,7149__rhumphries__rbh_chain-link-fence-02_snr10dB_pink_v56_spectrogram.png,metal_bending,2,False,7149__rhumphries__rbh_chain-link-fence-02,,7149__rhumphries__rbh_chain-link-fence-02,,7149__rhumphries__rbh_chain-link-fence-02,1,10,pink,56
C:\Users\Cengiz\Desktop\inosens-internship\dataset\synthetic_dataset\metal_bending\7149__rhumphries__rbh_chain-link-fence-02_snr10dB_white_v9_spectrogram.png,7149__rhumphries__rbh_chain-link-fence-02_snr10dB_white_v9_spectrogram.png,metal_bending,2,False,7149__rhumphries__rbh_chain-link-fence-02,,7149__rhumphries__rbh_chain-link-fence-02,,7149__rhumphries__rbh_chain-link-fence-02,1,10,white,9
C:\Users\Cengiz\Desktop\inosens-internship\dataset\synthetic_dataset\metal_bending\7149__rhumphries__rbh_chain-link-fence-02_snr12dB_pink_v18_spectrogram.png,7149__rhumphries__rbh_chain-link-fence-02_snr12dB_pink_v18_spectrogram.png,metal_bending,2,False,7149__rhumphries__rbh_chain-link-fence-02,,7149__rhumphries__rbh_chain-link-fence-02,,7149__rhumphries__rbh_chain-link-fence-02,1,12,pink,18
C:\Users\Cengiz\Desktop\inosens-internship\dataset\synthetic_dataset\metal_bending\7149__rhumphries__rbh_chain-link-fence-02_snr12dB_pink_v28_spectrogram.png,7149__rhumphries__rbh_chain-link-fence-02_snr12dB_pink_v28_spectrogram.png,metal_bending,2,False,7149__rhumphries__rbh_chain-link-fence-02,,7149__rhumphries__rbh_chain-link-fence-02,,7149__rhumphries__rbh_chain-link-fence-02,1,12,pink,28
C:\Users\Cengiz\Desktop\inosens-internship\dataset\synthetic_dataset\metal_bending\7149__rhumphries__rbh_chain-link-fence-02_snr12dB_pink_v36_spectrogram.png,7149__rhumphries__rbh_chain-link-fence-02_snr12dB_pink_v36_spectrogram.png,metal_bending,2,False,7149__rhumphries__rbh_chain-link-fence-02,,7149__rhumphries__rbh_chain-link-fence-02,,7149__rhumphries__rbh_chain-link-fence-02,1,12,pink,36
C:\Users\Cengiz\Desktop\inosens-internship\dataset\synthetic_dataset\metal_bending\7149__rhumphries__rbh_chain-link-fence-02_snr12dB_pink_v39_spectrogram.png,7149__rhumphries__rbh_chain-link-fence-02_snr12dB_pink_v39_spectrogram.png,metal_bending,2,False,7149__rhumphries__rbh_chain-link-fence-02,,7149__rhumphries__rbh_chain-link-fence-02,,7149__rhumphries__rbh_chain-link-fence-02,1,12,pink,39
C:\Users\Cengiz\Desktop\inosens-internship\dataset\synthetic_dataset\metal_bending\7149__rhumphries__rbh_chain-link-fence-02_snr13dB_pink_v2_spectrogram.png,7149__rhumphries__rbh_chain-link-fence-02_snr13dB_pink_v2_spectrogram.png,metal_bending,2,False,7149__rhumphries__rbh_chain-link-fence-02,,7149__rhumphries__rbh_chain-link-fence-02,,7149__rhumphries__rbh_chain-link-fence-02,1,13,pink,2
C:\Users\Cengiz\Desktop\inosens-internship\dataset\synthetic_dataset\metal_bending\7149__rhumphries__rbh_chain-link-fence-02_snr13dB_white_v11_spectrogram.png,7149__rhumphries__rbh_chain-link-fence-02_snr13dB_white_v11_spectrogram.png,metal_bending,2,False,7149__rhumphries__rbh_chain-link-fence-02,,7149__rhumphries__rbh_chain-link-fence-02,,7149__rhumphries__rbh_chain-link-fence-02,1,13,white,11
C:\Users\Cengiz\Desktop\inosens-internship\dataset\synthetic_dataset\metal_bending\7149__rhumphries__rbh_chain-link-fence-02_snr13dB_white_v17_spectrogram.png,7149__rhumphries__rbh_chain-link-fence-02_snr13dB_white_v17_spectrogram.png,metal_bending,2,False,7149__rhumphries__rbh_chain-link-fence-02,,7149__rhumphries__rbh_chain-link-fence-02,,7149__rhumphries__rbh_chain-link-fence-02,1,13,white,17
C:\Users\Cengiz\Desktop\inosens-internship\dataset\synthetic_dataset\metal_bending\7149__rhumphries__rbh_chain-link-fence-02_snr14dB_pink_v34_spectrogram.png,7149__rhumphries__rbh_chain-link-fence-02_snr14dB_pink_v34_spectrogram.png,metal_bending,2,False,7149__rhumphries__rbh_chain-link-fence-02,,7149__rhumphries__rbh_chain-link-fence-02,,7149__rhumphries__rbh_chain-link-fence-02,1,14,pink,34
C:\Users\Cengiz\Desktop\inosens-internship\dataset\synthetic_dataset\metal_bending\7149__rhumphries__rbh_chain-link-fence-02_snr14dB_white_v29_spectrogram.png,7149__rhumphries__rbh_chain-link-fence-02_snr14dB_white_v29_spectrogram.png,metal_bending,2,False,7149__rhumphries__rbh_chain-link-fence-02,,7149__rhumphries__rbh_chain-link-fence-02,,7149__rhumphries__rbh_chain-link-fence-02,1,14,white,29
C:\Users\Cengiz\Desktop\inosens-internship\dataset\synthetic_dataset\metal_bending\7149__rhumphries__rbh_chain-link-fence-02_snr14dB_white_v30_spectrogram.png,7149__rhumphries__rbh_chain-link-fence-02_snr14dB_white_v30_spectrogram.png,metal_bending,2,False,7149__rhumphries__rbh_chain-link-fence-02,,7149__rhumphries__rbh_chain-link-fence-02,,7149__rhumphries__rbh_chain-link-fence-02,1,14,white,30
C:\Users\Cengiz\Desktop\inosens-internship\dataset\synthetic_dataset\metal_bending\7149__rhumphries__rbh_chain-link-fence-02_snr1dB_pink_v16_spectrogram.png,7149__rhumphries__rbh_chain-link-fence-02_snr1dB_pink_v16_spectrogram.png,metal_bending,2,False,7149__rhumphries__rbh_chain-link-fence-02,,7149__rhumphries__rbh_chain-link-fence-02,,7149__rhumphries__rbh_chain-link-fence-02,1,1,pink,16
C:\Users\Cengiz\Desktop\inosens-internship\dataset\synthetic_dataset\metal_bending\7149__rhumphries__rbh_chain-link-fence-02_snr1dB_pink_v23_spectrogram.png,7149__rhumphries__rbh_chain-link-fence-02_snr1dB_pink_v23_spectrogram.png,metal_bending,2,False,7149__rhumphries__rbh_chain-link-fence-02,,7149__rhumphries__rbh_chain-link-fence-02,,7149__rhumphries__rbh_chain-link-fence-02,1,1,pink,23
C:\Users\Cengiz\Desktop\inosens-internship\dataset\synthetic_dataset\metal_bending\7149__rhumphries__rbh_chain-link-fence-02_snr1dB_pink_v26_spectrogram.png,7149__rhumphries__rbh_chain-link-fence-02_snr1dB_pink_v26_spectrogram.png,metal_bending,2,False,7149__rhumphries__rbh_chain-link-fence-02,,7149__rhumphries__rbh_chain-link-fence-02,,7149__rhumphries__rbh_chain-link-fence-02,1,1,pink,26
C:\Users\Cengiz\Desktop\inosens-internship\dataset\synthetic_dataset\metal_bending\7149__rhumphries__rbh_chain-link-fence-02_snr1dB_white_v14_spectrogram.png,7149__rhumphries__rbh_chain-link-fence-02_snr1dB_white_v14_spectrogram.png,metal_bending,2,False,7149__rhumphries__rbh_chain-link-fence-02,,7149__rhumphries__rbh_chain-link-fence-02,,7149__rhumphries__rbh_chain-link-fence-02,1,1,white,14
C:\Users\Cengiz\Desktop\inosens-internship\dataset\synthetic_dataset\metal_bending\7149__rhumphries__rbh_chain-link-fence-02_snr1dB_white_v24_spectrogram.png,7149__rhumphries__rbh_chain-link-fence-02_snr1dB_white_v24_spectrogram.png,metal_bending,2,False,7149__rhumphries__rbh_chain-link-fence-02,,7149__rhumphries__rbh_chain-link-fence-02,,7149__rhumphries__rbh_chain-link-fence-02,1,1,white,24
C:\Users\Cengiz\Desktop\inosens-internship\dataset\synthetic_dataset\metal_bending\7149__rhumphries__rbh_chain-link-fence-02_snr1dB_white_v47_spectrogram.png,7149__rhumphries__rbh_chain-link-fence-02_snr1dB_white_v47_spectrogram.png,metal_bending,2,False,7149__rhumphries__rbh_chain-link-fence-02,,7149__rhumphries__rbh_chain-link-fence-02,,7149__rhumphries__rbh_chain-link-fence-02,1,1,white,47
C:\Users\Cengiz\Desktop\inosens-internship\dataset\synthetic_dataset\metal_bending\7149__rhumphries__rbh_chain-link-fence-02_snr2dB_pink_v1_spectrogram.png,7149__rhumphries__rbh_chain-link-fence-02_snr2dB_pink_v1_spectrogram.png,metal_bending,2,False,7149__rhumphries__rbh_chain-link-fence-02,,7149__rhumphries__rbh_chain-link-fence-02,,7149__rhumphries__rbh_chain-link-fence-02,1,2,pink,1
C:\Users\Cengiz\Desktop\inosens-internship\dataset\synthetic_dataset\metal_bending\7149__rhumphries__rbh_chain-link-fence-02_snr2dB_white_v45_spectrogram.png,7149__rhumphries__rbh_chain-link-fence-02_snr2dB_white_v45_spectrogram.png,metal_bending,2,False,7149__rhumphries__rbh_chain-link-fence-02,,7149__rhumphries__rbh_chain-link-fence-02,,7149__rhumphries__rbh_chain-link-fence-02,1,2,white,45
C:\Users\Cengiz\Desktop\inosens-internship\dataset\synthetic_dataset\metal_bending\7149__rhumphries__rbh_chain-link-fence-02_snr3dB_pink_v33_spectrogram.png,7149__rhumphries__rbh_chain-link-fence-02_snr3dB_pink_v33_spectrogram.png,metal_bending,2,False,7149__rhumphries__rbh_chain-link-fence-02,,7149__rhumphries__rbh_chain-link-fence-02,,7149__rhumphries__rbh_chain-link-fence-02,1,3,pink,33
C:\Users\Cengiz\Desktop\inosens-internship\dataset\synthetic_dataset\metal_bending\7149__rhumphries__rbh_chain-link-fence-02_snr3dB_pink_v42_spectrogram.png,7149__rhumphries__rbh_chain-link-fence-02_snr3dB_pink_v42_spectrogram.png,metal_bending,2,False,7149__rhumphries__rbh_chain-link-fence-02,,7149__rhumphries__rbh_chain-link-fence-02,,7149__rhumphries__rbh_chain-link-fence-02,1,3,pink,42
C:\Users\Cengiz\Desktop\inosens-internship\dataset\synthetic_dataset\metal_bending\7149__rhumphries__rbh_chain-link-fence-02_snr3dB_white_v12_spectrogram.png,7149__rhumphries__rbh_chain-link-fence-02_snr3dB_white_v12_spectrogram.png,metal_bending,2,False,7149__rhumphries__rbh_chain-link-fence-02,,7149__rhumphries__rbh_chain-link-fence-02,,7149__rhumphries__rbh_chain-link-fence-02,1,3,white,12
C:\Users\Cengiz\Desktop\inosens-internship\dataset\synthetic_dataset\metal_bending\7149__rhumphries__rbh_chain-link-fence-02_snr3dB_white_v3_spectrogram.png,7149__rhumphries__rbh_chain-link-fence-02_snr3dB_white_v3_spectrogram.png,metal_bending,2,False,7149__rhumphries__rbh_chain-link-fence-02,,7149__rhumphries__rbh_chain-link-fence-02,,7149__rhumphries__rbh_chain-link-fence-02,1,3,white,3
C:\Users\Cengiz\Desktop\inosens-internship\dataset\synthetic_dataset\metal_bending\7149__rhumphries__rbh_chain-link-fence-02_snr3dB_white_v53_spectrogram.png,7149__rhumphries__rbh_chain-link-fence-02_snr3dB_white_v53_spectrogram.png,metal_bending,2,False,7149__rhumphries__rbh_chain-link-fence-02,,7149__rhumphries__rbh_chain-link-fence-02,,7149__rhumphries__rbh_chain-link-fence-02,1,3,white,53
C:\Users\Cengiz\Desktop\inosens-internship\dataset\synthetic_dataset\metal_bending\7149__rhumphries__rbh_chain-link-fence-02_snr3dB_white_v7_spectrogram.png,7149__rhumphries__rbh_chain-link-fence-02_snr3dB_white_v7_spectrogram.png,metal_bending,2,False,7149__rhumphries__rbh_chain-link-fence-02,,7149__rhumphries__rbh_chain-link-fence-02,,7149__rhumphries__rbh_chain-link-fence-02,1,3,white,7
C:\Users\Cengiz\Desktop\inosens-internship\dataset\synthetic_dataset\metal_bending\7149__rhumphries__rbh_chain-link-fence-02_snr4dB_pink_v25_spectrogram.png,7149__rhumphries__rbh_chain-link-fence-02_snr4dB_pink_v25_spectrogram.png,metal_bending,2,False,7149__rhumphries__rbh_chain-link-fence-02,,7149__rhumphries__rbh_chain-link-fence-02,,7149__rhumphries__rbh_chain-link-fence-02,1,4,pink,25
C:\Users\Cengiz\Desktop\inosens-internship\dataset\synthetic_dataset\metal_bending\7149__rhumphries__rbh_chain-link-fence-02_snr4dB_pink_v37_spectrogram.png,7149__rhumphries__rbh_chain-link-fence-02_snr4dB_pink_v37_spectrogram.png,metal_bending,2,False,7149__rhumphries__rbh_chain-link-fence-02,,7149__rhumphries__rbh_chain-link-fence-02,,7149__rhumphries__rbh_chain-link-fence-02,1,4,pink,37
C:\Users\Cengiz\Desktop\inosens-internship\dataset\synthetic_dataset\metal_bending\7149__rhumphries__rbh_chain-link-fence-02_snr4dB_pink_v44_spectrogram.png,7149__rhumphries__rbh_chain-link-fence-02_snr4dB_pink_v44_spectrogram.png,metal_bending,2,False,7149__rhumphries__rbh_chain-link-fence-02,,7149__rhumphries__rbh_chain-link-fence-02,,7149__rhumphries__rbh_chain-link-fence-02,1,4,pink,44
C:\Users\Cengiz\Desktop\inosens-internship\dataset\synthetic_dataset\metal_bending\7149__rhumphries__rbh_chain-link-fence-02_snr4dB_white_v20_spectrogram.png,7149__rhumphries__rbh_chain-link-fence-02_snr4dB_white_v20_spectrogram.png,metal_bending,2,False,7149__rhumphries__rbh_chain-link-fence-02,,7149__rhumphries__rbh_chain-link-fence-02,,7149__rhumphries__rbh_chain-link-fence-02,1,4,white,20
C:\Users\Cengiz\Desktop\inosens-internship\dataset\synthetic_dataset\metal_bending\7149__rhumphries__rbh_chain-link-fence-02_snr4dB_white_v41_spectrogram.png,7149__rhumphries__rbh_chain-link-fence-02_snr4dB_white_v41_spectrogram.png,metal_bending,2,False,7149__rhumphries__rbh_chain-link-fence-02,,7149__rhumphries__rbh_chain-link-fence-02,,7149__rhumphries__rbh_chain-link-fence-02,1,4,white,41
C:\Users\Cengiz\Desktop\inosens-internship\dataset\synthetic_dataset\metal_bending\7149__rhumphries__rbh_chain-link-fence-02_snr4dB_white_v5_spectrogram.png,7149__rhumphries__rbh_chain-link-fence-02_snr4dB_white_v5_spectrogram.png,metal_bending,2,False,7149__rhumphries__rbh_chain-link-fence-02,,7149__rhumphries__rbh_chain-link-fence-02,,7149__rhumphries__rbh_chain-link-fence-02,1,4,white,5
C:\Users\Cengiz\Desktop\inosens-internship\dataset\synthetic_dataset\metal_bending\7149__rhumphries__rbh_chain-link-fence-02_snr5dB_pink_v13_spectrogram.png,7149__rhumphries__rbh_chain-link-fence-02_snr5dB_pink_v13_spectrogram.png,metal_bending,2,False,7149__rhumphries__rbh_chain-link-fence-02,,7149__rhumphries__rbh_chain-link-fence-02,,7149__rhumphries__rbh_chain-link-fence-02,1,5,pink,13
C:\Users\Cengiz\Desktop\inosens-internship\dataset\synthetic_dataset\metal_bending\7149__rhumphries__rbh_chain-link-fence-02_snr5dB_pink_v31_spectrogram.png,7149__rhumphries__rbh_chain-link-fence-02_snr5dB_pink_v31_spectrogram.png,metal_bending,2,False,7149__rhumphries__rbh_chain-link-fence-02,,7149__rhumphries__rbh_chain-link-fence-02,,7149__rhumphries__rbh_chain-link-fence-02,1,5,pink,31
C:\Users\Cengiz\Desktop\inosens-internship\dataset\synthetic_dataset\metal_bending\7149__rhumphries__rbh_chain-link-fence-02_snr5dB_white_v0_spectrogram.png,7149__rhumphries__rbh_chain-link-fence-02_snr5dB_white_v0_spectrogram.png,metal_bending,2,False,7149__rhumphries__rbh_chain-link-fence-02,,7149__rhumphries__rbh_chain-link-fence-02,,7149__rhumphries__rbh_chain-link-fence-02,1,5,white,0
C:\Users\Cengiz\Desktop\inosens-internship\dataset\synthetic_dataset\metal_bending\7149__rhumphries__rbh_chain-link-fence-02_snr5dB_white_v6_spectrogram.png,7149__rhumphries__rbh_chain-link-fence-02_snr5dB_white_v6_spectrogram.png,metal_bending,2,False,7149__rhumphries__rbh_chain-link-fence-02,,7149__rhumphries__rbh_chain-link-fence-02,,7149__rhumphries__rbh_chain-link-fence-02,1,5,white,6
C:\Users\Cengiz\Desktop\inosens-internship\dataset\synthetic_dataset\metal_bending\7149__rhumphries__rbh_chain-link-fence-02_snr6dB_pink_v35_spectrogram.png,7149__rhumphries__rbh_chain-link-fence-02_snr6dB_pink_v35_spectrogram.png,metal_bending,2,False,7149__rhumphries__rbh_chain-link-fence-02,,7149__rhumphries__rbh_chain-link-fence-02,,7149__rhumphries__rbh_chain-link-fence-02,1,6,pink,35
C:\Users\Cengiz\Desktop\inosens-internship\dataset\synthetic_dataset\metal_bending\7149__rhumphries__rbh_chain-link-fence-02_snr6dB_pink_v46_spectrogram.png,7149__rhumphries__rbh_chain-link-fence-02_snr6dB_pink_v46_spectrogram.png,metal_bending,2,False,7149__rhumphries__rbh_chain-link-fence-02,,7149__rhumphries__rbh_chain-link-fence-02,,7149__rhumphries__rbh_chain-link-fence-02,1,6,pink,46
C:\Users\Cengiz\Desktop\inosens-internship\dataset\synthetic_dataset\metal_bending\7149__rhumphries__rbh_chain-link-fence-02_snr6dB_pink_v49_spectrogram.png,7149__rhumphries__rbh_chain-link-fence-02_snr6dB_pink_v49_spectrogram.png,metal_bending,2,False,7149__rhumphries__rbh_chain-link-fence-02,,7149__rhumphries__rbh_chain-link-fence-02,,7149__rhumphries__rbh_chain-link-fence-02,1,6,pink,49
C:\Users\Cengiz\Desktop\inosens-internship\dataset\synthetic_dataset\metal_bending\7149__rhumphries__rbh_chain-link-fence-02_snr6dB_pink_v52_spectrogram.png,7149__rhumphries__rbh_chain-link-fence-02_snr6dB_pink_v52_spectrogram.png,metal_bending,2,False,7149__rhumphries__rbh_chain-link-fence-02,,7149__rhumphries__rbh_chain-link-fence-02,,7149__rhumphries__rbh_chain-link-fence-02,1,6,pink,52
C:\Users\Cengiz\Desktop\inosens-internship\dataset\synthetic_dataset\metal_bending\7149__rhumphries__rbh_chain-link-fence-02_snr6dB_pink_v8_spectrogram.png,7149__rhumphries__rbh_chain-link-fence-02_snr6dB_pink_v8_spectrogram.png,metal_bending,2,False,7149__rhumphries__rbh_chain-link-fence-02,,7149__rhumphries__rbh_chain-link-fence-02,,7149__rhumphries__rbh_chain-link-fence-02,1,6,pink,8
C:\Users\Cengiz\Desktop\inosens-internship\dataset\synthetic_dataset\metal_bending\7149__rhumphries__rbh_chain-link-fence-02_snr6dB_white_v38_spectrogram.png,7149__rhumphries__rbh_chain-link-fence-02_snr6dB_white_v38_spectrogram.png,metal_bending,2,False,7149__rhumphries__rbh_chain-link-fence-02,,7149__rhumphries__rbh_chain-link-fence-02,,7149__rhumphries__rbh_chain-link-fence-02,1,6,white,38
C:\Users\Cengiz\Desktop\inosens-internship\dataset\synthetic_dataset\metal_bending\7149__rhumphries__rbh_chain-link-fence-02_snr7dB_white_v22_spectrogram.png,7149__rhumphries__rbh_chain-link-fence-02_snr7dB_white_v22_spectrogram.png,metal_bending,2,False,7149__rhumphries__rbh_chain-link-fence-02,,7149__rhumphries__rbh_chain-link-fence-02,,7149__rhumphries__rbh_chain-link-fence-02,1,7,white,22
C:\Users\Cengiz\Desktop\inosens-internship\dataset\synthetic_dataset\metal_bending\7149__rhumphries__rbh_chain-link-fence-02_snr8dB_white_v19_spectrogram.png,7149__rhumphries__rbh_chain-link-fence-02_snr8dB_white_v19_spectrogram.png,metal_bending,2,False,7149__rhumphries__rbh_chain-link-fence-02,,7149__rhumphries__rbh_chain-link-fence-02,,7149__rhumphries__rbh_chain-link-fence-02,1,8,white,19
C:\Users\Cengiz\Desktop\inosens-internship\dataset\synthetic_dataset\metal_bending\7149__rhumphries__rbh_chain-link-fence-02_snr8dB_white_v50_spectrogram.png,7149__rhumphries__rbh_chain-link-fence-02_snr8dB_white_v50_spectrogram.png,metal_bending,2,False,7149__rhumphries__rbh_chain-link-fence-02,,7149__rhumphries__rbh_chain-link-fence-02,,7149__rhumphries__rbh_chain-link-fence-02,1,8,white,50
C:\Users\Cengiz\Desktop\inosens-internship\dataset\synthetic_dataset\metal_bending\7149__rhumphries__rbh_chain-link-fence-02_snr8dB_white_v51_spectrogram.png,7149__rhumphries__rbh_chain-link-fence-02_snr8dB_white_v51_spectrogram.png,metal_bending,2,False,7149__rhumphries__rbh_chain-link-fence-02,,7149__rhumphries__rbh_chain-link-fence-02,,7149__rhumphries__rbh_chain-link-fence-02,1,8,white,51
C:\Users\Cengiz\Desktop\inosens-internship\dataset\synthetic_dataset\metal_bending\7149__rhumphries__rbh_chain-link-fence-02_snr8dB_white_v54_spectrogram.png,7149__rhumphries__rbh_chain-link-fence-02_snr8dB_white_v54_spectrogram.png,metal_bending,2,False,7149__rhumphries__rbh_chain-link-fence-02,,7149__rhumphries__rbh_chain-link-fence-02,,7149__rhumphries__rbh_chain-link-fence-02,1,8,white,54
C:\Users\Cengiz\Desktop\inosens-internship\dataset\synthetic_dataset\metal_bending\7149__rhumphries__rbh_chain-link-fence-02_snr8dB_white_v55_spectrogram.png,7149__rhumphries__rbh_chain-link-fence-02_snr8dB_white_v55_spectrogram.png,metal_bending,2,False,7149__rhumphries__rbh_chain-link-fence-02,,7149__rhumphries__rbh_chain-link-fence-02,,7149__rhumphries__rbh_chain-link-fence-02,1,8,white,55
C:\Users\Cengiz\Desktop\inosens-internship\dataset\synthetic_dataset\metal_bending\7149__rhumphries__rbh_chain-link-fence-02_snr9dB_pink_v10_spectrogram.png,7149__rhumphries__rbh_chain-link-fence-02_snr9dB_pink_v10_spectrogram.png,metal_bending,2,False,7149__rhumphries__rbh_chain-link-fence-02,,7149__rhumphries__rbh_chain-link-fence-02,,7149__rhumphries__rbh_chain-link-fence-02,1,9,pink,10
C:\Users\Cengiz\Desktop\inosens-internship\dataset\synthetic_dataset\metal_bending\7149__rhumphries__rbh_chain-link-fence-02_snr9dB_pink_v40_spectrogram.png,7149__rhumphries__rbh_chain-link-fence-02_snr9dB_pink_v40_spectrogram.png,metal_bending,2,False,7149__rhumphries__rbh_chain-link-fence-02,,7149__rhumphries__rbh_chain-link-fence-02,,7149__rhumphries__rbh_chain-link-fence-02,1,9,pink,40
C:\Users\Cengiz\Desktop\inosens-internship\dataset\synthetic_dataset\metal_bending\7149__rhumphries__rbh_chain-link-fence-02_snr9dB_pink_v4_spectrogram.png,7149__rhumphries__rbh_chain-link-fence-02_snr9dB_pink_v4_spectrogram.png,metal_bending,2,False,7149__rhumphries__rbh_chain-link-fence-02,,7149__rhumphries__rbh_chain-link-fence-02,,7149__rhumphries__rbh_chain-link-fence-02,1,9,pink,4
C:\Users\Cengiz\Desktop\inosens-internship\dataset\synthetic_dataset\metal_bending\7149__rhumphries__rbh_chain-link-fence-02_snr9dB_pink_v57_spectrogram.png,7149__rhumphries__rbh_chain-link-fence-02_snr9dB_pink_v57_spectrogram.png,metal_bending,2,False,7149__rhumphries__rbh_chain-link-fence-02,,7149__rhumphries__rbh_chain-link-fence-02,,7149__rhumphries__rbh_chain-link-fence-02,1,9,pink,57
C:\Users\Cengiz\Desktop\inosens-internship\dataset\synthetic_dataset\metal_bending\7149__rhumphries__rbh_chain-link-fence-02_snr9dB_white_v21_spectrogram.png,7149__rhumphries__rbh_chain-link-fence-02_snr9dB_white_v21_spectrogram.png,metal_bending,2,False,7149__rhumphries__rbh_chain-link-fence-02,,7149__rhumphries__rbh_chain-link-fence-02,,7149__rhumphries__rbh_chain-link-fence-02,1,9,white,21
C:\Users\Cengiz\Desktop\inosens-internship\dataset\synthetic_dataset\metal_bending\7150__rhumphries__rbh_chain-link-fence-03_snr0dB_pink_v21_spectrogram.png,7150__rhumphries__rbh_chain-link-fence-03_snr0dB_pink_v21_spectrogram.png,metal_bending,2,False,7150__rhumphries__rbh_chain-link-fence-03,,7150__rhumphries__rbh_chain-link-fence-03,,7150__rhumphries__rbh_chain-link-fence-03,1,0,pink,21
C:\Users\Cengiz\Desktop\inosens-internship\dataset\synthetic_dataset\metal_bending\7150__rhumphries__rbh_chain-link-fence-03_snr0dB_pink_v31_spectrogram.png,7150__rhumphries__rbh_chain-link-fence-03_snr0dB_pink_v31_spectrogram.png,metal_bending,2,False,7150__rhumphries__rbh_chain-link-fence-03,,7150__rhumphries__rbh_chain-link-fence-03,,7150__rhumphries__rbh_chain-link-fence-03,1,0,pink,31
C:\Users\Cengiz\Desktop\inosens-internship\dataset\synthetic_dataset\metal_bending\7150__rhumphries__rbh_chain-link-fence-03_snr0dB_pink_v50_spectrogram.png,7150__rhumphries__rbh_chain-link-fence-03_snr0dB_pink_v50_spectrogram.png,metal_bending,2,False,7150__rhumphries__rbh_chain-link-fence-03,,7150__rhumphries__rbh_chain-link-fence-03,,7150__rhumphries__rbh_chain-link-fence-03,1,0,pink,50
C:\Users\Cengiz\Desktop\inosens-internship\dataset\synthetic_dataset\metal_bending\7150__rhumphries__rbh_chain-link-fence-03_snr0dB_white_v34_spectrogram.png,7150__rhumphries__rbh_chain-link-fence-03_snr0dB_white_v34_spectrogram.png,metal_bending,2,False,7150__rhumphries__rbh_chain-link-fence-03,,7150__rhumphries__rbh_chain-link-fence-03,,7150__rhumphries__rbh_chain-link-fence-03,1,0,white,34
C:\Users\Cengiz\Desktop\inosens-internship\dataset\synthetic_dataset\metal_bending\7150__rhumphries__rbh_chain-link-fence-03_snr0dB_white_v46_spectrogram.png,7150__rhumphries__rbh_chain-link-fence-03_snr0dB_white_v46_spectrogram.png,metal_bending,2,False,7150__rhumphries__rbh_chain-link-fence-03,,7150__rhumphries__rbh_chain-link-fence-03,,7150__rhumphries__rbh_chain-link-fence-03,1,0,white,46
C:\Users\Cengiz\Desktop\inosens-internship\dataset\synthetic_dataset\metal_bending\7150__rhumphries__rbh_chain-link-fence-03_snr0dB_white_v54_spectrogram.png,7150__rhumphries__rbh_chain-link-fence-03_snr0dB_white_v54_spectrogram.png,metal_bending,2,False,7150__rhumphries__rbh_chain-link-fence-03,,7150__rhumphries__rbh_chain-link-fence-03,,7150__rhumphries__rbh_chain-link-fence-03,1,0,white,54
C:\Users\Cengiz\Desktop\inosens-internship\dataset\synthetic_dataset\metal_bending\7150__rhumphries__rbh_chain-link-fence-03_snr10dB_white_v57_spectrogram.png,7150__rhumphries__rbh_chain-link-fence-03_snr10dB_white_v57_spectrogram.png,metal_bending,2,False,7150__rhumphries__rbh_chain-link-fence-03,,7150__rhumphries__rbh_chain-link-fence-03,,7150__rhumphries__rbh_chain-link-fence-03,1,10,white,57
C:\Users\Cengiz\Desktop\inosens-internship\dataset\synthetic_dataset\metal_bending\7150__rhumphries__rbh_chain-link-fence-03_snr11dB_pink_v1_spectrogram.png,7150__rhumphries__rbh_chain-link-fence-03_snr11dB_pink_v1_spectrogram.png,metal_bending,2,False,7150__rhumphries__rbh_chain-link-fence-03,,7150__rhumphries__rbh_chain-link-fence-03,,7150__rhumphries__rbh_chain-link-fence-03,1,11,pink,1
C:\Users\Cengiz\Desktop\inosens-internship\dataset\synthetic_dataset\metal_bending\7150__rhumphries__rbh_chain-link-fence-03_snr11dB_pink_v42_spectrogram.png,7150__rhumphries__rbh_chain-link-fence-03_snr11dB_pink_v42_spectrogram.png,metal_bending,2,False,7150__rhumphries__rbh_chain-link-fence-03,,7150__rhumphries__rbh_chain-link-fence-03,,7150__rhumphries__rbh_chain-link-fence-03,1,11,pink,42
C:\Users\Cengiz\Desktop\inosens-internship\dataset\synthetic_dataset\metal_bending\7150__rhumphries__rbh_chain-link-fence-03_snr11dB_pink_v48_spectrogram.png,7150__rhumphries__rbh_chain-link-fence-03_snr11dB_pink_v48_spectrogram.png,metal_bending,2,False,7150__rhumphries__rbh_chain-link-fence-03,,7150__rhumphries__rbh_chain-link-fence-03,,7150__rhumphries__rbh_chain-link-fence-03,1,11,pink,48
C:\Users\Cengiz\Desktop\inosens-internship\dataset\synthetic_dataset\metal_bending\7150__rhumphries__rbh_chain-link-fence-03_snr11dB_pink_v9_spectrogram.png,7150__rhumphries__rbh_chain-link-fence-03_snr11dB_pink_v9_spectrogram.png,metal_bending,2,False,7150__rhumphries__rbh_chain-link-fence-03,,7150__rhumphries__rbh_chain-link-fence-03,,7150__rhumphries__rbh_chain-link-fence-03,1,11,pink,9
C:\Users\Cengiz\Desktop\inosens-internship\dataset\synthetic_dataset\metal_bending\7150__rhumphries__rbh_chain-link-fence-03_snr11dB_white_v30_spectrogram.png,7150__rhumphries__rbh_chain-link-fence-03_snr11dB_white_v30_spectrogram.png,metal_bending,2,False,7150__rhumphries__rbh_chain-link-fence-03,,7150__rhumphries__rbh_chain-link-fence-03,,7150__rhumphries__rbh_chain-link-fence-03,1,11,white,30
C:\Users\Cengiz\Desktop\inosens-internship\dataset\synthetic_dataset\metal_bending\7150__rhumphries__rbh_chain-link-fence-03_snr11dB_white_v38_spectrogram.png,7150__rhumphries__rbh_chain-link-fence-03_snr11dB_white_v38_spectrogram.png,metal_bending,2,False,7150__rhumphries__rbh_chain-link-fence-03,,7150__rhumphries__rbh_chain-link-fence-03,,7150__rhumphries__rbh_chain-link-fence-03,1,11,white,38
C:\Users\Cengiz\Desktop\inosens-internship\dataset\synthetic_dataset\metal_bending\7150__rhumphries__rbh_chain-link-fence-03_snr11dB_white_v52_spectrogram.png,7150__rhumphries__rbh_chain-link-fence-03_snr11dB_white_v52_spectrogram.png,metal_bending,2,False,7150__rhumphries__rbh_chain-link-fence-03,,7150__rhumphries__rbh_chain-link-fence-03,,7150__rhumphries__rbh_chain-link-fence-03,1,11,white,52
C:\Users\Cengiz\Desktop\inosens-internship\dataset\synthetic_dataset\metal_bending\7150__rhumphries__rbh_chain-link-fence-03_snr12dB_pink_v13_spectrogram.png,7150__rhumphries__rbh_chain-link-fence-03_snr12dB_pink_v13_spectrogram.png,metal_bending,2,False,7150__rhumphries__rbh_chain-link-fence-03,,7150__rhumphries__rbh_chain-link-fence-03,,7150__rhumphries__rbh_chain-link-fence-03,1,12,pink,13
C:\Users\Cengiz\Desktop\inosens-internship\dataset\synthetic_dataset\metal_bending\7150__rhumphries__rbh_chain-link-fence-03_snr12dB_pink_v37_spectrogram.png,7150__rhumphries__rbh_chain-link-fence-03_snr12dB_pink_v37_spectrogram.png,metal_bending,2,False,7150__rhumphries__rbh_chain-link-fence-03,,7150__rhumphries__rbh_chain-link-fence-03,,7150__rhumphries__rbh_chain-link-fence-03,1,12,pink,37
C:\Users\Cengiz\Desktop\inosens-internship\dataset\synthetic_dataset\metal_bending\7150__rhumphries__rbh_chain-link-fence-03_snr12dB_white_v27_spectrogram.png,7150__rhumphries__rbh_chain-link-fence-03_snr12dB_white_v27_spectrogram.png,metal_bending,2,False,7150__rhumphries__rbh_chain-link-fence-03,,7150__rhumphries__rbh_chain-link-fence-03,,7150__rhumphries__rbh_chain-link-fence-03,1,12,white,27
C:\Users\Cengiz\Desktop\inosens-internship\dataset\synthetic_dataset\metal_bending\7150__rhumphries__rbh_chain-link-fence-03_snr14dB_pink_v11_spectrogram.png,7150__rhumphries__rbh_chain-link-fence-03_snr14dB_pink_v11_spectrogram.png,metal_bending,2,False,7150__rhumphries__rbh_chain-link-fence-03,,7150__rhumphries__rbh_chain-link-fence-03,,7150__rhumphries__rbh_chain-link-fence-03,1,14,pink,11
C:\Users\Cengiz\Desktop\inosens-internship\dataset\synthetic_dataset\metal_bending\7150__rhumphries__rbh_chain-link-fence-03_snr14dB_pink_v17_spectrogram.png,7150__rhumphries__rbh_chain-link-fence-03_snr14dB_pink_v17_spectrogram.png,metal_bending,2,False,7150__rhumphries__rbh_chain-link-fence-03,,7150__rhumphries__rbh_chain-link-fence-03,,7150__rhumphries__rbh_chain-link-fence-03,1,14,pink,17
C:\Users\Cengiz\Desktop\inosens-internship\dataset\synthetic_dataset\metal_bending\7150__rhumphries__rbh_chain-link-fence-03_snr14dB_pink_v4_spectrogram.png,7150__rhumphries__rbh_chain-link-fence-03_snr14dB_pink_v4_spectrogram.png,metal_bending,2,False,7150__rhumphries__rbh_chain-link-fence-03,,7150__rhumphries__rbh_chain-link-fence-03,,7150__rhumphries__rbh_chain-link-fence-03,1,14,pink,4
C:\Users\Cengiz\Desktop\inosens-internship\dataset\synthetic_dataset\metal_bending\7150__rhumphries__rbh_chain-link-fence-03_snr14dB_white_v20_spectrogram.png,7150__rhumphries__rbh_chain-link-fence-03_snr14dB_white_v20_spectrogram.png,metal_bending,2,False,7150__rhumphries__rbh_chain-link-fence-03,,7150__rhumphries__rbh_chain-link-fence-03,,7150__rhumphries__rbh_chain-link-fence-03,1,14,white,20
C:\Users\Cengiz\Desktop\inosens-internship\dataset\synthetic_dataset\metal_bending\7150__rhumphries__rbh_chain-link-fence-03_snr14dB_white_v25_spectrogram.png,7150__rhumphries__rbh_chain-link-fence-03_snr14dB_white_v25_spectrogram.png,metal_bending,2,False,7150__rhumphries__rbh_chain-link-fence-03,,7150__rhumphries__rbh_chain-link-fence-03,,7150__rhumphries__rbh_chain-link-fence-03,1,14,white,25
C:\Users\Cengiz\Desktop\inosens-internship\dataset\synthetic_dataset\metal_bending\7150__rhumphries__rbh_chain-link-fence-03_snr14dB_white_v55_spectrogram.png,7150__rhumphries__rbh_chain-link-fence-03_snr14dB_white_v55_spectrogram.png,metal_bending,2,False,7150__rhumphries__rbh_chain-link-fence-03,,7150__rhumphries__rbh_chain-link-fence-03,,7150__rhumphries__rbh_chain-link-fence-03,1,14,white,55
C:\Users\Cengiz\Desktop\inosens-internship\dataset\synthetic_dataset\metal_bending\7150__rhumphries__rbh_chain-link-fence-03_snr15dB_pink_v29_spectrogram.png,7150__rhumphries__rbh_chain-link-fence-03_snr15dB_pink_v29_spectrogram.png,metal_bending,2,False,7150__rhumphries__rbh_chain-link-fence-03,,7150__rhumphries__rbh_chain-link-fence-03,,7150__rhumphries__rbh_chain-link-fence-03,1,15,pink,29
C:\Users\Cengiz\Desktop\inosens-internship\dataset\synthetic_dataset\metal_bending\7150__rhumphries__rbh_chain-link-fence-03_snr15dB_pink_v7_spectrogram.png,7150__rhumphries__rbh_chain-link-fence-03_snr15dB_pink_v7_spectrogram.png,metal_bending,2,False,7150__rhumphries__rbh_chain-link-fence-03,,7150__rhumphries__rbh_chain-link-fence-03,,7150__rhumphries__rbh_chain-link-fence-03,1,15,pink,7
C:\Users\Cengiz\Desktop\inosens-internship\dataset\synthetic_dataset\metal_bending\7150__rhumphries__rbh_chain-link-fence-03_snr1dB_pink_v12_spectrogram.png,7150__rhumphries__rbh_chain-link-fence-03_snr1dB_pink_v12_spectrogram.png,metal_bending,2,False,7150__rhumphries__rbh_chain-link-fence-03,,7150__rhumphries__rbh_chain-link-fence-03,,7150__rhumphries__rbh_chain-link-fence-03,1,1,pink,12
C:\Users\Cengiz\Desktop\inosens-internship\dataset\synthetic_dataset\metal_bending\7150__rhumphries__rbh_chain-link-fence-03_snr1dB_pink_v44_spectrogram.png,7150__rhumphries__rbh_chain-link-fence-03_snr1dB_pink_v44_spectrogram.png,metal_bending,2,False,7150__rhumphries__rbh_chain-link-fence-03,,7150__rhumphries__rbh_chain-link-fence-03,,7150__rhumphries__rbh_chain-link-fence-03,1,1,pink,44
C:\Users\Cengiz\Desktop\inosens-internship\dataset\synthetic_dataset\metal_bending\7150__rhumphries__rbh_chain-link-fence-03_snr1dB_white_v0_spectrogram.png,7150__rhumphries__rbh_chain-link-fence-03_snr1dB_white_v0_spectrogram.png,metal_bending,2,False,7150__rhumphries__rbh_chain-link-fence-03,,7150__rhumphries__rbh_chain-link-fence-03,,7150__rhumphries__rbh_chain-link-fence-03,1,1,white,0
C:\Users\Cengiz\Desktop\inosens-internship\dataset\synthetic_dataset\metal_bending\7150__rhumphries__rbh_chain-link-fence-03_snr1dB_white_v26_spectrogram.png,7150__rhumphries__rbh_chain-link-fence-03_snr1dB_white_v26_spectrogram.png,metal_bending,2,False,7150__rhumphries__rbh_chain-link-fence-03,,7150__rhumphries__rbh_chain-link-fence-03,,7150__rhumphries__rbh_chain-link-fence-03,1,1,white,26
C:\Users\Cengiz\Desktop\inosens-internship\dataset\synthetic_dataset\metal_bending\7150__rhumphries__rbh_chain-link-fence-03_snr1dB_white_v32_spectrogram.png,7150__rhumphries__rbh_chain-link-fence-03_snr1dB_white_v32_spectrogram.png,metal_bending,2,False,7150__rhumphries__rbh_chain-link-fence-03,,7150__rhumphries__rbh_chain-link-fence-03,,7150__rhumphries__rbh_chain-link-fence-03,1,1,white,32
C:\Users\Cengiz\Desktop\inosens-internship\dataset\synthetic_dataset\metal_bending\7150__rhumphries__rbh_chain-link-fence-03_snr1dB_white_v56_spectrogram.png,7150__rhumphries__rbh_chain-link-fence-03_snr1dB_white_v56_spectrogram.png,metal_bending,2,False,7150__rhumphries__rbh_chain-link-fence-03,,7150__rhumphries__rbh_chain-link-fence-03,,7150__rhumphries__rbh_chain-link-fence-03,1,1,white,56
C:\Users\Cengiz\Desktop\inosens-internship\dataset\synthetic_dataset\metal_bending\7150__rhumphries__rbh_chain-link-fence-03_snr1dB_white_v5_spectrogram.png,7150__rhumphries__rbh_chain-link-fence-03_snr1dB_white_v5_spectrogram.png,metal_bending,2,False,7150__rhumphries__rbh_chain-link-fence-03,,7150__rhumphries__rbh_chain-link-fence-03,,7150__rhumphries__rbh_chain-link-fence-03,1,1,white,5
C:\Users\Cengiz\Desktop\inosens-internship\dataset\synthetic_dataset\metal_bending\7150__rhumphries__rbh_chain-link-fence-03_snr2dB_pink_v19_spectrogram.png,7150__rhumphries__rbh_chain-link-fence-03_snr2dB_pink_v19_spectrogram.png,metal_bending,2,False,7150__rhumphries__rbh_chain-link-fence-03,,7150__rhumphries__rbh_chain-link-fence-03,,7150__rhumphries__rbh_chain-link-fence-03,1,2,pink,19
C:\Users\Cengiz\Desktop\inosens-internship\dataset\synthetic_dataset\metal_bending\7150__rhumphries__rbh_chain-link-fence-03_snr2dB_pink_v41_spectrogram.png,7150__rhumphries__rbh_chain-link-fence-03_snr2dB_pink_v41_spectrogram.png,metal_bending,2,False,7150__rhumphries__rbh_chain-link-fence-03,,7150__rhumphries__rbh_chain-link-fence-03,,7150__rhumphries__rbh_chain-link-fence-03,1,2,pink,41
C:\Users\Cengiz\Desktop\inosens-internship\dataset\synthetic_dataset\metal_bending\7150__rhumphries__rbh_chain-link-fence-03_snr2dB_white_v39_spectrogram.png,7150__rhumphries__rbh_chain-link-fence-03_snr2dB_white_v39_spectrogram.png,metal_bending,2,False,7150__rhumphries__rbh_chain-link-fence-03,,7150__rhumphries__rbh_chain-link-fence-03,,7150__rhumphries__rbh_chain-link-fence-03,1,2,white,39
C:\Users\Cengiz\Desktop\inosens-internship\dataset\synthetic_dataset\metal_bending\7150__rhumphries__rbh_chain-link-fence-03_snr3dB_white_v24_spectrogram.png,7150__rhumphries__rbh_chain-link-fence-03_snr3dB_white_v24_spectrogram.png,metal_bending,2,False,7150__rhumphries__rbh_chain-link-fence-03,,7150__rhumphries__rbh_chain-link-fence-03,,7150__rhumphries__rbh_chain-link-fence-03,1,3,white,24
C:\Users\Cengiz\Desktop\inosens-internship\dataset\synthetic_dataset\metal_bending\7150__rhumphries__rbh_chain-link-fence-03_snr3dB_white_v45_spectrogram.png,7150__rhumphries__rbh_chain-link-fence-03_snr3dB_white_v45_spectrogram.png,metal_bending,2,False,7150__rhumphries__rbh_chain-link-fence-03,,7150__rhumphries__rbh_chain-link-fence-03,,7150__rhumphries__rbh_chain-link-fence-03,1,3,white,45
C:\Users\Cengiz\Desktop\inosens-internship\dataset\synthetic_dataset\metal_bending\7150__rhumphries__rbh_chain-link-fence-03_snr3dB_white_v53_spectrogram.png,7150__rhumphries__rbh_chain-link-fence-03_snr3dB_white_v53_spectrogram.png,metal_bending,2,False,7150__rhumphries__rbh_chain-link-fence-03,,7150__rhumphries__rbh_chain-link-fence-03,,7150__rhumphries__rbh_chain-link-fence-03,1,3,white,53
C:\Users\Cengiz\Desktop\inosens-internship\dataset\synthetic_dataset\metal_bending\7150__rhumphries__rbh_chain-link-fence-03_snr4dB_pink_v18_spectrogram.png,7150__rhumphries__rbh_chain-link-fence-03_snr4dB_pink_v18_spectrogram.png,metal_bending,2,False,7150__rhumphries__rbh_chain-link-fence-03,,7150__rhumphries__rbh_chain-link-fence-03,,7150__rhumphries__rbh_chain-link-fence-03,1,4,pink,18
C:\Users\Cengiz\Desktop\inosens-internship\dataset\synthetic_dataset\metal_bending\7150__rhumphries__rbh_chain-link-fence-03_snr4dB_pink_v8_spectrogram.png,7150__rhumphries__rbh_chain-link-fence-03_snr4dB_pink_v8_spectrogram.png,metal_bending,2,False,7150__rhumphries__rbh_chain-link-fence-03,,7150__rhumphries__rbh_chain-link-fence-03,,7150__rhumphries__rbh_chain-link-fence-03,1,4,pink,8
C:\Users\Cengiz\Desktop\inosens-internship\dataset\synthetic_dataset\metal_bending\7150__rhumphries__rbh_chain-link-fence-03_snr4dB_white_v35_spectrogram.png,7150__rhumphries__rbh_chain-link-fence-03_snr4dB_white_v35_spectrogram.png,metal_bending,2,False,7150__rhumphries__rbh_chain-link-fence-03,,7150__rhumphries__rbh_chain-link-fence-03,,7150__rhumphries__rbh_chain-link-fence-03,1,4,white,35
C:\Users\Cengiz\Desktop\inosens-internship\dataset\synthetic_dataset\metal_bending\7150__rhumphries__rbh_chain-link-fence-03_snr4dB_white_v51_spectrogram.png,7150__rhumphries__rbh_chain-link-fence-03_snr4dB_white_v51_spectrogram.png,metal_bending,2,False,7150__rhumphries__rbh_chain-link-fence-03,,7150__rhumphries__rbh_chain-link-fence-03,,7150__rhumphries__rbh_chain-link-fence-03,1,4,white,51
C:\Users\Cengiz\Desktop\inosens-internship\dataset\synthetic_dataset\metal_bending\7150__rhumphries__rbh_chain-link-fence-03_snr5dB_pink_v3_spectrogram.png,7150__rhumphries__rbh_chain-link-fence-03_snr5dB_pink_v3_spectrogram.png,metal_bending,2,False,7150__rhumphries__rbh_chain-link-fence-03,,7150__rhumphries__rbh_chain-link-fence-03,,7150__rhumphries__rbh_chain-link-fence-03,1,5,pink,3
C:\Users\Cengiz\Desktop\inosens-internship\dataset\synthetic_dataset\metal_bending\7150__rhumphries__rbh_chain-link-fence-03_snr5dB_pink_v49_spectrogram.png,7150__rhumphries__rbh_chain-link-fence-03_snr5dB_pink_v49_spectrogram.png,metal_bending,2,False,7150__rhumphries__rbh_chain-link-fence-03,,7150__rhumphries__rbh_chain-link-fence-03,,7150__rhumphries__rbh_chain-link-fence-03,1,5,pink,49
C:\Users\Cengiz\Desktop\inosens-internship\dataset\synthetic_dataset\metal_bending\7150__rhumphries__rbh_chain-link-fence-03_snr5dB_white_v14_spectrogram.png,7150__rhumphries__rbh_chain-link-fence-03_snr5dB_white_v14_spectrogram.png,metal_bending,2,False,7150__rhumphries__rbh_chain-link-fence-03,,7150__rhumphries__rbh_chain-link-fence-03,,7150__rhumphries__rbh_chain-link-fence-03,1,5,white,14
C:\Users\Cengiz\Desktop\inosens-internship\dataset\synthetic_dataset\metal_bending\7150__rhumphries__rbh_chain-link-fence-03_snr5dB_white_v28_spectrogram.png,7150__rhumphries__rbh_chain-link-fence-03_snr5dB_white_v28_spectrogram.png,metal_bending,2,False,7150__rhumphries__rbh_chain-link-fence-03,,7150__rhumphries__rbh_chain-link-fence-03,,7150__rhumphries__rbh_chain-link-fence-03,1,5,white,28
C:\Users\Cengiz\Desktop\inosens-internship\dataset\synthetic_dataset\metal_bending\7150__rhumphries__rbh_chain-link-fence-03_snr5dB_white_v43_spectrogram.png,7150__rhumphries__rbh_chain-link-fence-03_snr5dB_white_v43_spectrogram.png,metal_bending,2,False,7150__rhumphries__rbh_chain-link-fence-03,,7150__rhumphries__rbh_chain-link-fence-03,,7150__rhumphries__rbh_chain-link-fence-03,1,5,white,43
C:\Users\Cengiz\Desktop\inosens-internship\dataset\synthetic_dataset\metal_bending\7150__rhumphries__rbh_chain-link-fence-03_snr6dB_pink_v22_spectrogram.png,7150__rhumphries__rbh_chain-link-fence-03_snr6dB_pink_v22_spectrogram.png,metal_bending,2,False,7150__rhumphries__rbh_chain-link-fence-03,,7150__rhumphries__rbh_chain-link-fence-03,,7150__rhumphries__rbh_chain-link-fence-03,1,6,pink,22
C:\Users\Cengiz\Desktop\inosens-internship\dataset\synthetic_dataset\metal_bending\7150__rhumphries__rbh_chain-link-fence-03_snr6dB_pink_v2_spectrogram.png,7150__rhumphries__rbh_chain-link-fence-03_snr6dB_pink_v2_spectrogram.png,metal_bending,2,False,7150__rhumphries__rbh_chain-link-fence-03,,7150__rhumphries__rbh_chain-link-fence-03,,7150__rhumphries__rbh_chain-link-fence-03,1,6,pink,2
C:\Users\Cengiz\Desktop\inosens-internship\dataset\synthetic_dataset\metal_bending\7150__rhumphries__rbh_chain-link-fence-03_snr6dB_white_v15_spectrogram.png,7150__rhumphries__rbh_chain-link-fence-03_snr6dB_white_v15_spectrogram.png,metal_bending,2,False,7150__rhumphries__rbh_chain-link-fence-03,,7150__rhumphries__rbh_chain-link-fence-03,,7150__rhumphries__rbh_chain-link-fence-03,1,6,white,15
C:\Users\Cengiz\Desktop\inosens-internship\dataset\synthetic_dataset\metal_bending\7150__rhumphries__rbh_chain-link-fence-03_snr7dB_pink_v33_spectrogram.png,7150__rhumphries__rbh_chain-link-fence-03_snr7dB_pink_v33_spectrogram.png,metal_bending,2,False,7150__rhumphries__rbh_chain-link-fence-03,,7150__rhumphries__rbh_chain-link-fence-03,,7150__rhumphries__rbh_chain-link-fence-03,1,7,pink,33
C:\Users\Cengiz\Desktop\inosens-internship\dataset\synthetic_dataset\metal_bending\7150__rhumphries__rbh_chain-link-fence-03_snr7dB_white_v10_spectrogram.png,7150__rhumphries__rbh_chain-link-fence-03_snr7dB_white_v10_spectrogram.png,metal_bending,2,False,7150__rhumphries__rbh_chain-link-fence-03,,7150__rhumphries__rbh_chain-link-fence-03,,7150__rhumphries__rbh_chain-link-fence-03,1,7,white,10
C:\Users\Cengiz\Desktop\inosens-internship\dataset\synthetic_dataset\metal_bending\7150__rhumphries__rbh_chain-link-fence-03_snr7dB_white_v16_spectrogram.png,7150__rhumphries__rbh_chain-link-fence-03_snr7dB_white_v16_spectrogram.png,metal_bending,2,False,7150__rhumphries__rbh_chain-link-fence-03,,7150__rhumphries__rbh_chain-link-fence-03,,7150__rhumphries__rbh_chain-link-fence-03,1,7,white,16
C:\Users\Cengiz\Desktop\inosens-internship\dataset\synthetic_dataset\metal_bending\7150__rhumphries__rbh_chain-link-fence-03_snr8dB_pink_v23_spectrogram.png,7150__rhumphries__rbh_chain-link-fence-03_snr8dB_pink_v23_spectrogram.png,metal_bending,2,False,7150__rhumphries__rbh_chain-link-fence-03,,7150__rhumphries__rbh_chain-link-fence-03,,7150__rhumphries__rbh_chain-link-fence-03,1,8,pink,23
C:\Users\Cengiz\Desktop\inosens-internship\dataset\synthetic_dataset\metal_bending\7150__rhumphries__rbh_chain-link-fence-03_snr8dB_pink_v36_spectrogram.png,7150__rhumphries__rbh_chain-link-fence-03_snr8dB_pink_v36_spectrogram.png,metal_bending,2,False,7150__rhumphries__rbh_chain-link-fence-03,,7150__rhumphries__rbh_chain-link-fence-03,,7150__rhumphries__rbh_chain-link-fence-03,1,8,pink,36
C:\Users\Cengiz\Desktop\inosens-internship\dataset\synthetic_dataset\metal_bending\7150__rhumphries__rbh_chain-link-fence-03_snr8dB_white_v40_spectrogram.png,7150__rhumphries__rbh_chain-link-fence-03_snr8dB_white_v40_spectrogram.png,metal_bending,2,False,7150__rhumphries__rbh_chain-link-fence-03,,7150__rhumphries__rbh_chain-link-fence-03,,7150__rhumphries__rbh_chain-link-fence-03,1,8,white,40
C:\Users\Cengiz\Desktop\inosens-internship\dataset\synthetic_dataset\metal_bending\7150__rhumphries__rbh_chain-link-fence-03_snr8dB_white_v47_spectrogram.png,7150__rhumphries__rbh_chain-link-fence-03_snr8dB_white_v47_spectrogram.png,metal_bending,2,False,7150__rhumphries__rbh_chain-link-fence-03,,7150__rhumphries__rbh_chain-link-fence-03,,7150__rhumphries__rbh_chain-link-fence-03,1,8,white,47
C:\Users\Cengiz\Desktop\inosens-internship\dataset\synthetic_dataset\metal_bending\7150__rhumphries__rbh_chain-link-fence-03_snr9dB_pink_v6_spectrogram.png,7150__rhumphries__rbh_chain-link-fence-03_snr9dB_pink_v6_spectrogram.png,metal_bending,2,False,7150__rhumphries__rbh_chain-link-fence-03,,7150__rhumphries__rbh_chain-link-fence-03,,7150__rhumphries__rbh_chain-link-fence-03,1,9,pink,6
C:\Users\Cengiz\Desktop\inosens-internship\dataset\synthetic_dataset\metal_bending\mixup_561043__nox_sound__foley_impact_metal_fence_mono_x_7148__rhumphries__rbh_chain-link-fence-01_snr10dB_white_39_spectrogram.png,mixup_561043__nox_sound__foley_impact_metal_fence_mono_x_7148__rhumphries__rbh_chain-link-fence-01_snr10dB_white_39_spectrogram.png,metal_bending,2,True,561043__nox_sound__foley_impact_metal_fence_mono,7148__rhumphries__rbh_chain-link-fence-01,561043__nox_sound__foley_impact_metal_fence_mono,7148__rhumphries__rbh_chain-link-fence-01,561043__nox_sound__foley_impact_metal_fence_mono|7148__rhumphries__rbh_chain-link-fence-01,2,10,white,39
C:\Users\Cengiz\Desktop\inosens-internship\dataset\synthetic_dataset\metal_bending\mixup_561043__nox_sound__foley_impact_metal_fence_mono_x_7148__rhumphries__rbh_chain-link-fence-01_snr10dB_white_58_spectrogram.png,mixup_561043__nox_sound__foley_impact_metal_fence_mono_x_7148__rhumphries__rbh_chain-link-fence-01_snr10dB_white_58_spectrogram.png,metal_bending,2,True,561043__nox_sound__foley_impact_metal_fence_mono,7148__rhumphries__rbh_chain-link-fence-01,561043__nox_sound__foley_impact_metal_fence_mono,7148__rhumphries__rbh_chain-link-fence-01,561043__nox_sound__foley_impact_metal_fence_mono|7148__rhumphries__rbh_chain-link-fence-01,2,10,white,58
C:\Users\Cengiz\Desktop\inosens-internship\dataset\synthetic_dataset\metal_bending\mixup_561043__nox_sound__foley_impact_metal_fence_mono_x_7148__rhumphries__rbh_chain-link-fence-01_snr12dB_white_2_spectrogram.png,mixup_561043__nox_sound__foley_impact_metal_fence_mono_x_7148__rhumphries__rbh_chain-link-fence-01_snr12dB_white_2_spectrogram.png,metal_bending,2,True,561043__nox_sound__foley_impact_metal_fence_mono,7148__rhumphries__rbh_chain-link-fence-01,561043__nox_sound__foley_impact_metal_fence_mono,7148__rhumphries__rbh_chain-link-fence-01,561043__nox_sound__foley_impact_metal_fence_mono|7148__rhumphries__rbh_chain-link-fence-01,2,12,white,2
C:\Users\Cengiz\Desktop\inosens-internship\dataset\synthetic_dataset\metal_bending\mixup_561043__nox_sound__foley_impact_metal_fence_mono_x_7148__rhumphries__rbh_chain-link-fence-01_snr13dB_pink_88_spectrogram.png,mixup_561043__nox_sound__foley_impact_metal_fence_mono_x_7148__rhumphries__rbh_chain-link-fence-01_snr13dB_pink_88_spectrogram.png,metal_bending,2,True,561043__nox_sound__foley_impact_metal_fence_mono,7148__rhumphries__rbh_chain-link-fence-01,561043__nox_sound__foley_impact_metal_fence_mono,7148__rhumphries__rbh_chain-link-fence-01,561043__nox_sound__foley_impact_metal_fence_mono|7148__rhumphries__rbh_chain-link-fence-01,2,13,pink,88
C:\Users\Cengiz\Desktop\inosens-internship\dataset\synthetic_dataset\metal_bending\mixup_561043__nox_sound__foley_impact_metal_fence_mono_x_7148__rhumphries__rbh_chain-link-fence-01_snr15dB_pink_80_spectrogram.png,mixup_561043__nox_sound__foley_impact_metal_fence_mono_x_7148__rhumphries__rbh_chain-link-fence-01_snr15dB_pink_80_spectrogram.png,metal_bending,2,True,561043__nox_sound__foley_impact_metal_fence_mono,7148__rhumphries__rbh_chain-link-fence-01,561043__nox_sound__foley_impact_metal_fence_mono,7148__rhumphries__rbh_chain-link-fence-01,561043__nox_sound__foley_impact_metal_fence_mono|7148__rhumphries__rbh_chain-link-fence-01,2,15,pink,80
C:\Users\Cengiz\Desktop\inosens-internship\dataset\synthetic_dataset\metal_bending\mixup_561043__nox_sound__foley_impact_metal_fence_mono_x_7148__rhumphries__rbh_chain-link-fence-01_snr1dB_pink_62_spectrogram.png,mixup_561043__nox_sound__foley_impact_metal_fence_mono_x_7148__rhumphries__rbh_chain-link-fence-01_snr1dB_pink_62_spectrogram.png,metal_bending,2,True,561043__nox_sound__foley_impact_metal_fence_mono,7148__rhumphries__rbh_chain-link-fence-01,561043__nox_sound__foley_impact_metal_fence_mono,7148__rhumphries__rbh_chain-link-fence-01,561043__nox_sound__foley_impact_metal_fence_mono|7148__rhumphries__rbh_chain-link-fence-01,2,1,pink,62
C:\Users\Cengiz\Desktop\inosens-internship\dataset\synthetic_dataset\metal_bending\mixup_561043__nox_sound__foley_impact_metal_fence_mono_x_7148__rhumphries__rbh_chain-link-fence-01_snr2dB_white_18_spectrogram.png,mixup_561043__nox_sound__foley_impact_metal_fence_mono_x_7148__rhumphries__rbh_chain-link-fence-01_snr2dB_white_18_spectrogram.png,metal_bending,2,True,561043__nox_sound__foley_impact_metal_fence_mono,7148__rhumphries__rbh_chain-link-fence-01,561043__nox_sound__foley_impact_metal_fence_mono,7148__rhumphries__rbh_chain-link-fence-01,561043__nox_sound__foley_impact_metal_fence_mono|7148__rhumphries__rbh_chain-link-fence-01,2,2,white,18
C:\Users\Cengiz\Desktop\inosens-internship\dataset\synthetic_dataset\metal_bending\mixup_561043__nox_sound__foley_impact_metal_fence_mono_x_7148__rhumphries__rbh_chain-link-fence-01_snr3dB_pink_47_spectrogram.png,mixup_561043__nox_sound__foley_impact_metal_fence_mono_x_7148__rhumphries__rbh_chain-link-fence-01_snr3dB_pink_47_spectrogram.png,metal_bending,2,True,561043__nox_sound__foley_impact_metal_fence_mono,7148__rhumphries__rbh_chain-link-fence-01,561043__nox_sound__foley_impact_metal_fence_mono,7148__rhumphries__rbh_chain-link-fence-01,561043__nox_sound__foley_impact_metal_fence_mono|7148__rhumphries__rbh_chain-link-fence-01,2,3,pink,47
C:\Users\Cengiz\Desktop\inosens-internship\dataset\synthetic_dataset\metal_bending\mixup_561043__nox_sound__foley_impact_metal_fence_mono_x_7148__rhumphries__rbh_chain-link-fence-01_snr4dB_pink_57_spectrogram.png,mixup_561043__nox_sound__foley_impact_metal_fence_mono_x_7148__rhumphries__rbh_chain-link-fence-01_snr4dB_pink_57_spectrogram.png,metal_bending,2,True,561043__nox_sound__foley_impact_metal_fence_mono,7148__rhumphries__rbh_chain-link-fence-01,561043__nox_sound__foley_impact_metal_fence_mono,7148__rhumphries__rbh_chain-link-fence-01,561043__nox_sound__foley_impact_metal_fence_mono|7148__rhumphries__rbh_chain-link-fence-01,2,4,pink,57
C:\Users\Cengiz\Desktop\inosens-internship\dataset\synthetic_dataset\metal_bending\mixup_561043__nox_sound__foley_impact_metal_fence_mono_x_7148__rhumphries__rbh_chain-link-fence-01_snr5dB_white_55_spectrogram.png,mixup_561043__nox_sound__foley_impact_metal_fence_mono_x_7148__rhumphries__rbh_chain-link-fence-01_snr5dB_white_55_spectrogram.png,metal_bending,2,True,561043__nox_sound__foley_impact_metal_fence_mono,7148__rhumphries__rbh_chain-link-fence-01,561043__nox_sound__foley_impact_metal_fence_mono,7148__rhumphries__rbh_chain-link-fence-01,561043__nox_sound__foley_impact_metal_fence_mono|7148__rhumphries__rbh_chain-link-fence-01,2,5,white,55
C:\Users\Cengiz\Desktop\inosens-internship\dataset\synthetic_dataset\metal_bending\mixup_561043__nox_sound__foley_impact_metal_fence_mono_x_7148__rhumphries__rbh_chain-link-fence-01_snr7dB_white_67_spectrogram.png,mixup_561043__nox_sound__foley_impact_metal_fence_mono_x_7148__rhumphries__rbh_chain-link-fence-01_snr7dB_white_67_spectrogram.png,metal_bending,2,True,561043__nox_sound__foley_impact_metal_fence_mono,7148__rhumphries__rbh_chain-link-fence-01,561043__nox_sound__foley_impact_metal_fence_mono,7148__rhumphries__rbh_chain-link-fence-01,561043__nox_sound__foley_impact_metal_fence_mono|7148__rhumphries__rbh_chain-link-fence-01,2,7,white,67
C:\Users\Cengiz\Desktop\inosens-internship\dataset\synthetic_dataset\metal_bending\mixup_561043__nox_sound__foley_impact_metal_fence_mono_x_7148__rhumphries__rbh_chain-link-fence-01_snr7dB_white_72_spectrogram.png,mixup_561043__nox_sound__foley_impact_metal_fence_mono_x_7148__rhumphries__rbh_chain-link-fence-01_snr7dB_white_72_spectrogram.png,metal_bending,2,True,561043__nox_sound__foley_impact_metal_fence_mono,7148__rhumphries__rbh_chain-link-fence-01,561043__nox_sound__foley_impact_metal_fence_mono,7148__rhumphries__rbh_chain-link-fence-01,561043__nox_sound__foley_impact_metal_fence_mono|7148__rhumphries__rbh_chain-link-fence-01,2,7,white,72
C:\Users\Cengiz\Desktop\inosens-internship\dataset\synthetic_dataset\metal_bending\mixup_561043__nox_sound__foley_impact_metal_fence_mono_x_7148__rhumphries__rbh_chain-link-fence-01_snr8dB_white_4_spectrogram.png,mixup_561043__nox_sound__foley_impact_metal_fence_mono_x_7148__rhumphries__rbh_chain-link-fence-01_snr8dB_white_4_spectrogram.png,metal_bending,2,True,561043__nox_sound__foley_impact_metal_fence_mono,7148__rhumphries__rbh_chain-link-fence-01,561043__nox_sound__foley_impact_metal_fence_mono,7148__rhumphries__rbh_chain-link-fence-01,561043__nox_sound__foley_impact_metal_fence_mono|7148__rhumphries__rbh_chain-link-fence-01,2,8,white,4
C:\Users\Cengiz\Desktop\inosens-internship\dataset\synthetic_dataset\metal_bending\mixup_561043__nox_sound__foley_impact_metal_fence_mono_x_7148__rhumphries__rbh_chain-link-fence-01_snr8dB_white_98_spectrogram.png,mixup_561043__nox_sound__foley_impact_metal_fence_mono_x_7148__rhumphries__rbh_chain-link-fence-01_snr8dB_white_98_spectrogram.png,metal_bending,2,True,561043__nox_sound__foley_impact_metal_fence_mono,7148__rhumphries__rbh_chain-link-fence-01,561043__nox_sound__foley_impact_metal_fence_mono,7148__rhumphries__rbh_chain-link-fence-01,561043__nox_sound__foley_impact_metal_fence_mono|7148__rhumphries__rbh_chain-link-fence-01,2,8,white,98
C:\Users\Cengiz\Desktop\inosens-internship\dataset\synthetic_dataset\metal_bending\mixup_561043__nox_sound__foley_impact_metal_fence_mono_x_7149__rhumphries__rbh_chain-link-fence-02_snr0dB_pink_79_spectrogram.png,mixup_561043__nox_sound__foley_impact_metal_fence_mono_x_7149__rhumphries__rbh_chain-link-fence-02_snr0dB_pink_79_spectrogram.png,metal_bending,2,True,561043__nox_sound__foley_impact_metal_fence_mono,7149__rhumphries__rbh_chain-link-fence-02,561043__nox_sound__foley_impact_metal_fence_mono,7149__rhumphries__rbh_chain-link-fence-02,561043__nox_sound__foley_impact_metal_fence_mono|7149__rhumphries__rbh_chain-link-fence-02,2,0,pink,79
C:\Users\Cengiz\Desktop\inosens-internship\dataset\synthetic_dataset\metal_bending\mixup_561043__nox_sound__foley_impact_metal_fence_mono_x_7149__rhumphries__rbh_chain-link-fence-02_snr11dB_pink_59_spectrogram.png,mixup_561043__nox_sound__foley_impact_metal_fence_mono_x_7149__rhumphries__rbh_chain-link-fence-02_snr11dB_pink_59_spectrogram.png,metal_bending,2,True,561043__nox_sound__foley_impact_metal_fence_mono,7149__rhumphries__rbh_chain-link-fence-02,561043__nox_sound__foley_impact_metal_fence_mono,7149__rhumphries__rbh_chain-link-fence-02,561043__nox_sound__foley_impact_metal_fence_mono|7149__rhumphries__rbh_chain-link-fence-02,2,11,pink,59
C:\Users\Cengiz\Desktop\inosens-internship\dataset\synthetic_dataset\metal_bending\mixup_561043__nox_sound__foley_impact_metal_fence_mono_x_7149__rhumphries__rbh_chain-link-fence-02_snr12dB_pink_7_spectrogram.png,mixup_561043__nox_sound__foley_impact_metal_fence_mono_x_7149__rhumphries__rbh_chain-link-fence-02_snr12dB_pink_7_spectrogram.png,metal_bending,2,True,561043__nox_sound__foley_impact_metal_fence_mono,7149__rhumphries__rbh_chain-link-fence-02,561043__nox_sound__foley_impact_metal_fence_mono,7149__rhumphries__rbh_chain-link-fence-02,561043__nox_sound__foley_impact_metal_fence_mono|7149__rhumphries__rbh_chain-link-fence-02,2,12,pink,7
C:\Users\Cengiz\Desktop\inosens-internship\dataset\synthetic_dataset\metal_bending\mixup_561043__nox_sound__foley_impact_metal_fence_mono_x_7149__rhumphries__rbh_chain-link-fence-02_snr14dB_pink_5_spectrogram.png,mixup_561043__nox_sound__foley_impact_metal_fence_mono_x_7149__rhumphries__rbh_chain-link-fence-02_snr14dB_pink_5_spectrogram.png,metal_bending,2,True,561043__nox_sound__foley_impact_metal_fence_mono,7149__rhumphries__rbh_chain-link-fence-02,561043__nox_sound__foley_impact_metal_fence_mono,7149__rhumphries__rbh_chain-link-fence-02,561043__nox_sound__foley_impact_metal_fence_mono|7149__rhumphries__rbh_chain-link-fence-02,2,14,pink,5
C:\Users\Cengiz\Desktop\inosens-internship\dataset\synthetic_dataset\metal_bending\mixup_561043__nox_sound__foley_impact_metal_fence_mono_x_7149__rhumphries__rbh_chain-link-fence-02_snr15dB_white_33_spectrogram.png,mixup_561043__nox_sound__foley_impact_metal_fence_mono_x_7149__rhumphries__rbh_chain-link-fence-02_snr15dB_white_33_spectrogram.png,metal_bending,2,True,561043__nox_sound__foley_impact_metal_fence_mono,7149__rhumphries__rbh_chain-link-fence-02,561043__nox_sound__foley_impact_metal_fence_mono,7149__rhumphries__rbh_chain-link-fence-02,561043__nox_sound__foley_impact_metal_fence_mono|7149__rhumphries__rbh_chain-link-fence-02,2,15,white,33
C:\Users\Cengiz\Desktop\inosens-internship\dataset\synthetic_dataset\metal_bending\mixup_561043__nox_sound__foley_impact_metal_fence_mono_x_7149__rhumphries__rbh_chain-link-fence-02_snr1dB_pink_6_spectrogram.png,mixup_561043__nox_sound__foley_impact_metal_fence_mono_x_7149__rhumphries__rbh_chain-link-fence-02_snr1dB_pink_6_spectrogram.png,metal_bending,2,True,561043__nox_sound__foley_impact_metal_fence_mono,7149__rhumphries__rbh_chain-link-fence-02,561043__nox_sound__foley_impact_metal_fence_mono,7149__rhumphries__rbh_chain-link-fence-02,561043__nox_sound__foley_impact_metal_fence_mono|7149__rhumphries__rbh_chain-link-fence-02,2,1,pink,6
C:\Users\Cengiz\Desktop\inosens-internship\dataset\synthetic_dataset\metal_bending\mixup_561043__nox_sound__foley_impact_metal_fence_mono_x_7149__rhumphries__rbh_chain-link-fence-02_snr1dB_white_65_spectrogram.png,mixup_561043__nox_sound__foley_impact_metal_fence_mono_x_7149__rhumphries__rbh_chain-link-fence-02_snr1dB_white_65_spectrogram.png,metal_bending,2,True,561043__nox_sound__foley_impact_metal_fence_mono,7149__rhumphries__rbh_chain-link-fence-02,561043__nox_sound__foley_impact_metal_fence_mono,7149__rhumphries__rbh_chain-link-fence-02,561043__nox_sound__foley_impact_metal_fence_mono|7149__rhumphries__rbh_chain-link-fence-02,2,1,white,65
C:\Users\Cengiz\Desktop\inosens-internship\dataset\synthetic_dataset\metal_bending\mixup_561043__nox_sound__foley_impact_metal_fence_mono_x_7149__rhumphries__rbh_chain-link-fence-02_snr1dB_white_84_spectrogram.png,mixup_561043__nox_sound__foley_impact_metal_fence_mono_x_7149__rhumphries__rbh_chain-link-fence-02_snr1dB_white_84_spectrogram.png,metal_bending,2,True,561043__nox_sound__foley_impact_metal_fence_mono,7149__rhumphries__rbh_chain-link-fence-02,561043__nox_sound__foley_impact_metal_fence_mono,7149__rhumphries__rbh_chain-link-fence-02,561043__nox_sound__foley_impact_metal_fence_mono|7149__rhumphries__rbh_chain-link-fence-02,2,1,white,84
C:\Users\Cengiz\Desktop\inosens-internship\dataset\synthetic_dataset\metal_bending\mixup_561043__nox_sound__foley_impact_metal_fence_mono_x_7149__rhumphries__rbh_chain-link-fence-02_snr2dB_white_82_spectrogram.png,mixup_561043__nox_sound__foley_impact_metal_fence_mono_x_7149__rhumphries__rbh_chain-link-fence-02_snr2dB_white_82_spectrogram.png,metal_bending,2,True,561043__nox_sound__foley_impact_metal_fence_mono,7149__rhumphries__rbh_chain-link-fence-02,561043__nox_sound__foley_impact_metal_fence_mono,7149__rhumphries__rbh_chain-link-fence-02,561043__nox_sound__foley_impact_metal_fence_mono|7149__rhumphries__rbh_chain-link-fence-02,2,2,white,82
C:\Users\Cengiz\Desktop\inosens-internship\dataset\synthetic_dataset\metal_bending\mixup_561043__nox_sound__foley_impact_metal_fence_mono_x_7149__rhumphries__rbh_chain-link-fence-02_snr3dB_pink_26_spectrogram.png,mixup_561043__nox_sound__foley_impact_metal_fence_mono_x_7149__rhumphries__rbh_chain-link-fence-02_snr3dB_pink_26_spectrogram.png,metal_bending,2,True,561043__nox_sound__foley_impact_metal_fence_mono,7149__rhumphries__rbh_chain-link-fence-02,561043__nox_sound__foley_impact_metal_fence_mono,7149__rhumphries__rbh_chain-link-fence-02,561043__nox_sound__foley_impact_metal_fence_mono|7149__rhumphries__rbh_chain-link-fence-02,2,3,pink,26
C:\Users\Cengiz\Desktop\inosens-internship\dataset\synthetic_dataset\metal_bending\mixup_561043__nox_sound__foley_impact_metal_fence_mono_x_7149__rhumphries__rbh_chain-link-fence-02_snr4dB_white_76_spectrogram.png,mixup_561043__nox_sound__foley_impact_metal_fence_mono_x_7149__rhumphries__rbh_chain-link-fence-02_snr4dB_white_76_spectrogram.png,metal_bending,2,True,561043__nox_sound__foley_impact_metal_fence_mono,7149__rhumphries__rbh_chain-link-fence-02,561043__nox_sound__foley_impact_metal_fence_mono,7149__rhumphries__rbh_chain-link-fence-02,561043__nox_sound__foley_impact_metal_fence_mono|7149__rhumphries__rbh_chain-link-fence-02,2,4,white,76
C:\Users\Cengiz\Desktop\inosens-internship\dataset\synthetic_dataset\metal_bending\mixup_561043__nox_sound__foley_impact_metal_fence_mono_x_7149__rhumphries__rbh_chain-link-fence-02_snr5dB_white_44_spectrogram.png,mixup_561043__nox_sound__foley_impact_metal_fence_mono_x_7149__rhumphries__rbh_chain-link-fence-02_snr5dB_white_44_spectrogram.png,metal_bending,2,True,561043__nox_sound__foley_impact_metal_fence_mono,7149__rhumphries__rbh_chain-link-fence-02,561043__nox_sound__foley_impact_metal_fence_mono,7149__rhumphries__rbh_chain-link-fence-02,561043__nox_sound__foley_impact_metal_fence_mono|7149__rhumphries__rbh_chain-link-fence-02,2,5,white,44
C:\Users\Cengiz\Desktop\inosens-internship\dataset\synthetic_dataset\metal_bending\mixup_561043__nox_sound__foley_impact_metal_fence_mono_x_7149__rhumphries__rbh_chain-link-fence-02_snr6dB_pink_95_spectrogram.png,mixup_561043__nox_sound__foley_impact_metal_fence_mono_x_7149__rhumphries__rbh_chain-link-fence-02_snr6dB_pink_95_spectrogram.png,metal_bending,2,True,561043__nox_sound__foley_impact_metal_fence_mono,7149__rhumphries__rbh_chain-link-fence-02,561043__nox_sound__foley_impact_metal_fence_mono,7149__rhumphries__rbh_chain-link-fence-02,561043__nox_sound__foley_impact_metal_fence_mono|7149__rhumphries__rbh_chain-link-fence-02,2,6,pink,95
C:\Users\Cengiz\Desktop\inosens-internship\dataset\synthetic_dataset\metal_bending\mixup_561043__nox_sound__foley_impact_metal_fence_mono_x_7149__rhumphries__rbh_chain-link-fence-02_snr7dB_white_20_spectrogram.png,mixup_561043__nox_sound__foley_impact_metal_fence_mono_x_7149__rhumphries__rbh_chain-link-fence-02_snr7dB_white_20_spectrogram.png,metal_bending,2,True,561043__nox_sound__foley_impact_metal_fence_mono,7149__rhumphries__rbh_chain-link-fence-02,561043__nox_sound__foley_impact_metal_fence_mono,7149__rhumphries__rbh_chain-link-fence-02,561043__nox_sound__foley_impact_metal_fence_mono|7149__rhumphries__rbh_chain-link-fence-02,2,7,white,20
C:\Users\Cengiz\Desktop\inosens-internship\dataset\synthetic_dataset\metal_bending\mixup_561043__nox_sound__foley_impact_metal_fence_mono_x_7149__rhumphries__rbh_chain-link-fence-02_snr8dB_pink_3_spectrogram.png,mixup_561043__nox_sound__foley_impact_metal_fence_mono_x_7149__rhumphries__rbh_chain-link-fence-02_snr8dB_pink_3_spectrogram.png,metal_bending,2,True,561043__nox_sound__foley_impact_metal_fence_mono,7149__rhumphries__rbh_chain-link-fence-02,561043__nox_sound__foley_impact_metal_fence_mono,7149__rhumphries__rbh_chain-link-fence-02,561043__nox_sound__foley_impact_metal_fence_mono|7149__rhumphries__rbh_chain-link-fence-02,2,8,pink,3
C:\Users\Cengiz\Desktop\inosens-internship\dataset\synthetic_dataset\metal_bending\mixup_561043__nox_sound__foley_impact_metal_fence_mono_x_7149__rhumphries__rbh_chain-link-fence-02_snr9dB_white_97_spectrogram.png,mixup_561043__nox_sound__foley_impact_metal_fence_mono_x_7149__rhumphries__rbh_chain-link-fence-02_snr9dB_white_97_spectrogram.png,metal_bending,2,True,561043__nox_sound__foley_impact_metal_fence_mono,7149__rhumphries__rbh_chain-link-fence-02,561043__nox_sound__foley_impact_metal_fence_mono,7149__rhumphries__rbh_chain-link-fence-02,561043__nox_sound__foley_impact_metal_fence_mono|7149__rhumphries__rbh_chain-link-fence-02,2,9,white,97
C:\Users\Cengiz\Desktop\inosens-internship\dataset\synthetic_dataset\metal_bending\mixup_561043__nox_sound__foley_impact_metal_fence_mono_x_7150__rhumphries__rbh_chain-link-fence-03_snr0dB_white_16_spectrogram.png,mixup_561043__nox_sound__foley_impact_metal_fence_mono_x_7150__rhumphries__rbh_chain-link-fence-03_snr0dB_white_16_spectrogram.png,metal_bending,2,True,561043__nox_sound__foley_impact_metal_fence_mono,7150__rhumphries__rbh_chain-link-fence-03,561043__nox_sound__foley_impact_metal_fence_mono,7150__rhumphries__rbh_chain-link-fence-03,561043__nox_sound__foley_impact_metal_fence_mono|7150__rhumphries__rbh_chain-link-fence-03,2,0,white,16
C:\Users\Cengiz\Desktop\inosens-internship\dataset\synthetic_dataset\metal_bending\mixup_561043__nox_sound__foley_impact_metal_fence_mono_x_7150__rhumphries__rbh_chain-link-fence-03_snr10dB_white_52_spectrogram.png,mixup_561043__nox_sound__foley_impact_metal_fence_mono_x_7150__rhumphries__rbh_chain-link-fence-03_snr10dB_white_52_spectrogram.png,metal_bending,2,True,561043__nox_sound__foley_impact_metal_fence_mono,7150__rhumphries__rbh_chain-link-fence-03,561043__nox_sound__foley_impact_metal_fence_mono,7150__rhumphries__rbh_chain-link-fence-03,561043__nox_sound__foley_impact_metal_fence_mono|7150__rhumphries__rbh_chain-link-fence-03,2,10,white,52
C:\Users\Cengiz\Desktop\inosens-internship\dataset\synthetic_dataset\metal_bending\mixup_561043__nox_sound__foley_impact_metal_fence_mono_x_7150__rhumphries__rbh_chain-link-fence-03_snr10dB_white_92_spectrogram.png,mixup_561043__nox_sound__foley_impact_metal_fence_mono_x_7150__rhumphries__rbh_chain-link-fence-03_snr10dB_white_92_spectrogram.png,metal_bending,2,True,561043__nox_sound__foley_impact_metal_fence_mono,7150__rhumphries__rbh_chain-link-fence-03,561043__nox_sound__foley_impact_metal_fence_mono,7150__rhumphries__rbh_chain-link-fence-03,561043__nox_sound__foley_impact_metal_fence_mono|7150__rhumphries__rbh_chain-link-fence-03,2,10,white,92
C:\Users\Cengiz\Desktop\inosens-internship\dataset\synthetic_dataset\metal_bending\mixup_561043__nox_sound__foley_impact_metal_fence_mono_x_7150__rhumphries__rbh_chain-link-fence-03_snr11dB_white_11_spectrogram.png,mixup_561043__nox_sound__foley_impact_metal_fence_mono_x_7150__rhumphries__rbh_chain-link-fence-03_snr11dB_white_11_spectrogram.png,metal_bending,2,True,561043__nox_sound__foley_impact_metal_fence_mono,7150__rhumphries__rbh_chain-link-fence-03,561043__nox_sound__foley_impact_metal_fence_mono,7150__rhumphries__rbh_chain-link-fence-03,561043__nox_sound__foley_impact_metal_fence_mono|7150__rhumphries__rbh_chain-link-fence-03,2,11,white,11
C:\Users\Cengiz\Desktop\inosens-internship\dataset\synthetic_dataset\metal_bending\mixup_561043__nox_sound__foley_impact_metal_fence_mono_x_7150__rhumphries__rbh_chain-link-fence-03_snr12dB_pink_93_spectrogram.png,mixup_561043__nox_sound__foley_impact_metal_fence_mono_x_7150__rhumphries__rbh_chain-link-fence-03_snr12dB_pink_93_spectrogram.png,metal_bending,2,True,561043__nox_sound__foley_impact_metal_fence_mono,7150__rhumphries__rbh_chain-link-fence-03,561043__nox_sound__foley_impact_metal_fence_mono,7150__rhumphries__rbh_chain-link-fence-03,561043__nox_sound__foley_impact_metal_fence_mono|7150__rhumphries__rbh_chain-link-fence-03,2,12,pink,93
C:\Users\Cengiz\Desktop\inosens-internship\dataset\synthetic_dataset\metal_bending\mixup_561043__nox_sound__foley_impact_metal_fence_mono_x_7150__rhumphries__rbh_chain-link-fence-03_snr14dB_pink_31_spectrogram.png,mixup_561043__nox_sound__foley_impact_metal_fence_mono_x_7150__rhumphries__rbh_chain-link-fence-03_snr14dB_pink_31_spectrogram.png,metal_bending,2,True,561043__nox_sound__foley_impact_metal_fence_mono,7150__rhumphries__rbh_chain-link-fence-03,561043__nox_sound__foley_impact_metal_fence_mono,7150__rhumphries__rbh_chain-link-fence-03,561043__nox_sound__foley_impact_metal_fence_mono|7150__rhumphries__rbh_chain-link-fence-03,2,14,pink,31
C:\Users\Cengiz\Desktop\inosens-internship\dataset\synthetic_dataset\metal_bending\mixup_561043__nox_sound__foley_impact_metal_fence_mono_x_7150__rhumphries__rbh_chain-link-fence-03_snr15dB_white_40_spectrogram.png,mixup_561043__nox_sound__foley_impact_metal_fence_mono_x_7150__rhumphries__rbh_chain-link-fence-03_snr15dB_white_40_spectrogram.png,metal_bending,2,True,561043__nox_sound__foley_impact_metal_fence_mono,7150__rhumphries__rbh_chain-link-fence-03,561043__nox_sound__foley_impact_metal_fence_mono,7150__rhumphries__rbh_chain-link-fence-03,561043__nox_sound__foley_impact_metal_fence_mono|7150__rhumphries__rbh_chain-link-fence-03,2,15,white,40
C:\Users\Cengiz\Desktop\inosens-internship\dataset\synthetic_dataset\metal_bending\mixup_561043__nox_sound__foley_impact_metal_fence_mono_x_7150__rhumphries__rbh_chain-link-fence-03_snr2dB_pink_14_spectrogram.png,mixup_561043__nox_sound__foley_impact_metal_fence_mono_x_7150__rhumphries__rbh_chain-link-fence-03_snr2dB_pink_14_spectrogram.png,metal_bending,2,True,561043__nox_sound__foley_impact_metal_fence_mono,7150__rhumphries__rbh_chain-link-fence-03,561043__nox_sound__foley_impact_metal_fence_mono,7150__rhumphries__rbh_chain-link-fence-03,561043__nox_sound__foley_impact_metal_fence_mono|7150__rhumphries__rbh_chain-link-fence-03,2,2,pink,14
C:\Users\Cengiz\Desktop\inosens-internship\dataset\synthetic_dataset\metal_bending\mixup_561043__nox_sound__foley_impact_metal_fence_mono_x_7150__rhumphries__rbh_chain-link-fence-03_snr2dB_pink_24_spectrogram.png,mixup_561043__nox_sound__foley_impact_metal_fence_mono_x_7150__rhumphries__rbh_chain-link-fence-03_snr2dB_pink_24_spectrogram.png,metal_bending,2,True,561043__nox_sound__foley_impact_metal_fence_mono,7150__rhumphries__rbh_chain-link-fence-03,561043__nox_sound__foley_impact_metal_fence_mono,7150__rhumphries__rbh_chain-link-fence-03,561043__nox_sound__foley_impact_metal_fence_mono|7150__rhumphries__rbh_chain-link-fence-03,2,2,pink,24
C:\Users\Cengiz\Desktop\inosens-internship\dataset\synthetic_dataset\metal_bending\mixup_561043__nox_sound__foley_impact_metal_fence_mono_x_7150__rhumphries__rbh_chain-link-fence-03_snr2dB_white_42_spectrogram.png,mixup_561043__nox_sound__foley_impact_metal_fence_mono_x_7150__rhumphries__rbh_chain-link-fence-03_snr2dB_white_42_spectrogram.png,metal_bending,2,True,561043__nox_sound__foley_impact_metal_fence_mono,7150__rhumphries__rbh_chain-link-fence-03,561043__nox_sound__foley_impact_metal_fence_mono,7150__rhumphries__rbh_chain-link-fence-03,561043__nox_sound__foley_impact_metal_fence_mono|7150__rhumphries__rbh_chain-link-fence-03,2,2,white,42
C:\Users\Cengiz\Desktop\inosens-internship\dataset\synthetic_dataset\metal_bending\mixup_561043__nox_sound__foley_impact_metal_fence_mono_x_7150__rhumphries__rbh_chain-link-fence-03_snr3dB_white_15_spectrogram.png,mixup_561043__nox_sound__foley_impact_metal_fence_mono_x_7150__rhumphries__rbh_chain-link-fence-03_snr3dB_white_15_spectrogram.png,metal_bending,2,True,561043__nox_sound__foley_impact_metal_fence_mono,7150__rhumphries__rbh_chain-link-fence-03,561043__nox_sound__foley_impact_metal_fence_mono,7150__rhumphries__rbh_chain-link-fence-03,561043__nox_sound__foley_impact_metal_fence_mono|7150__rhumphries__rbh_chain-link-fence-03,2,3,white,15
C:\Users\Cengiz\Desktop\inosens-internship\dataset\synthetic_dataset\metal_bending\mixup_561043__nox_sound__foley_impact_metal_fence_mono_x_7150__rhumphries__rbh_chain-link-fence-03_snr4dB_pink_41_spectrogram.png,mixup_561043__nox_sound__foley_impact_metal_fence_mono_x_7150__rhumphries__rbh_chain-link-fence-03_snr4dB_pink_41_spectrogram.png,metal_bending,2,True,561043__nox_sound__foley_impact_metal_fence_mono,7150__rhumphries__rbh_chain-link-fence-03,561043__nox_sound__foley_impact_metal_fence_mono,7150__rhumphries__rbh_chain-link-fence-03,561043__nox_sound__foley_impact_metal_fence_mono|7150__rhumphries__rbh_chain-link-fence-03,2,4,pink,41
C:\Users\Cengiz\Desktop\inosens-internship\dataset\synthetic_dataset\metal_bending\mixup_561043__nox_sound__foley_impact_metal_fence_mono_x_7150__rhumphries__rbh_chain-link-fence-03_snr4dB_pink_77_spectrogram.png,mixup_561043__nox_sound__foley_impact_metal_fence_mono_x_7150__rhumphries__rbh_chain-link-fence-03_snr4dB_pink_77_spectrogram.png,metal_bending,2,True,561043__nox_sound__foley_impact_metal_fence_mono,7150__rhumphries__rbh_chain-link-fence-03,561043__nox_sound__foley_impact_metal_fence_mono,7150__rhumphries__rbh_chain-link-fence-03,561043__nox_sound__foley_impact_metal_fence_mono|7150__rhumphries__rbh_chain-link-fence-03,2,4,pink,77
C:\Users\Cengiz\Desktop\inosens-internship\dataset\synthetic_dataset\metal_bending\mixup_561043__nox_sound__foley_impact_metal_fence_mono_x_7150__rhumphries__rbh_chain-link-fence-03_snr4dB_pink_96_spectrogram.png,mixup_561043__nox_sound__foley_impact_metal_fence_mono_x_7150__rhumphries__rbh_chain-link-fence-03_snr4dB_pink_96_spectrogram.png,metal_bending,2,True,561043__nox_sound__foley_impact_metal_fence_mono,7150__rhumphries__rbh_chain-link-fence-03,561043__nox_sound__foley_impact_metal_fence_mono,7150__rhumphries__rbh_chain-link-fence-03,561043__nox_sound__foley_impact_metal_fence_mono|7150__rhumphries__rbh_chain-link-fence-03,2,4,pink,96
C:\Users\Cengiz\Desktop\inosens-internship\dataset\synthetic_dataset\metal_bending\mixup_561043__nox_sound__foley_impact_metal_fence_mono_x_7150__rhumphries__rbh_chain-link-fence-03_snr4dB_white_91_spectrogram.png,mixup_561043__nox_sound__foley_impact_metal_fence_mono_x_7150__rhumphries__rbh_chain-link-fence-03_snr4dB_white_91_spectrogram.png,metal_bending,2,True,561043__nox_sound__foley_impact_metal_fence_mono,7150__rhumphries__rbh_chain-link-fence-03,561043__nox_sound__foley_impact_metal_fence_mono,7150__rhumphries__rbh_chain-link-fence-03,561043__nox_sound__foley_impact_metal_fence_mono|7150__rhumphries__rbh_chain-link-fence-03,2,4,white,91
C:\Users\Cengiz\Desktop\inosens-internship\dataset\synthetic_dataset\metal_bending\mixup_561043__nox_sound__foley_impact_metal_fence_mono_x_7150__rhumphries__rbh_chain-link-fence-03_snr5dB_white_70_spectrogram.png,mixup_561043__nox_sound__foley_impact_metal_fence_mono_x_7150__rhumphries__rbh_chain-link-fence-03_snr5dB_white_70_spectrogram.png,metal_bending,2,True,561043__nox_sound__foley_impact_metal_fence_mono,7150__rhumphries__rbh_chain-link-fence-03,561043__nox_sound__foley_impact_metal_fence_mono,7150__rhumphries__rbh_chain-link-fence-03,561043__nox_sound__foley_impact_metal_fence_mono|7150__rhumphries__rbh_chain-link-fence-03,2,5,white,70
C:\Users\Cengiz\Desktop\inosens-internship\dataset\synthetic_dataset\metal_bending\mixup_561043__nox_sound__foley_impact_metal_fence_mono_x_7150__rhumphries__rbh_chain-link-fence-03_snr5dB_white_85_spectrogram.png,mixup_561043__nox_sound__foley_impact_metal_fence_mono_x_7150__rhumphries__rbh_chain-link-fence-03_snr5dB_white_85_spectrogram.png,metal_bending,2,True,561043__nox_sound__foley_impact_metal_fence_mono,7150__rhumphries__rbh_chain-link-fence-03,561043__nox_sound__foley_impact_metal_fence_mono,7150__rhumphries__rbh_chain-link-fence-03,561043__nox_sound__foley_impact_metal_fence_mono|7150__rhumphries__rbh_chain-link-fence-03,2,5,white,85
C:\Users\Cengiz\Desktop\inosens-internship\dataset\synthetic_dataset\metal_bending\mixup_561043__nox_sound__foley_impact_metal_fence_mono_x_7150__rhumphries__rbh_chain-link-fence-03_snr5dB_white_86_spectrogram.png,mixup_561043__nox_sound__foley_impact_metal_fence_mono_x_7150__rhumphries__rbh_chain-link-fence-03_snr5dB_white_86_spectrogram.png,metal_bending,2,True,561043__nox_sound__foley_impact_metal_fence_mono,7150__rhumphries__rbh_chain-link-fence-03,561043__nox_sound__foley_impact_metal_fence_mono,7150__rhumphries__rbh_chain-link-fence-03,561043__nox_sound__foley_impact_metal_fence_mono|7150__rhumphries__rbh_chain-link-fence-03,2,5,white,86
C:\Users\Cengiz\Desktop\inosens-internship\dataset\synthetic_dataset\metal_bending\mixup_561043__nox_sound__foley_impact_metal_fence_mono_x_7150__rhumphries__rbh_chain-link-fence-03_snr6dB_white_94_spectrogram.png,mixup_561043__nox_sound__foley_impact_metal_fence_mono_x_7150__rhumphries__rbh_chain-link-fence-03_snr6dB_white_94_spectrogram.png,metal_bending,2,True,561043__nox_sound__foley_impact_metal_fence_mono,7150__rhumphries__rbh_chain-link-fence-03,561043__nox_sound__foley_impact_metal_fence_mono,7150__rhumphries__rbh_chain-link-fence-03,561043__nox_sound__foley_impact_metal_fence_mono|7150__rhumphries__rbh_chain-link-fence-03,2,6,white,94
C:\Users\Cengiz\Desktop\inosens-internship\dataset\synthetic_dataset\metal_bending\mixup_561043__nox_sound__foley_impact_metal_fence_mono_x_7150__rhumphries__rbh_chain-link-fence-03_snr7dB_pink_46_spectrogram.png,mixup_561043__nox_sound__foley_impact_metal_fence_mono_x_7150__rhumphries__rbh_chain-link-fence-03_snr7dB_pink_46_spectrogram.png,metal_bending,2,True,561043__nox_sound__foley_impact_metal_fence_mono,7150__rhumphries__rbh_chain-link-fence-03,561043__nox_sound__foley_impact_metal_fence_mono,7150__rhumphries__rbh_chain-link-fence-03,561043__nox_sound__foley_impact_metal_fence_mono|7150__rhumphries__rbh_chain-link-fence-03,2,7,pink,46
C:\Users\Cengiz\Desktop\inosens-internship\dataset\synthetic_dataset\metal_bending\mixup_561043__nox_sound__foley_impact_metal_fence_mono_x_7150__rhumphries__rbh_chain-link-fence-03_snr8dB_white_48_spectrogram.png,mixup_561043__nox_sound__foley_impact_metal_fence_mono_x_7150__rhumphries__rbh_chain-link-fence-03_snr8dB_white_48_spectrogram.png,metal_bending,2,True,561043__nox_sound__foley_impact_metal_fence_mono,7150__rhumphries__rbh_chain-link-fence-03,561043__nox_sound__foley_impact_metal_fence_mono,7150__rhumphries__rbh_chain-link-fence-03,561043__nox_sound__foley_impact_metal_fence_mono|7150__rhumphries__rbh_chain-link-fence-03,2,8,white,48
C:\Users\Cengiz\Desktop\inosens-internship\dataset\synthetic_dataset\metal_bending\mixup_561043__nox_sound__foley_impact_metal_fence_mono_x_7150__rhumphries__rbh_chain-link-fence-03_snr9dB_white_1_spectrogram.png,mixup_561043__nox_sound__foley_impact_metal_fence_mono_x_7150__rhumphries__rbh_chain-link-fence-03_snr9dB_white_1_spectrogram.png,metal_bending,2,True,561043__nox_sound__foley_impact_metal_fence_mono,7150__rhumphries__rbh_chain-link-fence-03,561043__nox_sound__foley_impact_metal_fence_mono,7150__rhumphries__rbh_chain-link-fence-03,561043__nox_sound__foley_impact_metal_fence_mono|7150__rhumphries__rbh_chain-link-fence-03,2,9,white,1
C:\Users\Cengiz\Desktop\inosens-internship\dataset\synthetic_dataset\metal_bending\mixup_7148__rhumphries__rbh_chain-link-fence-01_x_7149__rhumphries__rbh_chain-link-fence-02_snr0dB_pink_25_spectrogram.png,mixup_7148__rhumphries__rbh_chain-link-fence-01_x_7149__rhumphries__rbh_chain-link-fence-02_snr0dB_pink_25_spectrogram.png,metal_bending,2,True,7148__rhumphries__rbh_chain-link-fence-01,7149__rhumphries__rbh_chain-link-fence-02,7148__rhumphries__rbh_chain-link-fence-01,7149__rhumphries__rbh_chain-link-fence-02,7148__rhumphries__rbh_chain-link-fence-01|7149__rhumphries__rbh_chain-link-fence-02,2,0,pink,25
C:\Users\Cengiz\Desktop\inosens-internship\dataset\synthetic_dataset\metal_bending\mixup_7148__rhumphries__rbh_chain-link-fence-01_x_7149__rhumphries__rbh_chain-link-fence-02_snr0dB_pink_28_spectrogram.png,mixup_7148__rhumphries__rbh_chain-link-fence-01_x_7149__rhumphries__rbh_chain-link-fence-02_snr0dB_pink_28_spectrogram.png,metal_bending,2,True,7148__rhumphries__rbh_chain-link-fence-01,7149__rhumphries__rbh_chain-link-fence-02,7148__rhumphries__rbh_chain-link-fence-01,7149__rhumphries__rbh_chain-link-fence-02,7148__rhumphries__rbh_chain-link-fence-01|7149__rhumphries__rbh_chain-link-fence-02,2,0,pink,28
C:\Users\Cengiz\Desktop\inosens-internship\dataset\synthetic_dataset\metal_bending\mixup_7148__rhumphries__rbh_chain-link-fence-01_x_7149__rhumphries__rbh_chain-link-fence-02_snr10dB_pink_37_spectrogram.png,mixup_7148__rhumphries__rbh_chain-link-fence-01_x_7149__rhumphries__rbh_chain-link-fence-02_snr10dB_pink_37_spectrogram.png,metal_bending,2,True,7148__rhumphries__rbh_chain-link-fence-01,7149__rhumphries__rbh_chain-link-fence-02,7148__rhumphries__rbh_chain-link-fence-01,7149__rhumphries__rbh_chain-link-fence-02,7148__rhumphries__rbh_chain-link-fence-01|7149__rhumphries__rbh_chain-link-fence-02,2,10,pink,37
C:\Users\Cengiz\Desktop\inosens-internship\dataset\synthetic_dataset\metal_bending\mixup_7148__rhumphries__rbh_chain-link-fence-01_x_7149__rhumphries__rbh_chain-link-fence-02_snr12dB_pink_21_spectrogram.png,mixup_7148__rhumphries__rbh_chain-link-fence-01_x_7149__rhumphries__rbh_chain-link-fence-02_snr12dB_pink_21_spectrogram.png,metal_bending,2,True,7148__rhumphries__rbh_chain-link-fence-01,7149__rhumphries__rbh_chain-link-fence-02,7148__rhumphries__rbh_chain-link-fence-01,7149__rhumphries__rbh_chain-link-fence-02,7148__rhumphries__rbh_chain-link-fence-01|7149__rhumphries__rbh_chain-link-fence-02,2,12,pink,21
C:\Users\Cengiz\Desktop\inosens-internship\dataset\synthetic_dataset\metal_bending\mixup_7148__rhumphries__rbh_chain-link-fence-01_x_7149__rhumphries__rbh_chain-link-fence-02_snr12dB_white_61_spectrogram.png,mixup_7148__rhumphries__rbh_chain-link-fence-01_x_7149__rhumphries__rbh_chain-link-fence-02_snr12dB_white_61_spectrogram.png,metal_bending,2,True,7148__rhumphries__rbh_chain-link-fence-01,7149__rhumphries__rbh_chain-link-fence-02,7148__rhumphries__rbh_chain-link-fence-01,7149__rhumphries__rbh_chain-link-fence-02,7148__rhumphries__rbh_chain-link-fence-01|7149__rhumphries__rbh_chain-link-fence-02,2,12,white,61
C:\Users\Cengiz\Desktop\inosens-internship\dataset\synthetic_dataset\metal_bending\mixup_7148__rhumphries__rbh_chain-link-fence-01_x_7149__rhumphries__rbh_chain-link-fence-02_snr12dB_white_9_spectrogram.png,mixup_7148__rhumphries__rbh_chain-link-fence-01_x_7149__rhumphries__rbh_chain-link-fence-02_snr12dB_white_9_spectrogram.png,metal_bending,2,True,7148__rhumphries__rbh_chain-link-fence-01,7149__rhumphries__rbh_chain-link-fence-02,7148__rhumphries__rbh_chain-link-fence-01,7149__rhumphries__rbh_chain-link-fence-02,7148__rhumphries__rbh_chain-link-fence-01|7149__rhumphries__rbh_chain-link-fence-02,2,12,white,9
C:\Users\Cengiz\Desktop\inosens-internship\dataset\synthetic_dataset\metal_bending\mixup_7148__rhumphries__rbh_chain-link-fence-01_x_7149__rhumphries__rbh_chain-link-fence-02_snr13dB_white_63_spectrogram.png,mixup_7148__rhumphries__rbh_chain-link-fence-01_x_7149__rhumphries__rbh_chain-link-fence-02_snr13dB_white_63_spectrogram.png,metal_bending,2,True,7148__rhumphries__rbh_chain-link-fence-01,7149__rhumphries__rbh_chain-link-fence-02,7148__rhumphries__rbh_chain-link-fence-01,7149__rhumphries__rbh_chain-link-fence-02,7148__rhumphries__rbh_chain-link-fence-01|7149__rhumphries__rbh_chain-link-fence-02,2,13,white,63
C:\Users\Cengiz\Desktop\inosens-internship\dataset\synthetic_dataset\metal_bending\mixup_7148__rhumphries__rbh_chain-link-fence-01_x_7149__rhumphries__rbh_chain-link-fence-02_snr14dB_pink_74_spectrogram.png,mixup_7148__rhumphries__rbh_chain-link-fence-01_x_7149__rhumphries__rbh_chain-link-fence-02_snr14dB_pink_74_spectrogram.png,metal_bending,2,True,7148__rhumphries__rbh_chain-link-fence-01,7149__rhumphries__rbh_chain-link-fence-02,7148__rhumphries__rbh_chain-link-fence-01,7149__rhumphries__rbh_chain-link-fence-02,7148__rhumphries__rbh_chain-link-fence-01|7149__rhumphries__rbh_chain-link-fence-02,2,14,pink,74
C:\Users\Cengiz\Desktop\inosens-internship\dataset\synthetic_dataset\metal_bending\mixup_7148__rhumphries__rbh_chain-link-fence-01_x_7149__rhumphries__rbh_chain-link-fence-02_snr1dB_pink_10_spectrogram.png,mixup_7148__rhumphries__rbh_chain-link-fence-01_x_7149__rhumphries__rbh_chain-link-fence-02_snr1dB_pink_10_spectrogram.png,metal_bending,2,True,7148__rhumphries__rbh_chain-link-fence-01,7149__rhumphries__rbh_chain-link-fence-02,7148__rhumphries__rbh_chain-link-fence-01,7149__rhumphries__rbh_chain-link-fence-02,7148__rhumphries__rbh_chain-link-fence-01|7149__rhumphries__rbh_chain-link-fence-02,2,1,pink,10
C:\Users\Cengiz\Desktop\inosens-internship\dataset\synthetic_dataset\metal_bending\mixup_7148__rhumphries__rbh_chain-link-fence-01_x_7149__rhumphries__rbh_chain-link-fence-02_snr1dB_white_54_spectrogram.png,mixup_7148__rhumphries__rbh_chain-link-fence-01_x_7149__rhumphries__rbh_chain-link-fence-02_snr1dB_white_54_spectrogram.png,metal_bending,2,True,7148__rhumphries__rbh_chain-link-fence-01,7149__rhumphries__rbh_chain-link-fence-02,7148__rhumphries__rbh_chain-link-fence-01,7149__rhumphries__rbh_chain-link-fence-02,7148__rhumphries__rbh_chain-link-fence-01|7149__rhumphries__rbh_chain-link-fence-02,2,1,white,54
C:\Users\Cengiz\Desktop\inosens-internship\dataset\synthetic_dataset\metal_bending\mixup_7148__rhumphries__rbh_chain-link-fence-01_x_7149__rhumphries__rbh_chain-link-fence-02_snr2dB_pink_83_spectrogram.png,mixup_7148__rhumphries__rbh_chain-link-fence-01_x_7149__rhumphries__rbh_chain-link-fence-02_snr2dB_pink_83_spectrogram.png,metal_bending,2,True,7148__rhumphries__rbh_chain-link-fence-01,7149__rhumphries__rbh_chain-link-fence-02,7148__rhumphries__rbh_chain-link-fence-01,7149__rhumphries__rbh_chain-link-fence-02,7148__rhumphries__rbh_chain-link-fence-01|7149__rhumphries__rbh_chain-link-fence-02,2,2,pink,83
C:\Users\Cengiz\Desktop\inosens-internship\dataset\synthetic_dataset\metal_bending\mixup_7148__rhumphries__rbh_chain-link-fence-01_x_7149__rhumphries__rbh_chain-link-fence-02_snr4dB_pink_50_spectrogram.png,mixup_7148__rhumphries__rbh_chain-link-fence-01_x_7149__rhumphries__rbh_chain-link-fence-02_snr4dB_pink_50_spectrogram.png,metal_bending,2,True,7148__rhumphries__rbh_chain-link-fence-01,7149__rhumphries__rbh_chain-link-fence-02,7148__rhumphries__rbh_chain-link-fence-01,7149__rhumphries__rbh_chain-link-fence-02,7148__rhumphries__rbh_chain-link-fence-01|7149__rhumphries__rbh_chain-link-fence-02,2,4,pink,50
C:\Users\Cengiz\Desktop\inosens-internship\dataset\synthetic_dataset\metal_bending\mixup_7148__rhumphries__rbh_chain-link-fence-01_x_7149__rhumphries__rbh_chain-link-fence-02_snr5dB_white_34_spectrogram.png,mixup_7148__rhumphries__rbh_chain-link-fence-01_x_7149__rhumphries__rbh_chain-link-fence-02_snr5dB_white_34_spectrogram.png,metal_bending,2,True,7148__rhumphries__rbh_chain-link-fence-01,7149__rhumphries__rbh_chain-link-fence-02,7148__rhumphries__rbh_chain-link-fence-01,7149__rhumphries__rbh_chain-link-fence-02,7148__rhumphries__rbh_chain-link-fence-01|7149__rhumphries__rbh_chain-link-fence-02,2,5,white,34
C:\Users\Cengiz\Desktop\inosens-internship\dataset\synthetic_dataset\metal_bending\mixup_7148__rhumphries__rbh_chain-link-fence-01_x_7149__rhumphries__rbh_chain-link-fence-02_snr6dB_white_27_spectrogram.png,mixup_7148__rhumphries__rbh_chain-link-fence-01_x_7149__rhumphries__rbh_chain-link-fence-02_snr6dB_white_27_spectrogram.png,metal_bending,2,True,7148__rhumphries__rbh_chain-link-fence-01,7149__rhumphries__rbh_chain-link-fence-02,7148__rhumphries__rbh_chain-link-fence-01,7149__rhumphries__rbh_chain-link-fence-02,7148__rhumphries__rbh_chain-link-fence-01|7149__rhumphries__rbh_chain-link-fence-02,2,6,white,27
C:\Users\Cengiz\Desktop\inosens-internship\dataset\synthetic_dataset\metal_bending\mixup_7148__rhumphries__rbh_chain-link-fence-01_x_7149__rhumphries__rbh_chain-link-fence-02_snr7dB_pink_32_spectrogram.png,mixup_7148__rhumphries__rbh_chain-link-fence-01_x_7149__rhumphries__rbh_chain-link-fence-02_snr7dB_pink_32_spectrogram.png,metal_bending,2,True,7148__rhumphries__rbh_chain-link-fence-01,7149__rhumphries__rbh_chain-link-fence-02,7148__rhumphries__rbh_chain-link-fence-01,7149__rhumphries__rbh_chain-link-fence-02,7148__rhumphries__rbh_chain-link-fence-01|7149__rhumphries__rbh_chain-link-fence-02,2,7,pink,32
C:\Users\Cengiz\Desktop\inosens-internship\dataset\synthetic_dataset\metal_bending\mixup_7148__rhumphries__rbh_chain-link-fence-01_x_7150__rhumphries__rbh_chain-link-fence-03_snr10dB_white_78_spectrogram.png,mixup_7148__rhumphries__rbh_chain-link-fence-01_x_7150__rhumphries__rbh_chain-link-fence-03_snr10dB_white_78_spectrogram.png,metal_bending,2,True,7148__rhumphries__rbh_chain-link-fence-01,7150__rhumphries__rbh_chain-link-fence-03,7148__rhumphries__rbh_chain-link-fence-01,7150__rhumphries__rbh_chain-link-fence-03,7148__rhumphries__rbh_chain-link-fence-01|7150__rhumphries__rbh_chain-link-fence-03,2,10,white,78
C:\Users\Cengiz\Desktop\inosens-internship\dataset\synthetic_dataset\metal_bending\mixup_7148__rhumphries__rbh_chain-link-fence-01_x_7150__rhumphries__rbh_chain-link-fence-03_snr11dB_white_19_spectrogram.png,mixup_7148__rhumphries__rbh_chain-link-fence-01_x_7150__rhumphries__rbh_chain-link-fence-03_snr11dB_white_19_spectrogram.png,metal_bending,2,True,7148__rhumphries__rbh_chain-link-fence-01,7150__rhumphries__rbh_chain-link-fence-03,7148__rhumphries__rbh_chain-link-fence-01,7150__rhumphries__rbh_chain-link-fence-03,7148__rhumphries__rbh_chain-link-fence-01|7150__rhumphries__rbh_chain-link-fence-03,2,11,white,19
C:\Users\Cengiz\Desktop\inosens-internship\dataset\synthetic_dataset\metal_bending\mixup_7148__rhumphries__rbh_chain-link-fence-01_x_7150__rhumphries__rbh_chain-link-fence-03_snr11dB_white_89_spectrogram.png,mixup_7148__rhumphries__rbh_chain-link-fence-01_x_7150__rhumphries__rbh_chain-link-fence-03_snr11dB_white_89_spectrogram.png,metal_bending,2,True,7148__rhumphries__rbh_chain-link-fence-01,7150__rhumphries__rbh_chain-link-fence-03,7148__rhumphries__rbh_chain-link-fence-01,7150__rhumphries__rbh_chain-link-fence-03,7148__rhumphries__rbh_chain-link-fence-01|7150__rhumphries__rbh_chain-link-fence-03,2,11,white,89
C:\Users\Cengiz\Desktop\inosens-internship\dataset\synthetic_dataset\metal_bending\mixup_7148__rhumphries__rbh_chain-link-fence-01_x_7150__rhumphries__rbh_chain-link-fence-03_snr12dB_pink_35_spectrogram.png,mixup_7148__rhumphries__rbh_chain-link-fence-01_x_7150__rhumphries__rbh_chain-link-fence-03_snr12dB_pink_35_spectrogram.png,metal_bending,2,True,7148__rhumphries__rbh_chain-link-fence-01,7150__rhumphries__rbh_chain-link-fence-03,7148__rhumphries__rbh_chain-link-fence-01,7150__rhumphries__rbh_chain-link-fence-03,7148__rhumphries__rbh_chain-link-fence-01|7150__rhumphries__rbh_chain-link-fence-03,2,12,pink,35
C:\Users\Cengiz\Desktop\inosens-internship\dataset\synthetic_dataset\metal_bending\mixup_7148__rhumphries__rbh_chain-link-fence-01_x_7150__rhumphries__rbh_chain-link-fence-03_snr13dB_pink_43_spectrogram.png,mixup_7148__rhumphries__rbh_chain-link-fence-01_x_7150__rhumphries__rbh_chain-link-fence-03_snr13dB_pink_43_spectrogram.png,metal_bending,2,True,7148__rhumphries__rbh_chain-link-fence-01,7150__rhumphries__rbh_chain-link-fence-03,7148__rhumphries__rbh_chain-link-fence-01,7150__rhumphries__rbh_chain-link-fence-03,7148__rhumphries__rbh_chain-link-fence-01|7150__rhumphries__rbh_chain-link-fence-03,2,13,pink,43
C:\Users\Cengiz\Desktop\inosens-internship\dataset\synthetic_dataset\metal_bending\mixup_7148__rhumphries__rbh_chain-link-fence-01_x_7150__rhumphries__rbh_chain-link-fence-03_snr13dB_pink_51_spectrogram.png,mixup_7148__rhumphries__rbh_chain-link-fence-01_x_7150__rhumphries__rbh_chain-link-fence-03_snr13dB_pink_51_spectrogram.png,metal_bending,2,True,7148__rhumphries__rbh_chain-link-fence-01,7150__rhumphries__rbh_chain-link-fence-03,7148__rhumphries__rbh_chain-link-fence-01,7150__rhumphries__rbh_chain-link-fence-03,7148__rhumphries__rbh_chain-link-fence-01|7150__rhumphries__rbh_chain-link-fence-03,2,13,pink,51
C:\Users\Cengiz\Desktop\inosens-internship\dataset\synthetic_dataset\metal_bending\mixup_7148__rhumphries__rbh_chain-link-fence-01_x_7150__rhumphries__rbh_chain-link-fence-03_snr14dB_white_66_spectrogram.png,mixup_7148__rhumphries__rbh_chain-link-fence-01_x_7150__rhumphries__rbh_chain-link-fence-03_snr14dB_white_66_spectrogram.png,metal_bending,2,True,7148__rhumphries__rbh_chain-link-fence-01,7150__rhumphries__rbh_chain-link-fence-03,7148__rhumphries__rbh_chain-link-fence-01,7150__rhumphries__rbh_chain-link-fence-03,7148__rhumphries__rbh_chain-link-fence-01|7150__rhumphries__rbh_chain-link-fence-03,2,14,white,66
C:\Users\Cengiz\Desktop\inosens-internship\dataset\synthetic_dataset\metal_bending\mixup_7148__rhumphries__rbh_chain-link-fence-01_x_7150__rhumphries__rbh_chain-link-fence-03_snr15dB_pink_12_spectrogram.png,mixup_7148__rhumphries__rbh_chain-link-fence-01_x_7150__rhumphries__rbh_chain-link-fence-03_snr15dB_pink_12_spectrogram.png,metal_bending,2,True,7148__rhumphries__rbh_chain-link-fence-01,7150__rhumphries__rbh_chain-link-fence-03,7148__rhumphries__rbh_chain-link-fence-01,7150__rhumphries__rbh_chain-link-fence-03,7148__rhumphries__rbh_chain-link-fence-01|7150__rhumphries__rbh_chain-link-fence-03,2,15,pink,12
C:\Users\Cengiz\Desktop\inosens-internship\dataset\synthetic_dataset\metal_bending\mixup_7148__rhumphries__rbh_chain-link-fence-01_x_7150__rhumphries__rbh_chain-link-fence-03_snr15dB_pink_36_spectrogram.png,mixup_7148__rhumphries__rbh_chain-link-fence-01_x_7150__rhumphries__rbh_chain-link-fence-03_snr15dB_pink_36_spectrogram.png,metal_bending,2,True,7148__rhumphries__rbh_chain-link-fence-01,7150__rhumphries__rbh_chain-link-fence-03,7148__rhumphries__rbh_chain-link-fence-01,7150__rhumphries__rbh_chain-link-fence-03,7148__rhumphries__rbh_chain-link-fence-01|7150__rhumphries__rbh_chain-link-fence-03,2,15,pink,36
C:\Users\Cengiz\Desktop\inosens-internship\dataset\synthetic_dataset\metal_bending\mixup_7148__rhumphries__rbh_chain-link-fence-01_x_7150__rhumphries__rbh_chain-link-fence-03_snr2dB_pink_0_spectrogram.png,mixup_7148__rhumphries__rbh_chain-link-fence-01_x_7150__rhumphries__rbh_chain-link-fence-03_snr2dB_pink_0_spectrogram.png,metal_bending,2,True,7148__rhumphries__rbh_chain-link-fence-01,7150__rhumphries__rbh_chain-link-fence-03,7148__rhumphries__rbh_chain-link-fence-01,7150__rhumphries__rbh_chain-link-fence-03,7148__rhumphries__rbh_chain-link-fence-01|7150__rhumphries__rbh_chain-link-fence-03,2,2,pink,0
C:\Users\Cengiz\Desktop\inosens-internship\dataset\synthetic_dataset\metal_bending\mixup_7148__rhumphries__rbh_chain-link-fence-01_x_7150__rhumphries__rbh_chain-link-fence-03_snr2dB_pink_23_spectrogram.png,mixup_7148__rhumphries__rbh_chain-link-fence-01_x_7150__rhumphries__rbh_chain-link-fence-03_snr2dB_pink_23_spectrogram.png,metal_bending,2,True,7148__rhumphries__rbh_chain-link-fence-01,7150__rhumphries__rbh_chain-link-fence-03,7148__rhumphries__rbh_chain-link-fence-01,7150__rhumphries__rbh_chain-link-fence-03,7148__rhumphries__rbh_chain-link-fence-01|7150__rhumphries__rbh_chain-link-fence-03,2,2,pink,23
C:\Users\Cengiz\Desktop\inosens-internship\dataset\synthetic_dataset\metal_bending\mixup_7148__rhumphries__rbh_chain-link-fence-01_x_7150__rhumphries__rbh_chain-link-fence-03_snr3dB_pink_64_spectrogram.png,mixup_7148__rhumphries__rbh_chain-link-fence-01_x_7150__rhumphries__rbh_chain-link-fence-03_snr3dB_pink_64_spectrogram.png,metal_bending,2,True,7148__rhumphries__rbh_chain-link-fence-01,7150__rhumphries__rbh_chain-link-fence-03,7148__rhumphries__rbh_chain-link-fence-01,7150__rhumphries__rbh_chain-link-fence-03,7148__rhumphries__rbh_chain-link-fence-01|7150__rhumphries__rbh_chain-link-fence-03,2,3,pink,64
C:\Users\Cengiz\Desktop\inosens-internship\dataset\synthetic_dataset\metal_bending\mixup_7148__rhumphries__rbh_chain-link-fence-01_x_7150__rhumphries__rbh_chain-link-fence-03_snr4dB_white_22_spectrogram.png,mixup_7148__rhumphries__rbh_chain-link-fence-01_x_7150__rhumphries__rbh_chain-link-fence-03_snr4dB_white_22_spectrogram.png,metal_bending,2,True,7148__rhumphries__rbh_chain-link-fence-01,7150__rhumphries__rbh_chain-link-fence-03,7148__rhumphries__rbh_chain-link-fence-01,7150__rhumphries__rbh_chain-link-fence-03,7148__rhumphries__rbh_chain-link-fence-01|7150__rhumphries__rbh_chain-link-fence-03,2,4,white,22
C:\Users\Cengiz\Desktop\inosens-internship\dataset\synthetic_dataset\metal_bending\mixup_7148__rhumphries__rbh_chain-link-fence-01_x_7150__rhumphries__rbh_chain-link-fence-03_snr5dB_pink_99_spectrogram.png,mixup_7148__rhumphries__rbh_chain-link-fence-01_x_7150__rhumphries__rbh_chain-link-fence-03_snr5dB_pink_99_spectrogram.png,metal_bending,2,True,7148__rhumphries__rbh_chain-link-fence-01,7150__rhumphries__rbh_chain-link-fence-03,7148__rhumphries__rbh_chain-link-fence-01,7150__rhumphries__rbh_chain-link-fence-03,7148__rhumphries__rbh_chain-link-fence-01|7150__rhumphries__rbh_chain-link-fence-03,2,5,pink,99
C:\Users\Cengiz\Desktop\inosens-internship\dataset\synthetic_dataset\metal_bending\mixup_7148__rhumphries__rbh_chain-link-fence-01_x_7150__rhumphries__rbh_chain-link-fence-03_snr5dB_white_30_spectrogram.png,mixup_7148__rhumphries__rbh_chain-link-fence-01_x_7150__rhumphries__rbh_chain-link-fence-03_snr5dB_white_30_spectrogram.png,metal_bending,2,True,7148__rhumphries__rbh_chain-link-fence-01,7150__rhumphries__rbh_chain-link-fence-03,7148__rhumphries__rbh_chain-link-fence-01,7150__rhumphries__rbh_chain-link-fence-03,7148__rhumphries__rbh_chain-link-fence-01|7150__rhumphries__rbh_chain-link-fence-03,2,5,white,30
C:\Users\Cengiz\Desktop\inosens-internship\dataset\synthetic_dataset\metal_bending\mixup_7148__rhumphries__rbh_chain-link-fence-01_x_7150__rhumphries__rbh_chain-link-fence-03_snr7dB_white_81_spectrogram.png,mixup_7148__rhumphries__rbh_chain-link-fence-01_x_7150__rhumphries__rbh_chain-link-fence-03_snr7dB_white_81_spectrogram.png,metal_bending,2,True,7148__rhumphries__rbh_chain-link-fence-01,7150__rhumphries__rbh_chain-link-fence-03,7148__rhumphries__rbh_chain-link-fence-01,7150__rhumphries__rbh_chain-link-fence-03,7148__rhumphries__rbh_chain-link-fence-01|7150__rhumphries__rbh_chain-link-fence-03,2,7,white,81
C:\Users\Cengiz\Desktop\inosens-internship\dataset\synthetic_dataset\metal_bending\mixup_7148__rhumphries__rbh_chain-link-fence-01_x_7150__rhumphries__rbh_chain-link-fence-03_snr7dB_white_90_spectrogram.png,mixup_7148__rhumphries__rbh_chain-link-fence-01_x_7150__rhumphries__rbh_chain-link-fence-03_snr7dB_white_90_spectrogram.png,metal_bending,2,True,7148__rhumphries__rbh_chain-link-fence-01,7150__rhumphries__rbh_chain-link-fence-03,7148__rhumphries__rbh_chain-link-fence-01,7150__rhumphries__rbh_chain-link-fence-03,7148__rhumphries__rbh_chain-link-fence-01|7150__rhumphries__rbh_chain-link-fence-03,2,7,white,90
C:\Users\Cengiz\Desktop\inosens-internship\dataset\synthetic_dataset\metal_bending\mixup_7148__rhumphries__rbh_chain-link-fence-01_x_7150__rhumphries__rbh_chain-link-fence-03_snr8dB_pink_73_spectrogram.png,mixup_7148__rhumphries__rbh_chain-link-fence-01_x_7150__rhumphries__rbh_chain-link-fence-03_snr8dB_pink_73_spectrogram.png,metal_bending,2,True,7148__rhumphries__rbh_chain-link-fence-01,7150__rhumphries__rbh_chain-link-fence-03,7148__rhumphries__rbh_chain-link-fence-01,7150__rhumphries__rbh_chain-link-fence-03,7148__rhumphries__rbh_chain-link-fence-01|7150__rhumphries__rbh_chain-link-fence-03,2,8,pink,73
C:\Users\Cengiz\Desktop\inosens-internship\dataset\synthetic_dataset\metal_bending\mixup_7148__rhumphries__rbh_chain-link-fence-01_x_7150__rhumphries__rbh_chain-link-fence-03_snr9dB_white_75_spectrogram.png,mixup_7148__rhumphries__rbh_chain-link-fence-01_x_7150__rhumphries__rbh_chain-link-fence-03_snr9dB_white_75_spectrogram.png,metal_bending,2,True,7148__rhumphries__rbh_chain-link-fence-01,7150__rhumphries__rbh_chain-link-fence-03,7148__rhumphries__rbh_chain-link-fence-01,7150__rhumphries__rbh_chain-link-fence-03,7148__rhumphries__rbh_chain-link-fence-01|7150__rhumphries__rbh_chain-link-fence-03,2,9,white,75
C:\Users\Cengiz\Desktop\inosens-internship\dataset\synthetic_dataset\metal_bending\mixup_7149__rhumphries__rbh_chain-link-fence-02_x_7150__rhumphries__rbh_chain-link-fence-03_snr11dB_white_60_spectrogram.png,mixup_7149__rhumphries__rbh_chain-link-fence-02_x_7150__rhumphries__rbh_chain-link-fence-03_snr11dB_white_60_spectrogram.png,metal_bending,2,True,7149__rhumphries__rbh_chain-link-fence-02,7150__rhumphries__rbh_chain-link-fence-03,7149__rhumphries__rbh_chain-link-fence-02,7150__rhumphries__rbh_chain-link-fence-03,7149__rhumphries__rbh_chain-link-fence-02|7150__rhumphries__rbh_chain-link-fence-03,2,11,white,60
C:\Users\Cengiz\Desktop\inosens-internship\dataset\synthetic_dataset\metal_bending\mixup_7149__rhumphries__rbh_chain-link-fence-02_x_7150__rhumphries__rbh_chain-link-fence-03_snr12dB_pink_45_spectrogram.png,mixup_7149__rhumphries__rbh_chain-link-fence-02_x_7150__rhumphries__rbh_chain-link-fence-03_snr12dB_pink_45_spectrogram.png,metal_bending,2,True,7149__rhumphries__rbh_chain-link-fence-02,7150__rhumphries__rbh_chain-link-fence-03,7149__rhumphries__rbh_chain-link-fence-02,7150__rhumphries__rbh_chain-link-fence-03,7149__rhumphries__rbh_chain-link-fence-02|7150__rhumphries__rbh_chain-link-fence-03,2,12,pink,45
C:\Users\Cengiz\Desktop\inosens-internship\dataset\synthetic_dataset\metal_bending\mixup_7149__rhumphries__rbh_chain-link-fence-02_x_7150__rhumphries__rbh_chain-link-fence-03_snr15dB_white_68_spectrogram.png,mixup_7149__rhumphries__rbh_chain-link-fence-02_x_7150__rhumphries__rbh_chain-link-fence-03_snr15dB_white_68_spectrogram.png,metal_bending,2,True,7149__rhumphries__rbh_chain-link-fence-02,7150__rhumphries__rbh_chain-link-fence-03,7149__rhumphries__rbh_chain-link-fence-02,7150__rhumphries__rbh_chain-link-fence-03,7149__rhumphries__rbh_chain-link-fence-02|7150__rhumphries__rbh_chain-link-fence-03,2,15,white,68
C:\Users\Cengiz\Desktop\inosens-internship\dataset\synthetic_dataset\metal_bending\mixup_7149__rhumphries__rbh_chain-link-fence-02_x_7150__rhumphries__rbh_chain-link-fence-03_snr15dB_white_71_spectrogram.png,mixup_7149__rhumphries__rbh_chain-link-fence-02_x_7150__rhumphries__rbh_chain-link-fence-03_snr15dB_white_71_spectrogram.png,metal_bending,2,True,7149__rhumphries__rbh_chain-link-fence-02,7150__rhumphries__rbh_chain-link-fence-03,7149__rhumphries__rbh_chain-link-fence-02,7150__rhumphries__rbh_chain-link-fence-03,7149__rhumphries__rbh_chain-link-fence-02|7150__rhumphries__rbh_chain-link-fence-03,2,15,white,71
C:\Users\Cengiz\Desktop\inosens-internship\dataset\synthetic_dataset\metal_bending\mixup_7149__rhumphries__rbh_chain-link-fence-02_x_7150__rhumphries__rbh_chain-link-fence-03_snr2dB_pink_87_spectrogram.png,mixup_7149__rhumphries__rbh_chain-link-fence-02_x_7150__rhumphries__rbh_chain-link-fence-03_snr2dB_pink_87_spectrogram.png,metal_bending,2,True,7149__rhumphries__rbh_chain-link-fence-02,7150__rhumphries__rbh_chain-link-fence-03,7149__rhumphries__rbh_chain-link-fence-02,7150__rhumphries__rbh_chain-link-fence-03,7149__rhumphries__rbh_chain-link-fence-02|7150__rhumphries__rbh_chain-link-fence-03,2,2,pink,87
C:\Users\Cengiz\Desktop\inosens-internship\dataset\synthetic_dataset\metal_bending\mixup_7149__rhumphries__rbh_chain-link-fence-02_x_7150__rhumphries__rbh_chain-link-fence-03_snr4dB_pink_8_spectrogram.png,mixup_7149__rhumphries__rbh_chain-link-fence-02_x_7150__rhumphries__rbh_chain-link-fence-03_snr4dB_pink_8_spectrogram.png,metal_bending,2,True,7149__rhumphries__rbh_chain-link-fence-02,7150__rhumphries__rbh_chain-link-fence-03,7149__rhumphries__rbh_chain-link-fence-02,7150__rhumphries__rbh_chain-link-fence-03,7149__rhumphries__rbh_chain-link-fence-02|7150__rhumphries__rbh_chain-link-fence-03,2,4,pink,8
C:\Users\Cengiz\Desktop\inosens-internship\dataset\synthetic_dataset\metal_bending\mixup_7149__rhumphries__rbh_chain-link-fence-02_x_7150__rhumphries__rbh_chain-link-fence-03_snr4dB_white_38_spectrogram.png,mixup_7149__rhumphries__rbh_chain-link-fence-02_x_7150__rhumphries__rbh_chain-link-fence-03_snr4dB_white_38_spectrogram.png,metal_bending,2,True,7149__rhumphries__rbh_chain-link-fence-02,7150__rhumphries__rbh_chain-link-fence-03,7149__rhumphries__rbh_chain-link-fence-02,7150__rhumphries__rbh_chain-link-fence-03,7149__rhumphries__rbh_chain-link-fence-02|7150__rhumphries__rbh_chain-link-fence-03,2,4,white,38
C:\Users\Cengiz\Desktop\inosens-internship\dataset\synthetic_dataset\metal_bending\mixup_7149__rhumphries__rbh_chain-link-fence-02_x_7150__rhumphries__rbh_chain-link-fence-03_snr5dB_pink_53_spectrogram.png,mixup_7149__rhumphries__rbh_chain-link-fence-02_x_7150__rhumphries__rbh_chain-link-fence-03_snr5dB_pink_53_spectrogram.png,metal_bending,2,True,7149__rhumphries__rbh_chain-link-fence-02,7150__rhumphries__rbh_chain-link-fence-03,7149__rhumphries__rbh_chain-link-fence-02,7150__rhumphries__rbh_chain-link-fence-03,7149__rhumphries__rbh_chain-link-fence-02|7150__rhumphries__rbh_chain-link-fence-03,2,5,pink,53
C:\Users\Cengiz\Desktop\inosens-internship\dataset\synthetic_dataset\metal_bending\mixup_7149__rhumphries__rbh_chain-link-fence-02_x_7150__rhumphries__rbh_chain-link-fence-03_snr5dB_white_49_spectrogram.png,mixup_7149__rhumphries__rbh_chain-link-fence-02_x_7150__rhumphries__rbh_chain-link-fence-03_snr5dB_white_49_spectrogram.png,metal_bending,2,True,7149__rhumphries__rbh_chain-link-fence-02,7150__rhumphries__rbh_chain-link-fence-03,7149__rhumphries__rbh_chain-link-fence-02,7150__rhumphries__rbh_chain-link-fence-03,7149__rhumphries__rbh_chain-link-fence-02|7150__rhumphries__rbh_chain-link-fence-03,2,5,white,49
C:\Users\Cengiz\Desktop\inosens-internship\dataset\synthetic_dataset\metal_bending\mixup_7149__rhumphries__rbh_chain-link-fence-02_x_7150__rhumphries__rbh_chain-link-fence-03_snr6dB_pink_69_spectrogram.png,mixup_7149__rhumphries__rbh_chain-link-fence-02_x_7150__rhumphries__rbh_chain-link-fence-03_snr6dB_pink_69_spectrogram.png,metal_bending,2,True,7149__rhumphries__rbh_chain-link-fence-02,7150__rhumphries__rbh_chain-link-fence-03,7149__rhumphries__rbh_chain-link-fence-02,7150__rhumphries__rbh_chain-link-fence-03,7149__rhumphries__rbh_chain-link-fence-02|7150__rhumphries__rbh_chain-link-fence-03,2,6,pink,69
C:\Users\Cengiz\Desktop\inosens-internship\dataset\synthetic_dataset\metal_bending\mixup_7149__rhumphries__rbh_chain-link-fence-02_x_7150__rhumphries__rbh_chain-link-fence-03_snr7dB_pink_56_spectrogram.png,mixup_7149__rhumphries__rbh_chain-link-fence-02_x_7150__rhumphries__rbh_chain-link-fence-03_snr7dB_pink_56_spectrogram.png,metal_bending,2,True,7149__rhumphries__rbh_chain-link-fence-02,7150__rhumphries__rbh_chain-link-fence-03,7149__rhumphries__rbh_chain-link-fence-02,7150__rhumphries__rbh_chain-link-fence-03,7149__rhumphries__rbh_chain-link-fence-02|7150__rhumphries__rbh_chain-link-fence-03,2,7,pink,56
C:\Users\Cengiz\Desktop\inosens-internship\dataset\synthetic_dataset\metal_bending\mixup_7149__rhumphries__rbh_chain-link-fence-02_x_7150__rhumphries__rbh_chain-link-fence-03_snr7dB_white_17_spectrogram.png,mixup_7149__rhumphries__rbh_chain-link-fence-02_x_7150__rhumphries__rbh_chain-link-fence-03_snr7dB_white_17_spectrogram.png,metal_bending,2,True,7149__rhumphries__rbh_chain-link-fence-02,7150__rhumphries__rbh_chain-link-fence-03,7149__rhumphries__rbh_chain-link-fence-02,7150__rhumphries__rbh_chain-link-fence-03,7149__rhumphries__rbh_chain-link-fence-02|7150__rhumphries__rbh_chain-link-fence-03,2,7,white,17
C:\Users\Cengiz\Desktop\inosens-internship\dataset\synthetic_dataset\metal_bending\mixup_7149__rhumphries__rbh_chain-link-fence-02_x_7150__rhumphries__rbh_chain-link-fence-03_snr9dB_pink_29_spectrogram.png,mixup_7149__rhumphries__rbh_chain-link-fence-02_x_7150__rhumphries__rbh_chain-link-fence-03_snr9dB_pink_29_spectrogram.png,metal_bending,2,True,7149__rhumphries__rbh_chain-link-fence-02,7150__rhumphries__rbh_chain-link-fence-03,7149__rhumphries__rbh_chain-link-fence-02,7150__rhumphries__rbh_chain-link-fence-03,7149__rhumphries__rbh_chain-link-fence-02|7150__rhumphries__rbh_chain-link-fence-03,2,9,pink,29
C:\Users\Cengiz\Desktop\inosens-internship\dataset\synthetic_dataset\metal_bending\mixup_7149__rhumphries__rbh_chain-link-fence-02_x_7150__rhumphries__rbh_chain-link-fence-03_snr9dB_white_13_spectrogram.png,mixup_7149__rhumphries__rbh_chain-link-fence-02_x_7150__rhumphries__rbh_chain-link-fence-03_snr9dB_white_13_spectrogram.png,metal_bending,2,True,7149__rhumphries__rbh_chain-link-fence-02,7150__rhumphries__rbh_chain-link-fence-03,7149__rhumphries__rbh_chain-link-fence-02,7150__rhumphries__rbh_chain-link-fence-03,7149__rhumphries__rbh_chain-link-fence-02|7150__rhumphries__rbh_chain-link-fence-03,2,9,white,13
